10303
11803
15750
16220
16844
18292
16705
18048
19552
18797
16085
15973
17282
14989
15211
14561
11988
12127
12002
10148
8109
7454
7347
9496
10612
8073
8892
10446
11491
12469
13875
12212
12680
13363
15554
13291
13950
10995
10586
9265
7081
6955
6392
5847
3663
5082
5599
6062
8987
9160
8478
8546
9115
9359
9236
10931
10601
9600
9141
9748
11947
10738
10083
8961
7422
7401
6913
6757
6840
6707
7308
8503
9911
11095
11233
11051
11459
10355
9960
10490
11895
11727
10988
10557
9900
8851
9588
9022
10340
10060
10765
10700
10012
11172
11278
10022
8117
6022
6454
8616
8012
6550
5393
6548
7108
6472
4803
6294
6853
6339
5757
6385
7837
5172
6776
5421
5734
8349
9048
7839
8839
9906
10378
8499
6004
6977
9726
9124
7104
7349
4569
5130
5247
4652
4943
6543
7395
6487
6911
7609
4104
5968
6616
5001
4236
5587
7079
4915
6563
4649
4570
7118
6045
6825
5346
5543
5203
3877
4114
4027
3850
4114
3328
4795
6581
8684
11003
10809
10415
12550
13697
11676
13298
12450
10394
8565
7341
5425
4759
4869
6039
4948
6950
7048
5813
6925
6619
4399
5300
5662
7820
7314
4813
6234
6695
4731
4975
4621
1710
2189
2073
1951
1509
2173
2791
3166
5903
6444
6915
7193
6497
6341
6346
8058
5597
4484
4626
3809
7415
8500
7480
8247
6688
7107
12494
14739
15353
19973
19156
17846
15746
15410
16495
21714
21534
20425
16269
13665
15315
13369
10242
6146
9105
10348
10656
7551
8658
7075
7651
9736
11162
13799
14065
12585
14529
16183
-589
-1781
-3798
-3044
-2811
-3026
-3144
-4739
-6141
-7100
-7090
-7799
-7998
-6110
-5680
-5072
-4945
-6422
-6287
-6970
-5572
-5370
-7663
-7920
-9759
-7956
-7180
-8247
-7359
-8095
-9481
-10012
-11696
-9997
-9962
-9137
-10631
-11036
-11346
-12655
-11015
-13387
-11944
-13527
-14617
-14000
-15355
-14267
-14177
-14611
-14256
-15582
-17166
-17783
-17491
-19068
-19969
-19133
-20296
-19345
-19062
-18586
-17780
-17184
-16654
-18474
-17761
-17897
-16957
-16147
-18688
-18425
-19342
-19494
-18033
-20609
-21711
-20057
-18002
-19417
-21095
-21102
-19089
-16450
-14250
-13558
-16446
-16027
-14191
-13767
-15013
-17292
-18574
-16677
-17167
-19718
-21783
-23128
-20192
-20437
-23015
-23246
-23567
-24719
-23505
-24720
-23465
-23876
-23835
-24303
-21826
-19454
-18233
-14894
-14616
-14430
-14366
-17632
-16606
-15027
-13859
-16587
-18353
-16535
-17996
-17737
-15993
-12174
-21557
-21038
-18882
-18466
-17267
-15758
-15700
-17368
-18324
-18999
-21632
-22214
-22782
-21954
-22406
-23996
-24174
-25316
-24261
-23661
-23345
-23428
-23984
-25367
-23240
-22651
-21340
-22288
-23016
-24214
-23046
-20002
-19581
-21304
-21377
-22205
-21429
-24819
-25998
-25488
-27050
-27193
-25199
-25132
-25061
-23726
-21042
-22441
-23316
-24207
-23779
-21963
-19628
-21845
-23762
-21813
-22086
-24969
-26511
-26227
-26551
-27768
-27340
-29225
-28403
-29393
-28973
-30672
-29752
-29135
-29149
-30119
-30535
-30030
-29130
-27435
-29053
-30828
-32177
29082
30029
32101
32627
-29168
-29481
-29529
-28017
-27948
-30812
-32342
-32363
-32402
32761
32746
-32228
-32692
-31957
-29640
-28988
-27644
-26935
-26592
-27954
-30203
32614
-31419
-32740
32339
31123
27329
29527
28364
26859
27510
28951
27347
28655
29911
27450
25153
25375
26669
26443
26088
25731
25077
25596
27716
27210
27268
27377
28479
28019
27949
26562
27867
29556
29260
30043
30176
28724
31742
-31789
-29574
-29812
-28040
-28330
-27074
-25103
-23917
-23730
-26927
-27176
-27944
-26218
-25624
-27233
-26591
-27107
-26341
-24809
-25768
-23717
-22430
-23702
-24442
-23674
-21965
-20650
-23890
-25300
-26321
-27716
-24767
-26495
-26953
-25243
-25167
-24482
-24196
-24987
-24946
-24111
-23977
-23541
-21899
-21393
-20075
-18393
-17970
-18735
-17214
-18886
-18228
-19045
-20869
-21062
-19597
-17256
-18105
-18534
-18324
-16938
-15736
-16022
-15849
-14341
-14899
-14737
-12293
-11498
-11178
-10943
-12547
-11036
-8360
-5199
-3487
-2925
-3153
-6185
-3963
-2411
-1671
-1107
1680
367
-1465
224
-683
134
330
1021
2980
3239
2194
1353
1170
-200
-714
76
-716
-3477
-3909
-1391
-2198
-4682
-2750
-2877
-4414
-3536
-7290
-9361
-8570
-9428
-11717
-9455
-10074
-10003
-10171
-10080
-8072
-9496
-9277
-6608
-6997
-7406
-8336
-8262
-5964
-8009
-8859
-8500
-9773
-9417
-9940
-10605
-9725
-10863
-11934
-12968
-13520
-13776
-13797
-14054
-13715
-14841
-14387
-15164
-18736
-18989
-17657
-18723
-17409
-18521
-16851
-15727
-17768
-17185
-16469
-15731
-15909
-14014
-15125
-15662
-18983
-18866
-17812
-16274
-16152
-18572
-17440
-16093
-16870
-16394
-16614
-18410
-17922
-19023
-17608
-18886
-18228
-19045
-20869
-21062
-19597
-17256
-18105
-18534
-18324
-16938
-15736
-16022
-15849
-14341
-14899
-14737
-12293
-11498
-11178
-10943
-12547
-11036
-8360
-5199
-3487
-2925
-3153
-6185
-3963
-2411
-1671
-1107
1680
367
-1465
224
-683
134
330
1021
2980
3239
2194
1353
1170
-200
-714
76
-716
-3477
-3909
-1391
-2198
-4682
-2750
-2877
-4414
-3536
-7290
-9361
-8570
-9428
-11717
-27230
-25655
-28732
-31672
32525
29773
23357
22447
19558
16213
14485
16464
17083
14581
9966
10435
10605
8230
8157
10090
12908
14610
17289
21255
28427
30395
30437
30073
32014
31183
27610
27010
25693
27999
27823
30133
30170
31710
30300
29985
28999
31243
-29912
-23345
-23408
-19008
-16226
-17520
-18104
-15292
-10524
-8506
-10074
-11245
-9442
-3568
-4087
-9035
-7964
-1097
5264
7788
8111
4841
1709
6594
8947
7598
-161
-1404
-1402
-2319
7502
5162
1257
4265
3769
4360
9266
8946
1872
1259
4930
799
-6491
-4082
-7123
-6020
-7660
-16747
-20904
-15399
-16330
-17197
-17719
-20716
-13066
-14101
-14418
-8456
-7912
-7495
-7821
-10357
-9535
-10181
-12633
-13705
-14294
-13354
-11713
-17258
-16107
-16331
-24190
-21384
-13280
-22691
-20681
-20498
-25557
-24267
-15969
-23254
-19499
-17126
-21742
-18540
-14938
-18513
-20465
-22840
-24677
-23199
-25165
-28794
-28215
-29331
-28566
-27826
-24957
-21318
-12423
-9631
-7808
-7411
-1794
-3434
2664
3495
4019
-3825
-6266
-2958
-5631
-7267
-10043
-14722
-17321
-16273
-18066
-9332
-11445
-18582
-19068
-17304
-19991
-23593
-23481
-27500
31082
-28698
-25469
-28621
-25799
-30629
-28001
-17891
-17115
-10824
831
5650
14535
15820
7751
29285
13336
10344
-23137
15656
13444
31158
-32250
-28620
31812
-31464
28303
25703
32720
-26134
-8664
6210
10771
22913
-24742
-30270
-16881
-4549
-3536
273
12081
25162
-11828
27416
-28766
30850
27128
29448
-30259
-29293
-18881
-29674
31011
28985
32031
29860
27772
27343
18061
11498
16542
11460
16552
29009
22527
24597
32394
31826
-24722
-23515
-22301
-23008
-23145
-24993
-17213
-23268
-25658
30470
23667
22871
14963
4574
5372
7085
4158
4418
-25227
-20460
-22303
-13102
-11789
-6248
-4174
5959
16116
-26358
-15823
-2294
19438
-31061
-22097
-19093
-1903
3262
-1323
10941
10406
5637
-2136
-1420
-7934
-12710
-21795
-27424
-31625
30974
-31842
-29405
25832
28093
31450
-29451
-24976
-21043
-10662
-20141
-17179
-20331
-27250
-32235
27829
19235
4807
535
-9133
-26119
-32407
-22415
-30018
-26802
-17120
-30018
25848
28850
22602
22866
30924
-25079
-18590
-10701
-1931
-10775
-14584
-16332
-23328
-6918
968
14402
29964
-31074
-29683
-17887
-13202
-12751
-2798
5054
2079
-6173
-10235
-26719
-26834
-24697
-25472
-29993
-29299
-30859
31300
18810
15836
5621
-632
8471
4352
11775
18898
24308
-32497
-22287
-19828
-18759
-13774
-15230
-12294
-14176
-8516
-9104
-11016
-17029
-19094
-24648
26069
14444
3078
-17419
-24961
-24099
14648
10479
7070
-4948
693
-4825
-18314
-21878
-2596
-5345
-4305
-2232
-11603
-14231
-7256
-6788
-15764
-10512
-21535
-28938
30445
22703
11224
-654
-2470
-10631
-2384
8489
18548
22644
-30317
-26676
-20029
-7827
-9622
-12877
-16591
-23712
-28055
-25260
-19569
-8048
-4727
-6200
2676
-4653
-2767
-476
3963
-320
7838
6865
13397
15563
22963
29115
20860
29117
30177
28787
28927
32576
22913
19086
27200
27047
21064
27449
30136
26293
28727
-32442
29036
30534
30260
29809
25799
30685
28260
29391
23792
19775
19498
20107
15850
15363
13090
4831
3614
2622
-3475
-6215
-13791
-19264
-20706
-25611
-21705
-27570
-29546
-32424
-28907
30009
32181
31472
26299
24322
32353
25819
24173
27473
27519
25750
27484
25223
30643
29972
-32742
-30278
-26609
-25763
-13400
-14079
-5778
6024
8840
14129
22967
21334
26950
-29753
32486
-28537
-25174
-29540
32746
-29697
31594
-31977
25543
23271
30886
30379
31292
29680
24512
30756
28363
22034
23826
22851
21695
20742
17682
9692
-1225
-730
-1177
-10407
-10738
-16015
-22583
-21356
-23085
-28003
-29299
31616
26316
24852
21932
16905
15934
11425
10277
8841
3060
-3893
-2549
-9714
-15103
-12570
-21495
-26137
-22584
-30307
31265
-31719
30258
26174
30544
29615
31424
-32022
-31841
27331
29891
-27036
31757
31515
-30374
-30527
-4853
-6022
9515
-752
27
8846
9025
8303
9617
25226
9088
24046
25383
25835
-29069
-30817
30940
-32092
-25395
-16451
-12855
-20001
-12133
-11381
-24252
-8829
-17801
-28152
-17411
-19311
-29001
-18109
-25089
-29985
28890
-30748
27962
23797
22681
14561
9581
14279
16694
6615
-215
1488
-3827
-3277
1567
-8684
-19258
-6359
-17272
-15516
-10323
-9097
-15086
-24510
-23819
-21319
-26156
-22990
-29855
27967
-25076
-30429
-29870
-28722
-27432
-28997
-28712
-30408
-32712
-24949
-22718
-24608
-23549
-15421
-15756
-6195
-2262
5479
9173
6294
11961
17161
11285
18364
22339
13206
19071
32408
20531
22263
22115
20519
18543
21518
16252
10429
10113
6258
9365
-1728
6578
-1357
3586
-4461
58
-7097
-9930
-14199
-14671
-22017
-19128
-19368
-32658
-29136
-28860
-23203
-22344
-22783
-25032
-22134
-18173
-19258
-9106
4837
-4853
-6022
9515
-752
27
8846
9025
8303
9617
25226
9088
24046
25383
25835
-29069
-30817
30940
-32092
-25395
-16451
-12855
-20001
-12133
-11381
-24252
-8829
-17801
-28152
-17411
-19311
-29001
-18109
-25089
-29985
28890
-30748
27962
23797
22681
14561
9581
14279
16694
6615
-215
1488
-3827
-3277
1567
-8684
-19258
-6359
-17272
-15516
-10323
-9097
-15086
-24510
-23819
-21319
-26156
-22990
-29855
27967
17595
19739
12012
1938
-1187
598
-1874
-9525
-14603
-7958
-8892
-9235
-3638
-12288
-7435
-561
-2475
5656
14464
9788
14502
23760
16188
27814
24803
22054
25367
15383
21092
23230
20801
22803
21071
23573
22099
17973
20105
28428
23770
25768
-30127
26501
30580
30043
-32557
31382
23549
-32753
28382
23279
19487
22642
11487
12684
5127
8436
820
7285
-6109
-13982
-4688
-795
-16485
-10850
-7351
-20389
-14425
-1458
-13097
-15804
-7054
-15157
-14777
-8063
-14294
-1492
-5966
-3459
8086
6591
11601
12991
15588
21944
27276
20677
31299
21052
26630
31524
27035
27962
25063
27644
25038
25137
29988
20656
16488
15778
18039
17527
24922
8401
8499
9140
9725
-1616
-1203
-3838
-9299
-16560
182
-15735
-17601
-13363
-17658
-13204
-10394
-3006
-7523
-12431
-5555
-1232
-11229
-6488
-2412
-11808
-9581
1506
-5465
-4208
-6030
-10734
-9761
-10972
-14778
-8949
-17727
-22678
-21362
-21037
-28607
-17355
-27530
-25884
-23225
-20729
-15985
-16527
-12876
-20579
-13196
-6348
-12846
-20946
-16473
-13724
-29530
-20393
-18828
32658
-23767
-18325
-27683
-17184
-9093
-19500
-11461
-9590
-15257
-3192
1856
-5890
726
9912
14423
8899
12937
15268
20595
20330
19445
18863
11159
5346
15438
11120
17287
9505
7191
22858
-15927
-16518
-10126
-14121
-17816
-14215
-20625
-16523
-13706
-25173
-24791
-28254
31060
-22468
-25522
31817
30735
32012
25691
25108
22185
31164
23605
28031
-28401
30227
-30525
-21073
-27437
-30127
-27417
-29752
-30637
24161
21221
20266
22644
-30704
23705
29631
-22076
31018
-27552
-12770
-23459
-20134
-14050
-18076
-13927
4532
-2788
-12468
-1805
-8137
-12785
-508
-376
-11907
-6044
3981
-4941
5328
9750
7593
10450
2860
972
-2232
-12573
-12694
-17618
30186
24983
18082
15637
10951
10389
681
-7852
304
-10797
-3892
4264
-9473
-5975
-4702
-7124
1432
3766
-6358
-425
-12881
-11813
-1318
-20964
-23548
-21815
28537
29584
-24569
32211
31541
-22868
-22608
-20680
-6441
-11666
-5093
3250
-7304
-927
4208
-7803
-906
12575
1824
11957
19095
13816
14554
23497
21284
18040
24516
16634
14365
18457
16810
11202
13197
17441
8708
12283
8568
-3005
1003
-6335
-23839
-16763
-20273
-30151
-30217
-24670
-32598
-31092
-21421
-29276
32162
-18306
-25989
-28947
-19529
-30910
21794
-31557
29326
21595
29970
16467
16604
30413
28183
27030
-23090
-24799
-30425
-24042
-25753
-31223
-16900
32558
-31378
-31315
-21176
-23970
-18521
-10641
-15544
-3068
6259
295
6664
13699
14398
9805
17074
23427
26029
28931
-24466
31096
31713
-27754
29336
-25198
-24709
-31873
-15232
-17009
-25007
-14263
-13797
-17361
-5391
-5503
-14916
-5871
-4331
-17797
-8313
-11688
-17403
-12407
-13053
-14124
-8435
-5152
-7051
-6139
-2919
-3037
-2525
-1405
-4681
2753
-2888
-1337
-5079
-8365
-11966
-5681
-8121
-11561
-10909
-5030
-6358
-1790
4116
597
4902
11421
3160
6310
14158
1066
1536
743
-3477
-5786
-11487
-20418
-24361
-30055
32256
32250
29883
31057
-26639
31420
26625
31969
26894
23024
31317
23579
18144
28563
31387
17977
21832
28020
14627
23565
26301
16004
27469
31860
21573
-32666
-32624
25216
-31284
-24101
-29402
-21075
-21651
32516
-22199
-30032
-27000
-29821
31441
-30331
30090
-31459
32306
27197
23840
24265
23061
26806
28115
27385
20932
18550
27000
21680
22120
21226
17741
14762
20852
22084
14166
17385
20309
9824
14797
18750
21574
19064
26076
29856
21701
31172
-29462
-26856
-28193
-22837
-20842
-16318
-20649
-17987
-17330
-14593
-15433
-16910
-21127
-15107
-19045
-17271
-19484
-19270
-24206
-18121
-24530
-28468
-20760
-21366
-26324
-25070
-28130
-29897
-23645
-22994
-27346
-25281
-24387
-21653
-17780
-22010
-17485
-8326
-10260
-11795
-1068
-6177
-1725
2951
-2490
3462
8215
3820
8695
9865
12353
14269
14097
12733
10010
9211
5831
1760
-435
-26751
-23020
-21708
-17179
-16223
-10758
-6977
-7767
-4929
-3590
1798
2312
-4922
-5477
299
1577
-338
-4442
-6138
-8815
-8251
-6946
-10336
-7054
-7518
-8579
-9261
-10784
-8412
-8846
-7841
-3542
-1282
-3385
-5415
-7998
-6304
-4146
-9719
-8477
-7625
-7926
-1544
-2100
-4183
-5495
128
840
-12
2442
5846
9259
13301
11429
11891
10279
11517
16672
14481
16266
21125
20764
21926
23848
-22904
-23724
-19489
-23068
-25807
-19617
-25018
-29330
-25379
-28299
-32356
-30270
29868
27103
30578
25733
21155
22153
18697
10658
12405
12176
6179
5644
1385
-1755
-5340
-10634
-14345
-18485
-15776
-17361
-19322
-22403
-22159
-24408
-23386
-24021
-26331
-24871
-22425
-27429
-26086
-29032
-30463
-29268
-28844
30915
31449
31091
26736
24320
25030
20918
18687
22367
20773
24593
27020
26412
31200
-30234
-31900
-27379
-26751
-23020
-21708
-17179
-16223
-10758
-6977
-7767
-4929
-3590
1798
2312
-4922
-5477
299
1577
-338
-4442
-6138
-8815
-8251
-6946
-10336
-7054
-7518
-8579
-9261
-10784
-8412
-8846
-7841
-3542
-1282
-3385
-5415
-7998
-6304
-4146
-9719
-8477
-7625
-7926
-1544
-2100
-4183
-5495
128
840
-12
2442
5846
9259
13301
11429
11891
10279
11517
16672
14481
16266
21125
20764
21926
23848
-8747
-9383
-9619
-6665
-7271
-10180
-7605
-5868
-4481
-214
1990
4720
7945
10251
14838
19488
24725
26552
30011
-31110
-28305
-26383
-27193
-25567
-25720
-27996
32055
25546
21935
17797
14762
13085
9514
8651
9867
6685
6351
8438
7081
5761
9447
10289
9626
6534
6189
8755
9836
13559
17815
17781
17797
20273
19813
21808
24405
24609
28846
-31002
-27776
-22770
-17060
-13635
-10548
-5513
-2828
-1769
758
-1667
-2482
352
-2189
-1217
506
-1662
-439
1709
1749
2085
4348
8125
11837
7797
12091
12683
13547
16510
13067
10226
14029
17522
15011
16072
14970
13133
15319
16815
13344
16251
18817
18198
19385
18663
17623
21235
24251
23643
29887
-32449
31093
-32036
-29968
-28808
-27953
-28158
-29251
-27068
-26557
-24877
-20478
-14599
-12135
-9323
-7581
-6092
-4663
-2038
-2129
2287
3240
4179
7513
10355
14750
16986
16066
16445
18262
15912
14992
14234
12178
13901
17500
16873
19066
21480
23911
27479
29288
-32578
-29730
-29339
-25340
-26256
-23574
-19860
-18288
-19013
-16926
-18130
-17265
-20163
-22600
-22060
-25975
-30362
31720
27007
23976
21811
19560
17217
14524
13255
10384
7557
6504
4243
3324
4107
1275
-3658
-3582
-5931
-5944
-5362
-7677
-6418
-7042
-9688
-12189
-13582
27390
27045
24263
23688
23359
23341
21903
21413
19159
16488
15170
13676
11978
12225
12473
11603
11233
9755
7353
8780
9321
8831
9487
9906
7224
7144
8356
8755
9273
8070
6582
5170
4766
5300
5785
5608
7239
9975
11870
12027
13337
12990
14017
15999
17147
16723
18397
20294
22203
25490
26631
28370
28346
30487
-32752
-29409
-26797
-25366
-24646
-24644
-25019
-23913
-23206
-23806
-19000
-17977
-18646
-20550
-19150
-18400
-16715
-15514
-15300
-13224
-12959
-13693
-12865
-12669
-11962
-12957
-14023
-10930
-8666
-8279
-4712
-1605
354
5571
9256
12171
17165
20128
22770
25792
27774
28143
28091
28871
29376
30001
31628
31779
-32506
-31494
-31308
-28393
-24907
-23405
-22602
-22862
-22033
-22724
-25683
-25778
-25409
-26780
-29715
-32249
30901
31177
28228
25622
24923
22264
20871
17062
12132
10176
8824
7209
6167
4011
4084
4821
6855
8015
9950
12138
15032
16209
15320
17086
18812
20954
22241
20689
22129
24105
25514
29005
31310
32273
-30180
-30123
-31541
-28843
-28448
-28847
-27567
-28972
-30419
-29380
-30383
30658
26040
22613
18240
14729
13592
8926
6667
7321
5509
2016
2024
3010
3728
3564
2975
3039
4324
5979
4142
4195
3969
3229
1601
2800
2423
1234
325
-493
-6936
-6944
-5975
-7659
-7240
-5925
-7320
-4769
-6195
-8517
-8289
-8475
-8412
-7360
-6058
-5673
-6204
-9687
-7679
-8696
-9387
-10908
-11328
-8853
-9742
-12143
-14225
-14341
-14586
-13843
-12153
-15520
-14687
-14688
-13196
-14480
-13346
-14121
-15145
-18221
-17827
-12195
-14553
-14841
-16382
-17710
-18151
-17538
-16972
-14436
-15112
-17268
-16083
-15939
-16861
-17073
-18236
-16533
-15317
-13427
-13245
-13000
-16102
-16582
-15927
-16722
-16369
-16910
-18086
-16811
-16370
-17492
-16764
-19081
-17261
-15610
-15547
-14124
-11706
-11640
-10675
-13192
-12507
-12640
-15110
-13419
-14526
-14779
-14241
-16228
-17002
-16137
-13715
-11473
-11428
-11781
-11399
-11857
-12692
-12090
-10830
-9659
-9563
-11867
-12394
-11502
-13345
-13318
-12301
-12936
-12298
-11070
-12073
-13014
-13560
-14890
-16596
-14523
-13640
-12961
-13172
-15464
-13213
-13636
-14550
-14107
-15768
-15481
-15557
-16525
-16767
-15871
-14758
-15883
-17973
-18591
-17190
-17844
-17215
-17297
-16946
-16840
-16640
-19884
-20727
-18655
-20283
-20828
-20396
-19319
-21600
-19850
-20357
-24349
-22514
-22238
-21319
-20621
-20435
-22557
-22486
-24035
-24322
-22375
-22864
-22779
-22715
-23499
-22663
-22668
-21696
-22937
-21267
-19263
-16882
-14505
-14290
-16035
-17450
-17447
-18351
-18091
-16495
-16455
-16070
-16758
-16383
-16438
-14805
-14061
-14926
-16171
-252
-735
-259
-1047
-1994
-4368
-6417
-5383
-3492
-3043
-2880
-2051
-2176
-2614
-3373
-3912
-2340
-1232
-2217
-3698
-5387
-6936
-5599
-2489
-10
527
1885
3335
2813
2659
2342
642
-1247
-3541
-4352
-2933
-393
2401
2773
2524
1267
2231
3100
3476
2386
1540
1415
2208
4279
2077
2310
3250
4514
5353
4970
3509
3569
3104
3287
2791
852
838
1069
1333
-5324
-1845
-954
-1280
-4119
-4947
-4431
-2443
-5690
-6684
-7960
-5420
-2362
-2414
-3579
-5107
-4019
-4099
-4869
-5373
-3092
-2280
-2803
-4014
-3549
-2176
-2441
-2856
-4684
-5822
-5592
-3434
-2842
-3087
-3359
-3376
-1260
-739
-2543
-3140
-3545
-3900
-4601
-3902
-5861
-3632
-1965
-851
-1291
-1729
-3299
-2586
985
317
-24
-820
-2061
-2695
-3147
-3917
-3736
-2582
-2342
127
-252
-735
-259
-1047
-1994
-4368
-6417
-5383
-3492
-3043
-2880
-2051
-2176
-2614
-3373
-3912
-2340
-1232
-2217
-3698
-5387
-6936
-5599
-2489
-10
527
1885
3335
2813
2659
2342
642
-1247
-3541
-4352
-2933
-393
2401
2773
2524
1267
2231
3100
3476
2386
1540
1415
2208
4279
2077
2310
3250
4514
5353
4970
3509
3569
3104
3287
2791
852
838
1069
1333
13363
14227
15919
18252
19927
18899
18684
16669
12348
8988
7894
7527
7940
7748
8862
9015
8042
6917
8006
8982
11307
12487
11188
12141
11070
9826
9512
7373
6262
6992
7830
9707
10759
10204
7723
6759
4897
3665
4905
3345
4007
3390
4534
5697
7739
10371
10474
11737
13245
15923
15337
13470
14276
14816
15130
16345
15350
11928
9943
11309
9448
7026
8411
9395
10792
12078
14106
11657
7158
8378
9948
8250
6962
8169
6521
3775
5711
7099
5693
3797
3704
2353
3311
2000
749
2922
5233
4957
1433
-2586
-2124
877
2835
951
-3949
-4204
-4714
-6412
-5335
-5476
-4018
-3037
-637
974
2940
700
124
1202
1311
-522
-5967
-6925
-6754
-6646
-5287
-6774
-7861
-8403
-7255
-6362
-5606
-3271
-38
-194
-3162
-5420
-2023
530
-1796
-2305
-2639
-1498
-1241
1487
2936
1290
2140
1086
137
1798
1452
862
136
-2594
-4590
-2768
-782
-702
714
83
-388
-420
-24
1343
-2027
-5528
-8325
-5406
-4074
-2190
-630
881
955
932
273
575
881
-1478
-2167
-2690
-4565
-6350
-8243
-8316
-5633
-4295
-865
-1830
-4253
-4460
-3995
-5715
-6111
-3198
-2991
-5419
-5646
-4046
-3973
-3297
-470
1146
-9197
-9058
-7250
-3868
-1599
-897
-1269
-698
1334
2786
4036
4854
4686
3714
3566
2226
971
683
-1252
-992
-1319
-1251
-1019
-1976
-2816
-3826
-4606
-4371
-4205
-4340
-5261
-5435
-3582
-1818
-1082
-1257
-1499
-2230
-1681
-3084
-3844
-1961
59
608
1022
184
-1184
-1307
58
1003
3736
3998
4111
6879
8791
9457
9132
8501
7883
7697
7447
4854
3067
3939
28974
28473
26368
29996
28884
27004
28101
26876
20356
16476
15128
13904
15068
12361
8398
4101
1369
679
2200
5199
5238
7556
8384
8179
9854
9740
9667
10375
10282
11905
13578
13499
12894
14155
14384
13432
14397
15957
17177
15976
16627
14954
13447
13669
15312
15861
14099
13285
14490
15191
12271
8929
4067
1227
305
376
328
-3343
-4152
-5312
-4843
-2897
-2303
-2962
-3821
-4046
-2509
-972
-3324
-1230
-1554
-2311
-2639
-1395
-1033
-596
-1781
-2341
-1971
-2319
-1902
349
3472
2638
-26
-2558
245
4273
4555
2971
2137
2190
3215
2909
1637
-842
-352
-691
-3539
-2046
-3456
-6232
-7891
-7206
-9234
-8701
-9128
-8882
-7483
-7005
-4913
-4528
-1332
1867
640
-1174
-1702
-2252
-4317
-6467
-6185
-2759
-1732
-2637
-2887
-4182
-4804
-5389
4929
5066
4512
4491
5090
7189
8147
7487
6954
7792
9354
9559
9413
9301
8678
9247
9517
8041
7160
8720
8972
10461
11098
12068
14060
13387
12603
12588
10745
9807
10116
9603
9734
8594
8199
7943
9408
10078
9052
7464
6356
8482
9543
8973
10503
10494
8251
8585
7788
7323
7305
7514
7683
7684
10189
10755
10059
10190
11565
11989
13510
13335
14471
13980
13104
12728
12684
13755
12009
10530
11154
10573
9727
7966
5587
4124
4729
4410
4780
3877
2902
2976
3315
3653
4703
4195
4949
6814
6837
6699
6929
8485
10673
11833
10403
9436
10758
10496
11261
9541
8461
9040
10490
10851
9413
9477
8985
9808
9788
9646
10815
10283
10099
8791
9152
7951
7394
7303
7154
5430
5132
4634
4748
5934
6980
6512
5829
4812
5985
5855
6915
8357
8978
9594
10106
13989
9804
4017
3265
3520
-5504
-10879
-11043
-10896
-4295
-4268
-2643
-968
-424
2548
9195
14952
20622
23002
23290
23801
23671
23452
23056
21168
19198
15800
13206
11560
7391
1161
-4397
-5956
-8517
-11961
-15374
-17396
-19191
-20865
-21192
-22155
-20544
-18874
-15632
-12329
-10976
-7983
-5137
-3600
-508
1091
3736
5895
7751
9368
9442
8967
-3829
-4642
-3661
-4756
-4195
-3684
-2537
-3944
-5283
-5979
-4762
-4476
-5015
-4576
-5435
-6311
-4625
-4356
-5329
-6013
-5909
-5338
-4709
-4896
-5406
-5052
-3750
-4216
-5921
-6468
-6231
-6760
-6326
-5641
-6022
-4951
-4756
-3553
-3389
-3555
-4289
-4054
-2860
-2706
-3929
-3331
-3336
-2527
-2825
-4632
-4407
-4409
-3963
-3735
-4125
-4431
-4477
-4147
-4485
-4951
-4605
-4653
-4541
-4593
-6439
-6434
-7728
-9304
-8464
-8914
-6951
-6850
-7181
-5778
-5320
-5932
-6019
-6567
-6809
-6812
-8184
-9235
-9411
-8730
-8815
-10210
-10335
-9453
-9979
-9443
-7546
-7369
-6921
-5673
-4928
-3623
-3620
-3286
-3011
-2452
-2973
-3869
-3639
-3343
-2857
-2691
-2216
-2799
-3896
-2595
-2679
-4544
-4904
-4802
-4817
-5854
-5207
-3350
-3520
-4190
-5220
-6258
-5967
-6695
-7304
-7566
-6756
-5470
-3829
-4642
-3661
-4756
-4195
-3684
-2537
-3944
-5283
-5979
-4762
-4476
-5015
-4576
-5435
-6311
-4625
-4356
-5329
-6013
-5909
-5338
-4709
-4896
-5406
-5052
-3750
-4216
-5921
-6468
-6231
-6760
-6326
-5641
-6022
-4951
-4756
-3553
-3389
-3555
-4289
-4054
-2860
-2706
-3929
-3331
-3336
-2527
-2825
-4632
-4407
-4409
-3963
-3735
-4125
-4431
-4477
-4147
-4485
-4951
-4605
-4653
-4541
-4593
19955
19689
18059
17108
17305
16689
16483
15959
15717
15309
14849
14219
13237
11586
10716
9629
8367
6230
5764
5712
6190
5849
3759
1616
1376
1871
200
-1103
-1707
-2096
-3266
-4494
-5068
-6589
-7930
-8878
-10241
-10267
-9301
-10216
-11243
-11457
-13621
-16078
-15625
-14811
-15433
-17404
-19312
-18106
-18509
-19456
-21940
-23262
-24516
-25060
-25043
-26599
-25726
-25654
-25552
-26169
-28287
-29940
507
283
183
-254
-694
-83
1314
521
-472
-1006
-1938
-2120
-2352
-2368
-989
-937
-1138
-132
404
-395
-2019
-2192
-2308
-2367
-2315
-2323
-2651
-2516
-2234
-1608
-1356
-797
15
-1098
-2640
-2948
-1520
-1083
1127
1410
-612
-1759
-1258
172
213
-1793
-2897
-2307
537
2048
1823
1107
297
652
643
1408
682
383
822
615
1044
1310
932
694
-55
1880
2189
1225
988
2221
2133
578
1386
2900
3485
3516
3440
3312
2204
1322
610
1004
2009
1463
921
70
197
1352
1466
431
109
522
-322
-1575
-2302
-1849
-1262
148
-1877
-2516
-2831
-2856
-3064
-3300
-3587
-4102
-3225
-2877
-2869
-2642
-3323
-3061
-2719
-3303
-3616
-5176
-5101
-4025
-5647
-6484
-5735
-5861
-5140
-5266
-4357
-3508
-4497
-5044
-25014
-25786
-26056
-24884
-24101
-23777
-23558
-23754
-24461
-24609
-23783
-23670
-24504
-23843
-23128
-23737
-25158
-24600
-24243
-25198
-25470
-26013
-26741
-26702
-25779
-26104
-26854
-28099
-29496
-29266
-28690
-29147
-29333
-28477
-28483
-27732
-28148
-27824
-27399
-26364
-24697
-25307
-26281
-25523
-25622
-26446
-26906
-27893
-27947
-27605
-26270
-26606
-28631
-28598
-27186
-26409
-26966
-27195
-28049
-28501
-27795
-26535
-25686
-26481
-26490
-24499
-24439
-26230
-25750
-25674
-24948
-24275
-24934
-24117
-24196
-24226
-23662
-22881
-22271
-23171
-23507
-23357
-23674
-23528
-24949
-25699
-25211
-22898
-22334
-21466
-21892
-22823
-22547
-22566
-22523
-21964
-21621
-21947
-21920
-21391
-20656
-18554
-17060
-16307
-17484
-19037
-17278
-16100
-16154
-16974
-16431
-16754
-16627
-15236
-13777
-13980
-14113
-14369
-13864
-13027
-11402
-10410
-10098
-8898
-7791
-7385
-7029
-5142
-5297
-6556
-7549
-7721
-7484
-8672
-7261
-6794
-7252
-8030
-8888
-8908
-8627
-9856
-9813
-8367
-7663
-6756
-5431
-5491
-6807
-7548
-6631
-5572
-5231
-4544
-4261
-3481
-4579
-4481
-4083
-4081
-3973
-3531
-3520
-4220
-4395
-3556
-2482
-3101
-3264
-4231
-5404
-6402
-5721
-4137
-3826
-4322
-4506
-4329
-3776
-3952
-2953
-3756
-3861
-3150
-1544
-420
-1254
-2313
-2001
-1991
-3044
-3720
-3801
-3606
-3186
-1781
-1292
158
-927
-987
-882
519
1105
355
394
584
909
2753
2515
2643
818
252
-1136
-2714
-2136
-1581
-1493
-768
-385
-1276
-2802
-3282
-4434
-5206
-5486
-5150
-5388
-5591
-6599
-6815
-5965
-6095
-5010
-6022
-6319
-6249
-6614
-7699
-7357
-7034
-7345
-7975
-7497
-8624
-8794
-10310
-9323
-10828
-11338
-12254
-10525
-9899
-10152
-10081
-10358
-9879
-8654
-6685
-7653
-8585
-8099
-7446
-8139
-8925
-8012
-9132
-9650
-9081
-8093
-8555
-9888
-10763
-10990
-9283
-5982
-5178
-4827
-7112
-7070
-5718
-6558
-8525
-7505
-7039
-6565
-6224
-6717
-6865
-7178
-6825
-5351
-5506
-5044
-4071
-4238
-3909
-3871
-2705
-2446
-2609
-2860
-1640
-2189
-3666
-4940
-4094
-4257
-4641
-5962
-5599
-5449
-5609
-4978
-4709
-5912
-6571
-8687
-9708
-8840
-8654
-7491
-6718
-8417
-7976
-6648
-6150
-6622
-5626
-5120
-5351
-5707
-5587
-5079
-5527
-7169
-6178
-4656
-4741
-3735
-3748
-2752
-1999
-2008
-2713
-3599
-4039
-3291
-2511
-3998
-2782
-2605
-3695
-3488
-2400
-1667
-1607
-1707
-1413
-1993
-2559
-2544
-2410
-2142
-1256
-1699
-2667
-2045
-2924
-2626
-4247
-5254
-2982
-1329
790
890
1225
808
-88
-529
-945
592
884
401
-333
-2969
-2168
-3080
-4598
-4201
-4936
-4675
-5174
-6987
-8331
-8303
-7351
-7313
-7804
-9070
-8758
-7563
-6915
-5692
-4814
-4758
-3437
-493
802
4320
6904
7397
8202
9234
11132
11771
12004
13472
15218
18093
19352
19414
19965
20575
21155
21912
22656
22993
22897
22966
23415
22471
22559
21843
21910
21014
19964
19430
20200
19423
17255
17824
19027
17437
16450
15470
17044
17009
17796
17701
16482
16598
15906
15173
13027
12945
14461
15265
16053
16645
19099
19275
19794
17989
18086
19074
19840
20913
20696
21193
20669
22760
24379
24068
24042
23240
22588
23148
24060
23386
26149
27412
28667
28545
29424
31245
31277
-32711
32351
32745
-30763
-30768
-31806
-31313
-32668
-32248
-30639
-30763
-30748
-31951
31689
30758
29837
27433
25044
26106
27038
27496
27317
25910
23711
22618
21881
21093
20444
21035
22062
23472
23615
23657
22196
21828
22578
22125
21588
22137
23098
24082
25020
25024
23981
24515
26031
27195
27741
28620
27954
28345
29354
27703
26847
26184
25532
25369
25599
25155
25474
25979
24343
24458
24892
23861
23593
20525
18474
16625
16320
13072
11242
10252
9677
7738
5890
4203
1633
1547
1012
-1135
-1059
-537
-1396
-3653
-6546
-9799
-9036
-9139
-9394
32513
29415
31336
29234
27565
29644
24244
23600
23290
18348
19927
24149
22940
25683
25126
28490
-31551
-30367
-29326
-25103
-21409
-15825
-13451
-10302
-5708
-5624
-3288
-3146
-2547
455
4003
-3619
-1851
681
-1887
3325
-1811
-6518
-4705
-4526
-4461
-2196
-7289
-8378
-7826
-6209
-780
2190
5858
7580
15384
19839
20705
23544
24909
21774
25720
25548
26613
-30541
-25796
-29135
-20521
-17419
9439
7696
7589
2424
113
2764
181
1816
946
-4045
-5052
-2747
-6014
-6214
-7879
-14736
-13855
-9485
-7451
-8331
-11923
-15582
-14884
-10065
-7156
-8005
-3934
-115
4282
4143
5791
2815
809
789
-3882
-7380
-9124
-12753
-23451
-26970
-28704
-31550
25760
22296
18166
11641
10536
9365
8904
12201
9571
9647
14372
16623
15815
18147
19102
23239
24379
24123
26081
28997
32492
32585
32513
29415
31336
29234
27565
29644
24244
23600
23290
18348
19927
24149
22940
25683
25126
28490
-31551
-30367
-29326
-25103
-21409
-15825
-13451
-10302
-5708
-5624
-3288
-3146
-2547
455
4003
-3619
-1851
681
-1887
3325
-1811
-6518
-4705
-4526
-4461
-2196
-7289
-8378
-7826
-6209
-780
2190
5858
7580
15384
19839
20705
23544
24909
21774
25720
25548
26613
-30541
-25796
-29135
-20521
-17419
16833
14271
12484
10958
9487
7100
1823
-5530
-3174
-7754
-9527
-10557
-18824
-25694
-25215
-28121
-23869
-19009
-11600
-1049
2747
3645
3098
5746
2782
-3539
-750
7278
8807
9596
12516
8681
11622
7635
4931
781
-9727
-11753
-17237
-28486
27077
13728
5658
875
-6989
-12593
-12752
-10493
-10624
4320
16585
16650
19194
21832
27316
-21576
-12151
427
17832
28134
-24488
-25104
26538
7995
-4117
-23983
-24431
-14688
-9651
-13704
-23315
-32413
-30088
30163
-29248
29050
25848
28465
21319
22009
21426
19057
22359
29031
26022
-32301
-21398
-16695
-14471
-8029
-5540
-4076
-4449
-3325
-7021
-10856
-18917
-21140
-28823
-29852
-32468
30424
24955
29292
-31887
25881
28623
28075
29312
27231
27569
26053
25493
22853
21885
19770
17326
27989
26495
18722
31663
31673
29093
-28461
-30676
-29515
-19163
-21286
-27947
-18637
-19360
-22374
-20756
-28744
-25560
-18764
-28444
-31082
-31098
26246
21688
12542
1219
-626
-1301
7379
13635
24187
-28858
-29864
-25208
-26403
-25756
-20517
-24437
-23856
-11595
-6255
-3775
3973
8185
10188
18635
20319
21893
28988
31174
31027
-30942
-25869
-25292
-24903
-27308
32756
26670
15136
1522
-9050
-11169
-17295
-14293
-14357
-19543
-15937
-19335
-20644
-18601
-27711
-31953
27054
17613
10417
7316
-1171
-942
-128
-9476
-12891
-16699
-24877
-23856
-27349
32213
-27465
-30757
32558
-27784
-26701
-24411
-30007
-31789
31059
24527
19877
21297
15110
14338
14582
8817
9945
17735
22208
16032
25422
21210
15090
12302
2832
-1732
7350
1938
4331
6124
1491
9521
11070
8454
7316
7718
13388
14386
17694
24510
24734
17068
21845
30016
-32613
-22139
-11787
-15455
-16506
-10564
-12403
-13620
-5774
12753
5183
8579
11861
2393
2691
6784
429
-1591
-3959
-11190
-6346
-8405
-17404
-20408
-22525
-28766
-30790
-30493
-29446
-24137
-19566
-21877
-14223
-2714
-4280
3724
11537
10570
11891
17168
15418
12893
18353
14692
4391
15901
20233
20063
32460
28694
27472
-28514
27513
17501
15408
22822
16694
22551
27867
26229
31883
32761
23317
26848
-29366
-26263
-20477
-10187
-5905
1714
7393
10365
5991
9893
5435
3795
-178
-6161
-10131
-14575
-17430
-19300
-18597
-23750
-32265
27892
18874
21534
24852
22589
22675
25247
13645
11213
8194
3706
3564
-1706
-9421
-12482
-13246
-19317
-28235
30454
20507
19963
12745
4895
2082
1209
-703
1604
-1691
-6812
976
-5266
-2706
6404
7620
7796
22420
18302
29685
-30296
-29524
-23267
-18535
-26450
-26465
-27745
32363
-29044
30477
24959
24968
20837
18729
-652
4075
9392
13157
19061
22274
25152
30884
-25979
-21711
-15287
-17083
-15653
-11292
-4175
-3749
-1517
1702
1207
5018
7514
3677
-497
774
-5903
-10150
-13395
-17177
-17310
-17373
-20404
-26192
-21621
-21241
-20702
-14536
-16955
-18745
-16261
-19833
-24143
-23777
-28908
32626
-24770
-24016
25846
13322
-7564
-3703
23640
-29113
29554
30750
18428
9113
-1994
-14968
-22278
-14903
-7062
9906
15337
15657
21272
15895
17289
22192
18143
18720
21536
14560
11785
7719
-81
-8600
-13803
-16112
-16066
-22932
-21671
-30511
27848
24930
21434
14963
12240
8268
7700
7556
9268
15033
24747
27252
32464
-28021
-23862
-23870
-27402
-28177
-25134
-24486
-26590
-25503
-27148
-32211
-29721
-31436
31875
31746
32012
30169
30634
25059
23959
22875
16623
9166
7292
5442
2562
-6223
-9984
-10960
-14322
-12326
-10868
-12478
-12340
-5678
-6851
-4450
-3203
-3929
-3782
-4789
-5942
-2895
-5340
-2855
-1818
-5016
-4330
-3695
-4408
-1353
-4439
-4810
34
-1096
-4285
-106
-3782
-6031
-1514
-4251
-9762
-6208
-5290
-146
7132
8223
15402
22047
20979
15352
15927
18181
18382
19610
16961
19617
26379
22716
24821
22809
28594
-30960
-32151
-29549
-30165
-27505
-28680
-30767
-27525
-26939
-21582
-29168
-32175
27845
26763
22875
13466
8359
6484
479
-149
-5405
-845
2960
8140
13129
18734
22948
30644
-29926
-27029
-18940
-15391
-15454
-10155
-9081
-8852
-3680
-11056
-16286
-17142
-21221
-30564
30688
31411
-29812
-23658
-22467
-25540
32734
-30648
27761
18172
17125
6360
-1025
-1904
-15870
-20473
-28801
27262
22962
23578
19459
27642
31264
32500
-22653
-16158
-15515
-7397
-4313
-2533
1402
366
1199
10480
9240
11523
15754
-26
-820
-1367
275
-767
-277
5280
920
3550
7936
11780
8895
7871
14263
11958
11942
10096
9039
10013
6460
2903
1083
5235
2418
-6622
-6262
-5703
-1704
1012
2601
-1486
1615
7332
5859
11843
15841
20004
27463
32567
-24975
-14987
-12517
-4958
-963
10428
22438
27312
29880
-29854
26528
26809
29810
22565
15980
12038
2042
-266
-4382
-8534
-16079
-18590
-30677
29267
21941
13466
8359
6484
479
-149
-5405
-845
2960
8140
13129
18734
22948
30644
-29926
-27029
-18940
-15391
-15454
-10155
-9081
-8852
-3680
-11056
-16286
-17142
-21221
-30564
30688
31411
-29812
-23658
-22467
-25540
32734
-30648
27761
18172
17125
6360
-1025
-1904
-15870
-20473
-28801
27262
22962
23578
19459
27642
31264
32500
-22653
-16158
-15515
-7397
-4313
-2533
1402
366
1199
10480
9240
11523
15754
10429
6588
371
-950
-6136
-11854
-14777
-20704
-24134
-23186
-26585
-28486
-27486
-27433
-24812
-24418
-26908
-25646
-27876
-31944
-30495
-30107
32518
-30646
31622
30744
29031
29753
28015
27531
31271
30387
25786
29156
27116
25308
26395
22616
21200
21213
16241
14594
12161
9957
5985
5156
2929
1346
-2326
-5869
-8990
-8154
-6212
-5303
-3032
-4365
-6969
-4463
-2238
-2239
-1504
-1937
-995
2160
1215
1514
3504
3730
6957
6978
7384
8922
8924
6629
4691
1328
3332
3758
3242
1817
-219
2985
5487
6256
6791
6640
7205
11153
13138
15903
17812
17185
12521
13059
16064
18659
18425
15364
15031
15538
17311
18730
16610
15649
13226
10871
10219
10269
10629
7988
909
1267
211
-83
-501
-157
-3229
-4745
-1303
-2993
674
2341
2091
6206
11662
15480
19620
22346
24136
27977
31623
-32597
-31129
-30585
-29026
-26008
-23594
-22608
-21421
-21132
-20271
-20414
-19054
-18214
-18145
-23020
-25830
-23008
-23017
-25010
-24043
-26613
-24696
-22874
-24012
-25804
-28354
-26293
-22684
-19510
-19347
-18220
-18608
-18080
-14674
-12412
-9666
-8163
-9173
-6915
-3415
-3723
-6493
-3282
-3589
-2429
1213
5389
2691
4452
4797
4879
6065
5487
-361
124
-580
-1401
-2972
-3262
-5287
-3022
-6530
-4324
-3325
-5651
-7831
-7275
-7634
-7451
-8585
-11477
-12881
-13661
-14645
-17192
-20158
-22108
-25374
-28108
-31492
-32609
29898
27981
23749
17850
15690
12372
10740
7746
8088
6631
7424
4582
2382
1417
3987
7110
9419
11481
13418
16814
18753
20368
21816
24422
27046
30907
-32578
-32309
-29934
-31283
-30426
-30882
-29562
-29028
-28055
-26996
-24220
-21794
-22491
-19920
-18191
-16270
-15582
-16286
4596
4308
6681
8061
9055
9310
8187
6978
6174
6514
3870
315
1515
819
-4182
-4054
-5243
-7819
-8912
-9939
-11055
-13460
-14104
-14495
-16704
-15196
-14740
-11154
-6796
-3368
895
5527
7780
9988
12821
10396
10667
10561
7294
3513
-760
-3837
-4859
-10059
-17114
-21558
-24117
-30400
-30943
-31855
29459
29135
29592
25304
22653
20122
20445
18927
17667
15590
15600
14902
14148
13973
13756
12614
11909
10842
11598
11330
11825
12171
12804
13081
14503
15047
14526
13537
11154
9027
4980
2131
-1736
-6824
-8171
-10243
-8276
-4142
3661
9877
18425
26924
31792
-27705
-24329
-25554
-27914
-29566
-32624
30908
31620
32224
-31366
-32618
31654
30467
32404
-32401
-30900
-27756
-24355
-24126
-21310
-20495
-19172
-14638
-14868
-15865
-14750
-14932
-13947
-14801
-17824
-19096
-18351
-18193
-19513
-19819
7359
7502
9700
11173
9487
10043
9942
10386
10511
11501
12795
12973
13128
13965
14571
14852
16720
16027
16189
16800
16912
17416
15760
13288
12039
10591
10023
9721
8763
7670
6921
7038
7281
7441
7814
5644
5571
6555
6546
6904
7348
6692
6193
5361
3874
2901
946
1202
1517
3286
3338
1750
1748
2032
851
536
213
-1509
-1893
-3023
-1192
-813
-674
-1816
-2032
-2365
-615
-133
-693
-115
-220
912
536
2465
2750
1531
2849
5829
6777
6544
8090
7478
8375
9911
12038
12747
11656
10745
10453
10683
12079
14247
14509
16130
16297
17213
17557
16727
17118
19165
20704
21419
19966
18510
16652
15324
14361
14066
12377
10740
11268
10384
8332
6607
7097
6387
6324
6715
6060
6601
6798
5469
4523
4364
4877
4844
2747
3387
4391
4289
3035
3277
5555
5700
6272
6582
7227
8563
9002
11304
12984
13487
13953
15451
17234
20126
21820
22544
25332
28872
-31929
-30301
-29956
-28305
-25523
-24276
-21646
-18605
-15809
-14691
-12685
-9673
-9009
-6167
-4519
-3242
-1142
-54
1659
3650
5817
10416
12914
12015
14500
17966
20455
23348
24462
26118
28249
31556
-31588
-31949
-32461
-32644
-32090
-31612
-32762
-32279
-31940
-32598
-8601
-9786
-9679
-9438
-9830
-9730
-10954
-12259
-13168
-13007
-12119
-12604
-12864
-13053
-12024
-11828
-11327
-11777
-13166
-13096
-13501
-12744
-11306
-9644
-11500
-12977
-13048
-14512
-15619
-15690
-14999
-15108
-16824
-15895
-15056
-14599
-15622
-16216
-15398
-14791
-15499
-16417
-16488
-15180
-15850
-16855
-16460
-15323
-16020
-16829
-17752
-17910
-18510
-18181
-18744
-18783
-19355
-19446
-19128
-19381
-20108
-20777
-19981
-20443
-8806
-8193
-7503
-7224
-7383
-5426
-2804
-2336
-3991
-4443
-3285
-2670
-1906
-3301
-1600
-238
283
-418
-455
-998
-1022
-213
220
2132
1140
-680
-1894
-2237
-2325
-3862
-2938
-2987
-4077
-3984
-3729
-2902
-4878
-5447
-6989
-6651
-4972
-4621
-3314
-4689
-6535
-6120
-6961
-7867
-7457
-6077
-5298
-6325
-5815
-5283
-5073
-4988
-5491
-5012
-4878
-5142
-5968
-6042
-6607
-7357
-8601
-9786
-9679
-9438
-9830
-9730
-10954
-12259
-13168
-13007
-12119
-12604
-12864
-13053
-12024
-11828
-11327
-11777
-13166
-13096
-13501
-12744
-11306
-9644
-11500
-12977
-13048
-14512
-15619
-15690
-14999
-15108
-16824
-15895
-15056
-14599
-15622
-16216
-15398
-14791
-15499
-16417
-16488
-15180
-15850
-16855
-16460
-15323
-16020
-16829
-17752
-17910
-18510
-18181
-18744
-18783
-19355
-19446
-19128
-19381
-20108
-20777
-19981
-20443
3931
4127
3930
4363
4768
4972
4827
4706
4724
5132
6093
6202
5489
5123
5678
6122
6839
6900
6295
4907
3363
3638
4745
4461
3580
4163
3881
3752
4481
5165
4638
3928
3725
4772
6100
5701
5436
4797
3703
4761
4806
4107
3510
3399
2448
2282
3335
4528
3835
2168
1456
1159
1265
2670
2409
1571
1980
2799
1315
2077
3975
4095
3240
3001
2278
2557
3743
4703
5619
6433
6169
5274
4826
5047
5717
4470
5719
8212
9483
9149
11123
12674
10680
9888
9185
8762
9384
8963
7322
6232
5996
6076
6108
5993
4439
5430
6311
5772
6396
6916
5602
5386
6639
8302
8051
8072
8552
9321
9344
7362
6730
6807
6986
7444
7262
8910
9067
8374
8563
7570
6389
6951
8029
10191
10365
10407
9711
9233
8891
7665
6980
5484
5467
4315
4256
3966
3450
4374
6493
6430
5983
6042
8118
8554
6086
4396
5127
6171
4889
5014
4049
4692
6342
6874
6675
6721
6692
5927
6422
5993
6197
6361
6815
6662
7583
8462
7689
7948
6531
5332
6729
8770
10010
9269
9071
9918
11237
13022
13873
12399
10827
11778
13184
12801
12408
11781
12689
12708
11553
11856
11208
9373
-630
-1075
-1079
267
-1
-880
-2108
-1912
-2396
-2757
-2218
-3117
-4690
-5129
-4625
-2672
-1629
-1900
-3169
-5130
-5508
-4881
-4006
-3679
-3758
-3485
-6669
-7880
-7391
-9436
-10404
-11347
-9907
-8078
-7329
-6240
-7378
-7517
-6527
-5334
-5087
-4861
-4342
-4195
-4812
-4788
-5907
-5465
-4359
-4296
-3525
-4213
-5016
-4545
-3697
-3434
-3058
-2218
-2787
-2692
-3449
-3906
-4629
-6626
1357
550
252
-826
-179
1775
2221
2047
1289
1459
1811
2212
2225
2252
3783
4482
5746
5776
4503
3058
3989
5545
5719
6892
6305
6249
5857
5000
4613
5280
4956
5463
5653
6254
7394
7889
8449
7352
8385
9585
8899
8898
7397
6051
6207
5985
6508
8004
7900
8380
8400
6860
5973
4013
4186
4180
4116
4176
3708
2821
3893
2878
3830
4054
3483
2845
3193
4636
3563
3409
2984
2910
3201
3232
3739
4756
5794
6287
6536
6483
6856
5643
5142
4459
5329
5280
6442
7848
7998
8869
8823
8390
7409
6635
7379
6586
6839
7840
9119
8841
7522
7237
7981
8385
7735
7531
7426
8714
9067
7277
5248
4208
5468
5187
4522
3741
3913
3460
3082
3221
3934
6098
7131
7143
6564
5960
5249
5529
2008
2509
2449
1725
990
3175
4145
3074
2734
2541
5288
4265
2536
1695
3022
3093
3801
3666
4245
1720
710
-321
586
43
288
1364
621
-432
-36
1226
1749
-306
-731
-875
-1076
-628
437
733
-195
-953
-970
-2050
-1612
-1903
-1892
-764
-820
-82
-1016
-412
-131
-618
-1143
-1054
-350
120
-420
-227
-411
-1367
81
-391
-1631
-1722
-2771
-3222
-3341
-3950
-3206
-3509
-2794
-2944
-2942
-3198
-3745
-4156
-4985
-3652
-3918
-4846
-5633
-4667
-3111
-3136
-1854
-827
-554
-671
-927
-523
-399
-858
-640
-1007
-1684
-1534
-397
677
1169
-686
-295
-256
214
1763
1429
1157
-575
-651
-1279
-1990
-3582
-4178
-4985
-6863
-6404
-5632
-5365
-5064
-5300
-4528
-5834
-7001
-5961
-4644
-5183
-4541
-4434
-4688
-5201
-7050
-8706
-8546
-8221
-7896
-6282
-6787
-8015
-9399
-9028
-9754
-8931
-8236
-7015
-5727
-6005
-6187
-7639
-7855
-5941
-5417
-4259
-4686
-4173
-3146
-2885
-3425
-3718
-3707
-3475
-3128
-3753
-4484
-5250
-4558
-5017
-5503
-4221
-3639
-4213
-4827
-5858
-7188
-7254
-6862
-6686
-8982
-7946
-7215
-7662
-8032
-7902
-8402
-7743
-7892
-7523
-7545
-8136
-8638
-8833
-7175
-5870
-5331
-3118
-2179
-1841
-2162
-2487
-2098
-2140
-2735
-2043
-2299
-459
911
-332
-1818
-1368
-2053
-2540
-1891
-1157
82
879
-177
-2537
-2595
-2589
-1806
-263
367
2061
1993
1948
1534
1527
1821
1317
1833
1889
2585
2460
2702
2894
3155
1486
433
1394
1369
2157
2294
1818
685
1199
2243
1543
329
162
498
2041
3073
3048
3620
3153
3942
3458
4351
-3086
-3759
-2267
-3057
-2572
-2821
-3117
-2490
-1412
-518
-52
-1615
10
976
1957
1855
1194
1522
1747
1655
1683
1295
1474
1447
1172
2736
2756
11
27
-1191
-1020
-800
-436
397
-31
300
-189
-1254
-2155
-2183
-1370
-534
-1997
-1973
-1646
-637
725
262
-114
-686
-1263
-1871
-1841
-2606
-3757
-3609
-2641
-1926
-1745
-3163
-4374
-5318
-5086
-3227
-3118
-2179
-1841
-2162
-2487
-2098
-2140
-2735
-2043
-2299
-459
911
-332
-1818
-1368
-2053
-2540
-1891
-1157
82
879
-177
-2537
-2595
-2589
-1806
-263
367
2061
1993
1948
1534
1527
1821
1317
1833
1889
2585
2460
2702
2894
3155
1486
433
1394
1369
2157
2294
1818
685
1199
2243
1543
329
162
498
2041
3073
3048
3620
3153
3942
3458
4351
-1700
-420
-987
-2309
-2471
-2312
-2684
-1677
-1320
-1404
-1257
-477
1194
1255
1295
2544
2857
3312
4009
1635
975
-1089
-1033
-87
-858
-1149
-1152
-1263
-2615
-5065
-4634
-3611
-3415
-3194
-2780
-2776
-2758
-3873
-2923
-3663
-3965
-3528
-4205
-5468
-5967
-5265
-4520
-3554
-2610
-3799
-3962
-3305
-4103
-4336
-3577
-2356
-2949
-1531
-1428
-2756
-2180
-1671
-2269
-2884
-2075
-2511
-2840
-3043
-2848
-289
-289
1336
1624
1958
725
39
117
-937
-1588
-2098
-2051
-1429
747
-1205
-2325
-2056
-2937
-3196
-3544
-3379
-2888
-2443
-2176
-1531
274
-1117
-1455
490
-194
-992
-873
-2000
-2664
-2060
-1652
-1231
-830
658
-112
-1773
-828
-2394
-2683
-4477
-4512
-4745
-3735
-1038
-676
-1152
-2074
-2221
-1733
-999
-1762
-2780
-2863
-2357
-2581
-2633
-2411
-4215
-3677
-3382
-4633
-4503
-4060
-3889
-4491
-5687
-5971
-5808
-6037
-6313
-5618
-5232
-5439
-6213
-6328
-6321
-5960
-4739
-4603
-5513
-5274
-5114
-5169
-4726
-5722
-5895
-6496
-6291
-6311
-4680
-4870
-5836
-4504
-4371
-6311
-7431
-8147
-6856
-5586
-5994
-5774
-5584
-4782
-4875
-6368
-6050
-6916
-7302
-7571
-7046
-7003
-7177
-7902
-8621
-8927
-8995
-10680
-12197
3199
3866
3420
1510
3451
3016
3334
1901
2497
3599
3619
3467
3349
5081
5054
4448
3480
4547
3922
3935
3287
6646
6151
4692
4200
4385
3280
2570
4866
3191
2076
1273
2291
2594
2193
906
2269
1981
252
-276
795
-73
697
659
261
35
-962
-842
1489
2695
1095
322
207
740
3680
6556
4960
6549
4876
5756
4965
3886
3473
2001
12096
12226
12868
13293
11770
11360
10870
12268
12522
10451
11323
12484
12386
12352
11419
10146
10229
10260
10991
10068
8963
10222
10911
12011
13676
13641
14740
16761
15959
13827
13171
13244
12752
11000
11681
11324
10273
11312
11475
10990
11160
12326
13395
13763
15078
14748
18010
16950
18428
19126
18504
18578
18337
18447
19071
18211
16024
16551
17040
15903
14843
15214
14960
14420
13316
15044
12262
10754
10395
10430
12166
11671
10784
9871
8668
7380
6204
6022
6520
3878
3423
5278
7107
6581
7666
6835
7787
7453
7205
7140
5738
5292
3021
4553
3417
3454
1970
1477
1489
1371
2077
902
977
1893
-398
-943
221
1150
989
471
1354
664
1094
1475
300
1960
294
2306
2569
2325
686
800
1551
2440
2547
2189
2949
3059
579
-159
1328
2638
4715
4083
4869
4252
5595
4858
3455
2743
2538
2375
633
695
1335
1497
1095
2253
-976
-96
-297
219
2197
285
330
-130
430
-1087
1022
-722
393
-908
-279
-1812
-3757
-1914
-3208
-1263
-2099
-2714
-2840
-2444
-4084
-4673
-4419
-2701
-3015
-3870
-2649
-3048
-1657
-912
-1058
-2706
-2856
-4063
-4228
-5900
-5783
-5458
-5414
-4983
-4114
-4395
-6292
-4779
-6868
-5900
-5116
-7445
-7059
-7277
-7028
-6307
-6255
-5432
-3548
-4534
-5699
-7109
-6167
-7208
-6749
-6138
-4301
-5452
-4498
-5267
-2450
-278
-1991
-1933
-2327
-1677
-2423
-3222
-1377
-2159
-1107
-886
-2013
-821
-764
-371
315
638
2260
1463
1447
3177
2625
1953
1658
2148
1499
1404
2636
1781
2222
-804
21
2034
2417
3712
3842
4126
3329
3107
3127
2656
1042
2703
3214
2678
1494
890
3241
973
598
4517
3111
2248
2011
607
-998
-591
-1648
-504
1222
1482
2646
1808
61
-1256
-1850
-1185
-428
-184
377
-26
-2
1184
430
-387
-1048
420
1288
939
218
-191
30
-1093
-834
-1370
-847
-584
-2219
-2258
-1258
197
441
612
1008
-1202
-993
674
-2128
-2256
-2429
-2630
1615
1715
712
586
-699
-1631
-1417
183
-130
-1779
-2389
-2736
-1656
-2148
-3041
-3147
-2212
-1488
-568
-940
-1548
-2217
-1577
-1086
-1816
-1766
-939
-1765
-2276
-2608
-3150
-2845
-2010
-1576
-1610
-1006
-343
153
-57
180
-714
-1434
-840
-964
-559
8
628
774
1076
1065
1874
1461
1542
1765
1058
181
824
563
864
714
639
724
753
286
-289
264
-993
-444
-649
-1716
-1291
-395
-1383
-1416
-1036
-1961
339
-385
-504
959
558
-450
1011
2279
1232
54
-677
133
766
237
450
-133
1551
1809
1370
987
2331
3613
3407
2657
3103
4149
4426
4115
4435
3979
3786
5307
5122
5434
4531
3958
3312
2904
3576
2448
2129
3081
1910
1384
709
1103
2148
2166
2213
3022
3522
2087
1330
1096
1026
785
597
-24
405
117
708
619
1317
1607
1775
1231
-634
-261
458
74
-1323
-1607
-322
537
566
-1144
-2608
-2515
-1489
-1178
-689
-1533
-1746
-2058
-1716
-1617
-1389
-167
-399
-869
-1504
-1670
-2178
-657
-1258
-1767
-1177
-1719
-2895
-2478
-2001
-2153
-2288
-3000
-2057
-1262
-270
-1260
-1411
-480
-62
-1182
-1180
-121
159
660
3608
4482
4892
5665
5682
5251
6112
6271
6610
7807
7556
7769
8257
8104
8069
8391
8951
8976
9392
9719
10256
10432
10400
11132
12625
16011
18767
19711
20812
21260
22715
25466
27808
28407
29731
-32635
-30932
-28752
-27096
-25441
-24224
-22535
-20207
-18451
-15913
-12701
-9277
-5812
-3563
-1601
875
3553
6486
9360
12350
14948
18129
20146
21954
24531
27931
31333
-31737
-29959
4649
6205
6408
5384
4528
6038
8814
8424
7288
6388
5384
6398
7805
8867
10103
9648
9440
9189
9373
8981
8065
7973
6769
6337
6420
6059
5950
5580
5564
5849
6216
6910
6098
6114
6554
6664
5824
4635
3697
4615
5332
6125
5748
5724
4493
3091
3431
2956
4638
5294
5227
5988
6663
7268
6586
6270
5615
5739
6511
7638
5774
4979
5534
4960
4594
4538
4403
4257
4666
5984
7210
6571
6521
7269
5963
5320
5146
4176
5242
6170
6610
6265
5710
4910
4252
3583
3737
4574
4547
4499
4876
5948
4316
2641
3517
4465
4659
3712
2928
2768
4476
4389
3743
3602
4262
6152
5659
5197
4346
3942
4937
3944
4862
3547
2767
1372
2101
1693
767
136
1652
2103
714
933
-69
-1067
-632
-1269
-18969
-17525
-18315
-17179
-17309
-16993
-17214
-17150
-14608
-12973
-11599
-11248
-9606
-7764
-7106
-7431
-7802
-7887
-8007
-8742
-10181
-11187
-10937
-10324
-11773
-12960
-12386
-13195
-14389
-15286
-15285
-17701
-19285
-18831
-17210
-16275
-16719
-17387
-17584
-16500
-15586
-16490
-17187
-17968
-18106
-19724
-20359
-20000
-20725
-22672
-24993
-26208
-27241
-28874
-30616
-31657
-31791
31692
30842
30691
29263
28673
28428
29382
29593
28566
27717
29043
28673
27554
27623
26015
25491
25528
25559
24686
25552
26791
27380
27982
27298
27471
28223
27923
27760
26538
26706
28742
29537
29303
30424
31563
31862
32511
32382
32578
32702
31892
31885
-32646
31749
30554
30661
31376
31452
30673
30629
30765
30772
31558
32018
-32050
-31266
-31205
-29008
-27906
-28787
-29077
-29251
-28934
-28637
-27273
-26331
-24698
-23965
-24978
-25262
-25478
-26800
-26779
-26927
-27398
-28727
-29668
-29569
-29653
-31769
-32032
32755
31117
30595
31468
30635
31882
-32656
32479
31611
30506
30218
28918
26697
24842
23730
24346
22540
19955
19577
19200
18544
19419
22179
25797
25523
26830
28886
32060
-32287
-32446
32372
30611
30007
28181
27720
26107
25993
25282
25932
25484
26246
26754
26903
27569
28506
28359
27645
28534
29812
29635
32177
-32469
-31658
-30543
14166
10942
5947
7785
7282
6662
6115
3201
-903
-3624
-9311
-11044
-18107
-23783
-30791
30388
27774
24597
19709
20355
19799
17683
19497
23264
21851
23369
24037
26253
31250
32600
-29258
-22682
-19313
-17347
-12648
-12674
-11445
-9516
-9665
-10352
-14748
-10020
-10228
-17268
-13788
-13862
-17666
-11802
-11453
-11697
-12434
-9818
-11456
-9570
-11796
-13409
-11187
-12649
-11788
-11050
-12276
-9788
-10117
-14146
27690
25648
22954
23551
19801
14814
13886
11323
5135
1973
702
-2052
-939
-5066
-5472
-1152
-504
-3733
-4603
-5321
-4634
-2598
-3928
-1552
-1578
-1560
-1097
-1928
-2584
342
-2670
-6285
-4532
-3925
-10165
-11447
-19742
-22695
-20846
-25479
32179
29550
26853
22220
20126
12152
8646
7406
4567
-1847
148
6023
3087
1148
5322
9386
11389
7335
3811
5332
10542
16710
24471
-29883
-23170
-13587
-9602
-10356
-6183
-6028
-8513
-6671
-7781
-240
3343
6592
9115
11409
17801
23032
23042
22141
23636
19821
14868
15342
9121
818
-2358
-3972
-8069
-7872
-7120
-10759
-12724
-11250
-14305
-12971
-11073
-14140
-14943
-10394
-6524
-9020
-6476
-4794
-2343
-3919
-4329
-7448
-5836
-4939
-10803
-13099
-13445
-16866
-18529
-19783
-26175
-26964
-21260
-23434
-27634
-25182
-25183
-26758
-25035
-27828
9947
1698
3847
-7964
-6479
-11195
-10518
-12966
-8538
-9086
-11499
-19546
-19838
-21718
-27468
-32108
32621
-30776
31425
30910
-31310
-26584
-13964
-8401
-2014
6227
8936
14436
11600
6722
12334
9023
1627
-323
-9030
-10733
-10679
-20762
-20342
-22847
-23362
-29453
-28285
-18017
-26758
-22776
-12342
-15013
-5909
5983
4982
13017
19851
21633
26222
-27859
-28329
-22287
-11888
-7709
-6251
8605
9279
3242
10285
10690
9288
11492
7634
2266
3553
-4649
-6277
-9441
-16573
-24931
-29616
27268
20519
11131
3619
-2902
-15870
-19774
-24461
-24235
-24040
31317
20199
16817
19480
16185
23845
21855
21605
23837
30909
-25526
-26385
-25700
-25760
-25414
-23148
-22994
-16275
-16249
-23047
-21348
-18212
-19557
-13632
-10262
-14765
-13609
-10502
-16982
-5372
-8753
-14164
-14496
-9700
-12973
-14147
-6978
-14570
-7841
-1808
-2728
2785
3284
-696
5122
11453
14018
24003
24840
23208
-31641
-29403
-24387
-18891
-19954
-23270
-14032
-11025
-5459
-4317
-5058
-2914
522
-2102
1203
-774
-1374
-6413
-13031
-11920
-8306
-17492
-18284
-20435
-29123
-27186
-29407
26736
20596
17351
11080
4825
229
-4124
-7990
-13066
-20531
-17111
-19904
-30344
-31098
32171
25755
26353
25452
14972
18459
16043
16332
21410
15668
14885
20459
13798
17170
-13430
-10642
-5535
-4778
-8122
-6393
1217
2454
-825
6736
4698
2390
6247
-193
-1053
930
-4719
-11783
-13244
-16962
-15586
-19469
-25577
-22069
-23750
-21873
-20961
-20294
-17696
-19339
-15146
-14888
-14165
-13056
-20206
26453
31068
-31075
-22132
5877
23957
24343
15232
1044
-22102
-31035
-32309
26689
27422
-29877
-26733
-27977
-29215
-20933
-13450
-10591
-2718
3544
1362
8407
17845
22481
30817
-20993
12201
9982
1495
3831
2251
2205
3592
676
-5806
-12530
-14645
-22096
29355
24416
15610
9510
7448
373
-5316
-8804
-4981
-7552
-2416
4151
523
9427
15110
12097
14927
12874
4559
5841
5070
-991
-2283
-3153
-3712
3319
7592
16425
13954
12792
11981
10768
7073
15948
12692
13364
27729
32234
-30893
-21749
-19358
-20310
-13138
-11704
-8780
-6413
-9018
-7856
-9896
-13706
-15919
-20374
-29279
-29008
32704
27090
31108
-32013
-32037
-25026
-16770
-12172
2748
15846
17034
27764
27621
-32395
-28510
-24744
-22701
-16063
-14347
-15830
-14765
-15004
-15749
-18459
-20851
29404
28160
27221
13725
10710
9192
-2855
-5158
-4794
-12366
-11448
-12842
-19043
-12734
-13503
-14444
-10327
-14953
-13369
-8228
-17790
-15543
-18265
-24199
-21628
-26778
27429
-30266
-29961
24882
27664
22425
23545
29770
25060
26359
31993
20114
21280
20382
17550
13443
6624
3573
-2459
-9299
-7727
-9208
-2279
5989
7359
15354
22372
30884
-27723
-27127
-24722
-24026
-23001
-24170
-20094
-22273
-27508
-29031
32366
27743
26356
21991
19520
14334
14411
6279
4791
2262
-1554
-1926
-5425
-7035
-1433
-2017
-167
6350
3083
9346
11100
7248
17570
17295
20312
28015
28488
32283
-25312
-24224
-30081
-22019
-20871
-27586
-24802
-21185
-24808
-21531
-22986
-25880
-22120
-22522
-25681
-29979
-28989
32726
30717
-32257
27148
27118
31747
26303
27739
31510
25918
27026
25747
19233
23247
23748
20212
19949
19321
19408
20155
14952
10827
12653
5884
7946
3372
3582
3732
1643
858
1531
4992
7549
9770
9230
6357
19330
15211
17259
26030
30204
-27162
-19032
-14516
-15506
-13252
-13363
-20233
-26007
-25044
-29520
-29569
-29111
-25804
-17252
-18153
-15801
-5697
1553
8173
17692
25215
32136
-25494
-22125
-26841
-27049
-25659
-29531
31480
32160
27075
18984
17655
11163
2613
-3139
-14502
-18249
-19773
-24744
-22989
-19422
-16729
-12733
-10796
-13847
-11039
-15742
-17106
-11401
-14611
-16497
-11095
-9817
-8633
-5397
-3834
-5736
-2299
1886
7311
11407
23960
32102
-30406
-21983
-13794
-13599
-10736
-7178
-13078
-12823
-12042
-24225
-32219
25212
15767
7806
920
-2644
5024
1562
-9373
-4218
-7711
-8392
3396
9275
15321
26398
26952
25386
29182
21860
16913
18331
13755
14462
11003
3364
-1808
-12248
-23121
-31118
25412
21707
14841
10088
12882
20988
23639
-28942
-22592
-14965
-1292
2357
9062
23404
24859
-29847
-22555
-27594
-26109
-22988
-26003
-19645
-10450
-7748
1989
4384
2727
5607
10811
11399
9977
9815
9047
9763
9251
10122
6177
1918
-833
-11430
-3972
-855
-479
2055
1625
-4615
-1727
-834
-5583
-6331
-6011
-11923
-12108
-12109
-19390
-20029
-19625
-21083
-14560
-9176
-7734
-5012
-7262
-5858
-4418
-8443
-7107
-2036
-7023
-3938
-3516
-8076
-4458
-3344
-6833
1970
2366
-1887
3743
5372
9656
18098
19733
22623
20864
19064
19375
12122
6489
4080
-2433
-4796
-5125
-13231
-20696
-23893
-28259
-31935
-28685
-31154
-30928
-32596
26322
23062
22820
20156
21480
25626
27652
31537
-28070
-26068
-18530
-13861
-18710
-15367
-17135
-20213
-17820
-26418
-32525
-31530
-30077
-31006
-31069
-29288
-28488
-28462
-32476
-32281
-31358
-31008
-28102
-27325
-26412
-23175
-26956
-29630
-25260
-22918
-17544
-13252
-12309
-14275
-16386
-25242
-31670
25166
17567
6137
-221
-2719
-11580
-10215
-15180
-17667
-13651
-13137
-12180
-5253
-7585
-5215
1337
4035
11876
22490
31179
21312
16801
12761
5194
-1600
-11250
-18841
-28266
27034
21542
18177
13011
8412
4584
-1143
-6654
-14803
-20899
-29330
29408
21006
13662
10209
8667
6517
5828
2871
-1973
-10178
-17700
-26494
25841
14686
9192
4143
442
1141
1597
3376
9015
8232
12558
14295
15857
19763
24142
25286
31092
-29708
-26666
-21300
-15455
-8176
-2804
-1853
2167
6838
10307
15129
14235
12195
12470
11816
8313
7652
-647
-5587
-8850
-16333
-22770
-25862
-32218
-32561
-30929
-28192
-20141
-15796
-16547
-9268
-2244
-2562
-1099
-28
-2418
-3005
-1829
-5665
-9489
-13580
-20740
-27765
-29005
-32413
32465
29373
27390
26260
24913
22102
21243
20743
21337
27217
-31076
-28127
-21281
-15479
-9222
-2685
4775
13652
18044
23225
29446
32220
-31763
-26310
-25630
-26191
-24812
-24691
-32700
26750
21244
14003
8446
3874
-1761
-9265
-12292
-13589
-14295
-12516
-10469
-6068
1609
9011
14422
16806
19562
22495
25024
29737
-30829
-28242
-27372
-26546
-27501
-29270
-29842
-32761
31514
-30562
-27212
-24246
-21614
-24625
-24157
-19219
-20136
-18637
-15374
-14026
-14883
-13636
-16047
-18650
-23634
-26556
-28126
-27441
-29344
-32696
28114
23739
21687
16923
15696
12858
12395
13716
14975
15556
15010
14862
16374
19063
20968
23211
22248
21527
21040
-1250
-512
1204
4235
6471
7056
9311
9181
13530
18221
21906
24701
28710
32119
-30303
-26314
-23987
-20764
-19094
-16938
-14823
-13978
-14235
-13927
-14273
-14862
-16204
-17624
-19255
-22764
-24865
-27563
-30910
-32667
-31746
32544
30248
30300
28254
27397
25684
23487
21298
19986
20673
20353
20975
23583
24280
26014
29127
31284
-31092
-28897
-29907
-28790
-26568
-25732
-24394
-23918
-25356
-24259
-25826
-27300
11970
10872
8813
9753
11164
9738
7891
7528
7997
9026
8253
5683
5770
6871
7019
7474
6750
5388
5299
6162
6059
6597
6340
7442
6665
6761
6553
5316
7055
7315
8034
10111
10554
11358
12991
13142
13691
13483
12781
12385
13936
15086
16835
19119
18391
21329
24771
25486
29608
31130
31365
-31935
-31048
-31185
-29580
-30071
-32474
31918
-32529
-31623
-32234
31257
28271
28075
26608
26132
28787
27940
28204
32686
-32736
-32195
-29491
-31878
-28673
-23627
-25005
-24586
-21370
-23164
-22979
-22719
-27330
-27738
-27886
-32202
-32110
-31391
32409
-31676
-32007
29763
29245
27816
26901
29527
27840
28192
30701
29792
29747
30407
30033
29043
29141
27787
28948
30529
28617
31511
31760
-31395
-29893
-29919
-28027
-25464
-23826
-22362
-18232
-18414
-17355
-13921
-13148
-10129
-8454
-7867
-5812
-5382
-11692
-7639
-6697
-6329
-5624
-5199
-2844
-1342
33
3016
4626
5269
7036
7452
8789
9816
11024
12045
13907
15395
16152
17286
19631
20977
21310
23152
24617
26215
27271
28338
29946
28817
29743
32654
-30718
-28492
-29590
-28375
-27333
-27661
-27883
-28048
-27390
-27372
-27856
-28069
-28497
-28407
-28562
-29040
-29983
-30569
-30802
-30953
-31779
-31545
-31220
-31299
-30916
-30465
-30635
-30921
-32133
31738
31534
30775
30752
31683
31912
31996
31691
30855
30752
31037
30070
30615
30861
32405
-32370
-32057
-32211
-31494
-30600
-29875
-28449
-27109
-25179
-23561
-25159
-25154
-23961
-23392
-22447
-22521
-23997
-23706
-22564
-22607
-22512
-21167
-20571
-19160
-17683
-15266
-14811
-14495
-13935
-13799
-13341
-11848
-10705
-11885
-10816
-8732
-7001
-6350
-5969
-6236
-6684
-8146
-9390
-10379
-10969
-13406
-16239
-18230
-20779
-22831
-25369
-27115
-27872
-29368
-30013
-31357
-32294
-32246
31293
27701
24388
22524
21669
19912
17853
16774
15140
13323
12082
10248
8519
6324
4144
2760
1744
1195
-111
-1128
-1423
-2927
-3234
-3343
-2915
-3617
-2552
-1789
-2892
-4556
-4554
-3208
-579
1732
2455
3213
4990
7178
8207
12763
15730
17691
20988
23983
26021
28136
30237
31172
-30346
-27263
-25965
-24642
-23596
-23624
-23142
-22845
-13132
-15034
-15182
-15709
-16540
-15746
-15646
-15737
-15234
-15096
-16857
-18945
-19184
-18635
-16929
-16000
-16893
-17086
-17745
-18064
-18407
-17800
-18633
-18511
-18958
-19452
-17955
-19278
-20092
-19962
-19301
-18987
-19069
-19091
-17889
-17342
-16757
-17558
-17316
-16150
-15473
-14955
-15098
-14167
-12675
-12205
-11586
-11344
-12173
-11723
-12128
-11601
-10662
-11265
-12858
-13916
-12968
-12910
-12972
-12602
-12246
-12072
-11746
-11782
-26339
-26096
-25875
-25979
-25108
-25126
-24911
-24631
-24922
-24567
-25076
-25494
-26362
-25562
-26061
-27134
-27654
-28965
-27566
-26442
-26103
-26549
-26215
-25655
-26414
-25397
-24437
-24588
-25163
-25140
-25187
-24306
-24274
-24572
-23063
-21820
-22416
-22838
-23416
-23467
-24666
-24824
-26374
-26488
-26997
-27888
-29883
-32211
-32730
32269
30510
28608
26011
22971
21209
18519
15469
13711
11116
9666
7270
4344
2217
-1130
-1603
-4383
-7044
-9809
-12619
-15585
-17544
-19046
-22297
-25737
-27134
-26645
-27955
-27754
-27024
-26328
-24127
-23195
-23562
-23444
-23544
-22525
-20255
-17544
-16510
-15888
-15008
-13321
-11753
-9123
-7562
-6595
-5044
-5882
-5097
-3813
-3419
-3565
-3383
-2706
-1674
-2759
-4280
-3645
-3235
-3294
-3097
-2362
-1720
-919
-523
64
-561
-110
394
1572
1578
1909
1869
398
-160
-1503
-851
-1008
2555
2360
3269
4419
3416
1308
669
632
778
655
1144
1135
1918
3676
3232
3162
3807
2362
1361
430
1249
2825
2395
848
-69
793
815
332
-1627
-1683
304
-61
-1189
-985
144
-62
-1567
-1552
-1635
-1477
-2768
-3163
-1898
-3770
-4239
-2655
-2687
-3409
-4555
-4548
-3725
-3083
-4362
-5179
-5688
-5171
-6594
-8329
-7278
-4918
-6379
-6355
-5705
-5040
-3688
-3910
-4336
-5600
-4195
-3623
-2369
-622
-732
-2138
-2022
-3571
-2707
-1258
-1172
-2716
-4865
-4959
-3899
-4428
-5001
-5530
-5217
-5908
-6778
-6581
-7510
-8696
-10430
-10096
-9807
-10411
-9914
-9000
-7269
-6700
-7197
-9615
-8762
-7501
-6869
-7343
-7862
-9012
-10119
-9342
-10440
-10763
-10976
-11838
-11649
-12553
-13002
-13038
-12387
-10571
-9138
-9914
-10437
-11235
-11441
-11381
-12498
-13085
-14186
-14250
-13624
-13866
-14296
-14038
-14589
-14584
-14160
-14734
-13433
-12545
-13067
-13606
-12822
-12093
-12193
-11315
-12177
-14277
-14829
-14496
-16307
-17522
-18515
-19590
-18376
-18531
-17744
-16783
-15416
-15470
-15692
-16533
-17785
-16784
-16298
-16376
-16286
-16070
-16602
-16355
-17082
-17505
-17498
-16369
-15822
-15858
-15490
-15448
-15058
-14036
-13677
-12436
-12121
-13242
-12868
-13347
-14795
-15608
-15554
-16460
-16770
-16078
2772
2644
2341
2228
1023
379
11
-636
-1041
-2993
-4009
-4546
-4067
-4023
-4348
-3594
-4844
-4357
-3964
-4299
-4669
-4224
-4004
-5712
-6321
-5831
-5257
-5962
-7030
-7589
-7837
-7057
-6900
-6558
-6859
-8214
-9205
-8388
-7238
-6233
-7305
-8844
-9533
-9066
-6709
-5394
-5549
-3786
-2609
-1343
-935
-941
-892
-692
-1636
-1934
-2341
-2145
-3347
-4072
-3761
-3139
-3814
-3621
13864
14728
16147
16688
16324
17326
16470
15438
15272
15584
16053
16474
16215
16324
17001
17709
17821
18101
18362
19699
19970
18657
18917
19970
19724
19536
18209
19030
19693
19615
18376
19019
21295
21090
20466
20003
21514
20425
19990
19599
20492
20999
19226
17720
18415
18179
18407
18263
19246
19083
19894
20415
20401
21256
22911
22805
21363
23518
23564
21165
20576
19094
18718
20426
21070
19125
19554
20245
20187
19855
20963
21507
21253
21868
22610
21373
19953
20250
19594
18774
18186
18545
18272
16660
15689
16231
17598
16757
16142
16360
17161
18724
20692
20332
19021
17588
16488
16681
16281
15662
16394
16847
18380
20383
21092
20488
20856
20870
20553
20818
22113
23113
23176
21354
21115
21315
21598
21721
21634
21582
21234
20587
21337
20760
20823
21301
22171
22390
12436
12521
13893
15622
16171
13387
14057
16157
15366
14482
13545
13455
13596
13139
12911
13326
14464
15269
13680
12710
11982
11649
11753
12853
13361
13469
13927
16100
18006
17631
17774
17267
17554
19573
20707
19903
18402
17067
17131
18053
16995
16992
15547
15780
16328
16313
15980
14915
15572
16455
16972
19067
19029
19904
19336
19476
19181
19056
19297
18979
20547
20312
19520
19889
20973
20051
21042
22228
23073
23214
22366
22227
21981
21105
21088
20293
19850
20155
18674
18370
18363
17340
17332
17741
18392
17889
17204
15839
15014
14676
13783
12963
12103
11772
12020
12959
13184
13709
14320
14983
14650
14835
15921
16773
17496
17812
17044
14831
13748
14011
13457
11753
11463
10497
9339
8526
7662
7691
6450
6071
7863
8941
8523
8539
8654
7920
5567
4122
4961
6342
6469
5279
4742
5819
5497
4962
5252
5420
5334
4220
3743
2819
1310
794
-856
-2772
-3286
-3723
-5369
-6831
-6648
-8650
-9933
-9748
-9212
-8769
-9561
-11256
-12201
-11614
-12718
-11897
-12002
-13302
-13066
-13282
-13765
-13477
-13597
-13671
-13507
-13005
-13545
-13839
-13771
-12986
-13244
-12889
-13860
-13691
-13788
-13472
-14293
-15726
-15008
-14665
-15045
-15187
-14569
-13773
-13439
-13546
11538
10943
10280
11813
14705
14962
13975
14972
14360
14465
14634
12705
14049
14541
13303
13610
13812
13550
13341
14128
16575
14965
12848
14573
17343
16163
15500
15885
15296
12967
11575
13429
12409
13278
14805
15423
15847
15972
16523
14663
12328
12473
12569
11723
12052
15071
14313
13382
11931
11040
12079
12033
12909
12184
8891
10499
10314
9403
9421
10567
9703
9245
11783
10141
1703
2884
3248
3419
4607
5119
3791
4352
3446
3444
3315
3063
2069
1177
2496
309
1866
2252
1026
-202
-1257
-1358
-311
-1649
-2770
-1287
-158
467
-612
-1172
543
812
-2076
-1974
-1436
-1207
320
-146
474
735
-795
-671
145
1041
1036
1259
-473
988
844
159
-411
-500
-472
1834
-860
-1328
644
-959
-1652
-1087
399
-794
83
-713
-1266
-1115
-441
-338
-1893
2162
978
-1530
-588
-1034
464
1440
293
-425
1977
934
1201
3615
6353
4201
3971
1924
1588
1034
139
-70
1492
1884
2625
1701
-630
2021
719
-111
964
980
1065
-129
1905
1622
2372
1850
1858
1974
2564
2199
1236
-1319
1317
3448
2287
3919
4535
3059
4372
4481
4544
4484
5456
3450
4924
5521
3520
3721
6390
7791
7655
7875
5798
6059
7177
6947
7450
7774
6044
7713
8691
6812
5598
4861
6952
7968
6304
8203
6919
8299
8256
4203
9344
9634
7007
10207
9254
8230
10395
9440
6274
8898
10587
8153
7162
8444
7581
5952
6382
6023
5827
6131
5442
6655
8651
8227
4498
7355
8795
8343
9505
7646
8092
5674
3572
6059
6622
4541
7261
7618
3017
3036
6140
3984
2580
3335
2880
4225
2661
713
470
2631
-2013
-1170
2435
1224
1289
-412
-2052
-1009
-714
-1664
-1742
-620
416
1445
761
650
1372
1003
-393
-2087
-157
35
1113
-1475
-2565
-178
769
-2311
-374
-1833
-3916
-947
-3878
-4139
-563
-1121
-4982
-688
-2149
-1873
1582
-687
-2088
4002
2481
131
-440
393
-2479
-2330
-1030
-4939
-5501
-2722
-3735
-3450
-2315
-1187
615
-1445
74
1470
950
1625
3622
4003
729
3157
2925
450
2723
-725
-3080
-889
-2378
-5014
-4527
-4647
-6330
-6878
-5237
-6960
-8008
-4922
-5144
-4211
-2016
-3550
-4367
-1503
-1997
-1376
-1294
-3161
-187
-1900
-3176
46
-1945
-2014
54
-4101
-3785
616
-2288
-469
167
-993
2144
2556
1658
362
-2
191
-218
2488
3117
-233
824
-1573
-1626
-950
-918
-2422
-3176
-3566
-5828
-6305
-4772
-4415
-5806
-5191
-5714
-6160
-2373
-1324
-3494
-1974
-226
-1704
997
1105
-413
-346
-607
-472
-2225
-1179
-1820
-2239
-2212
-1557
-1296
-3058
-3304
-1646
-1853
-1620
-2199
-3271
-984
-1308
-2347
-4088
-2093
-506
-284
1115
-1156
2567
3708
2352
1677
5691
3596
2609
2436
2814
2363
2894
5620
3821
-2135
-5010
-2596
541
-21
-479
-553
-1097
-467
-3514
-5860
-1134
79
-4182
-2474
-3375
-2273
29
-4255
-4512
-443
-5093
-5991
-4491
-5946
-6113
-4953
-5826
-7620
-5293
-8852
-9292
-6254
-6599
-8006
-4657
-6220
-8561
-5926
-8252
-9794
-9989
-9635
-12287
-9191
-7025
-7638
-10679
-7737
-6329
-7773
-8717
-10399
-10729
-9393
-8286
-10923
-10443
-9417
-8724
-7380
-7187
-8465
-8896
-7385
-6481
-6480
-8209
-8713
-9196
-11191
-11222
-8234
-8633
-10308
-8801
-9358
-8403
-7575
-7999
-7681
-7915
-7418
-7077
-7635
-7131
-6017
-5170
-5836
-8074
-3395
-1678
-3407
-5747
-5698
-5982
-7833
-3953
-3042
-4782
-1967
-3934
-6290
-2809
-5113
-4281
-2192
-3341
-2689
532
-4007
-3527
-1942
-2284
-1368
-1947
-4007
-5593
-5410
-3816
-3273
-3102
-3390
-2228
-6193
-3327
-3367
-6244
-2092
-4353
-5072
-5936
-3853
-3721
-5159
-3910
-2114
-2275
-3518
-2751
-2140
-3275
-1658
-11
-3472
-4111
-2372
-4241
-4759
-2448
-4471
-4569
-2455
-1646
-1323
-167
-323
90
2706
4400
3002
3842
2511
4752
-314
-708
1333
145
-2371
-41
-3312
-5276
-2892
-6725
-4749
-3473
-5106
-1851
-4065
-7032
-5913
-7343
-11559
-7639
-6178
-7440
-8318
-7363
-7477
-6757
-7482
-8825
-5882
-5005
-5403
-4627
-4219
-5099
-2401
-2268
-3903
-525
-3455
-2218
-1689
-6129
-5420
-2554
-4295
-3223
-6103
-7416
-5395
-6440
-8573
-9700
-7751
-8827
-6962
-6738
-7299
-4929
-5029
-5098
-4696
-5123
-5576
-3559
-7121
-6319
-3984
-4228
-7297
-4773
-4819
-6329
-4287
-4548
-5978
-5277
-6113
-4535
-4191
-6015
-5638
-6025
-6083
-7320
-7508
-5858
-8718
-8217
-6963
-6629
-6865
-7905
-6742
-7375
-5555
-3987
-4280
-4709
-2824
-2551
-4176
-4616
-2327
-3665
-5565
-2634
-2018
-1233
-2479
-265
-3597
-4086
-2741
-2908
-1686
-1989
-5581
-5674
-6878
-9187
-9161
-9751
-8352
-8564
-9254
-8160
-7299
-8212
-6120
-5456
-563
-2912
-1590
72
-521
1739
1987
1315
1180
2919
-375
2105
4212
-962
-1039
568
-2258
-482
1339
-270
-910
1127
-1933
-153
-2023
-2107
-1973
-3836
-1155
-2751
-3591
-1257
-2567
-1885
-160
-776
-1928
-2315
-1017
-742
-614
1978
1409
1764
234
-3745
508
1637
-2290
-2834
26
-1832
-240
-1415
-317
1397
1367
2728
1660
125
2544
3805
616
930
-2189
-2612
-1681
94
-729
-1020
-591
-3095
1155
2087
-1246
-3825
-2434
-2839
-3051
-1936
-2214
-2871
-1462
-2312
-3043
-3107
-5967
-5694
-4002
-5415
-3952
-3338
-3275
-1663
-4111
-6151
-3792
-5615
-5430
-4014
-7510
-5078
-3107
-5691
-5455
-3969
-4278
-2871
-5403
-5927
-5328
-4312
-5970
-4315
-3035
-1934
-4050
-4371
-4507
-5222
-6545
-3712
-4695
-5836
-3792
-4717
-5440
-5069
-4042
-4243
-3255
-3329
-1431
-4243
-3987
-2820
-1906
-2298
-1255
435
-1004
-929
-1798
-3055
-3517
-1051
-1466
-1013
1369
1416
1364
3127
1648
2360
997
1354
1423
675
-1260
-1215
-228
1119
665
-49
-198
1419
2528
-1256
520
388
2391
2275
6029
3572
4211
4705
3233
4555
6125
3966
3482
6106
5781
5878
6067
6754
8223
9697
8325
7862
7961
6111
6499
5088
1691
3783
4379
4279
4868
6491
3142
2979
2691
4270
4607
2797
4378
6679
5737
7016
7104
7994
7149
6897
5086
5069
4850
4512
-1425
-1983
-2688
-2656
-2533
-3034
-4089
-4854
-5960
-7352
-9353
-9845
-8311
-8096
-8445
-9185
-10132
-9296
-8695
-9978
-10514
-10660
-9767
-10513
-10241
-9980
-10645
-12475
-13583
-12943
-12109
-11160
-12582
-12413
-11463
-11368
-11500
-12026
-11612
-11363
-10708
-12470
-13107
-13098
-15692
-16388
-18325
-20513
-21805
-21525
-21775
-22324
-23376
-25395
-24501
-24119
-24915
-26554
-27442
-27352
-28300
-28435
-29043
-30269
-5519
-5480
-5105
-5464
-4789
-4677
-5862
-5999
-5397
-4754
-3767
-3698
-4226
-4177
-2571
-1766
-2315
-2143
-1131
256
1936
2219
2580
4166
6088
6760
5769
6021
4739
3422
3109
3820
3003
2708
3603
3548
3582
2967
2071
1996
2037
2396
2532
1765
1770
1967
1338
-225
313
-1357
-1060
366
1188
1773
481
1386
1688
1652
1853
2082
2890
1462
220
318
483
767
556
493
-138
-639
-1406
-2091
-1558
-1883
-2701
-2585
-1793
-2404
-1105
-1854
-2138
-1309
-2401
-3307
-1850
-2011
-1604
-975
274
300
-450
-118
-51
420
-638
175
1175
996
201
-351
-1652
-1294
-1211
-387
-936
-995
-173
-437
-213
-197
-413
-441
-1168
-1162
-1338
-558
-2978
-4819
-6557
-6185
-4713
-5016
-7191
-6838
-6143
-5650
-5028
-2992
-22266
-20264
-18390
-15020
-13386
-11365
-8922
-7417
-6427
-3339
-3035
-712
3425
6394
8483
11404
13495
14611
18969
22869
26826
29996
-32369
-28815
-24247
-20706
-20868
-23490
-25231
-26119
-27041
-28287
-24929
-22336
-20255
-16451
-12607
-10074
-5975
-4597
-2598
1049
2881
3909
4259
4825
6822
6505
4030
2690
4392
3421
3729
7978
10843
11094
10242
12405
17446
18748
19572
21323
23838
26481
26396
25556
27415
28239
25364
25096
25092
24690
23134
20291
18556
15825
13026
10220
6952
4292
97
-4427
-7190
-9861
-13032
-17544
-19868
-21370
-24271
-26396
-26653
-29212
-32023
32019
30929
29827
28971
27871
28227
27913
25360
22946
21827
20229
18175
19532
17938
17998
17310
13141
12855
13607
12696
12966
11252
10223
10804
10745
9410
10305
7032
6267
5448
2541
2167
1406
-1968
-4894
-5741
-5907
-5749
-8630
-9656
-8197
-8533
-8566
-7651
-6951
-7600
-5731
-4284
-4920
-5889
-6265
-6350
-6727
-6174
-4691
-3379
-3458
-4805
-6576
-9632
-11355
-13287
-14599
-16006
-17960
-19196
-18063
-20054
-21146
-18590
-16293
-12979
-8819
-10215
-7460
-4323
-3201
-1784
-698
207
2903
3593
2939
3618
4499
1822
362
-2049
-3754
-5490
-9208
-11428
-10477
-12113
-12163
-11740
-11980
-11060
-9098
-24416
-27193
-29169
-26821
-26091
-23730
-21751
-21705
-20381
-20885
-23280
-21999
-17900
-20829
-23947
-22228
-23965
-27639
-26249
-27811
-27968
-27320
-26457
-28777
-26237
-23905
-21895
-19617
-21658
-24054
-23733
-30403
-29159
-27778
-30657
-29405
-30021
-31953
-27769
-26881
-25124
-21498
-22097
-21050
-21707
-22288
-22653
-19324
-19572
-22399
-23938
-22764
-20832
-19098
-16663
-12021
-9551
-9461
-7848
-12178
-10410
-8396
-13730
-17078
32449
-28915
-26211
-27417
-24660
-26467
-22915
-20334
-25539
-26038
-24828
-22088
-14799
-10833
-6550
-496
-512
461
2046
2171
3840
2252
1555
1540
1243
5408
1749
2699
5977
3620
-1444
-855
-2137
-3612
-4649
-7757
-8319
-9088
-9795
-8560
-9331
-8874
-5944
-4138
-276
2519
5387
5876
6677
7991
10523
11611
11156
12311
15558
18243
17668
16293
19229
23044
23604
27657
29993
31709
-31266
32140
28782
31483
-31278
-28697
-23084
-20628
-19246
-15556
-13454
-9272
-5357
-4406
-1948
804
1113
5654
2350
1134
1143
-3845
-5687
-4794
-10159
-12689
-15787
-20516
-22875
-25289
-27635
-31585
31060
27888
24717
22523
20584
17234
16079
12420
11988
11979
9050
4192
3051
-1127
-1431
-3511
-9337
-11619
-13811
-19762
-22449
-25320
-31079
31002
26573
22698
21130
19783
15185
14493
12934
12874
-29599
31186
30639
27664
28037
28930
30223
32227
-31567
-25256
-19686
-17415
-13540
-10648
-7378
-8496
-9131
-7716
-8926
-8192
-7155
-5354
-1408
289
-734
802
3822
6547
8050
10243
7124
7881
11168
12291
13160
13265
14743
13839
13771
14486
18829
20257
22457
22710
23039
28732
29541
27163
29886
-31945
-31859
-26705
-20226
-19251
-18147
-16997
-15090
-17674
-12113
-8334
-8320
-5063
-6229
-7142
-6237
-8082
-6163
-10035
-13899
-15520
-21802
-28270
-29129
31322
27770
25706
18840
16287
12843
8125
6474
4134
-84
159
-2071
-5626
-7535
-8719
-10607
-14155
-13491
-17035
-17169
-18668
-21484
-20770
-24058
-25369
-26529
-28068
-28561
-28131
32078
-31660
-30571
31198
-31618
-32501
30690
-30716
32042
31017
31661
30505
29452
25661
26037
30028
26046
20792
22261
20546
18139
20854
20446
19669
18079
17357
13863
11726
15797
15473
14819
17002
18323
19996
23122
18826
15646
19586
17936
19773
19801
20273
16993
19353
17228
16227
17908
15726
19794
24008
22387
20253
18125
16351
19209
19236
19435
22838
24211
23607
26492
25487
25973
31002
-28241
-25532
-24487
-24366
-19776
-13327
-14235
-8401
-5240
-4495
-2793
-6126
-5789
-4055
-6297
-6992
-4298
-3335
-2119
-1461
-3737
-1529
-3659
-5319
-5437
-8389
-4434
-5657
-6412
-7796
-7820
-12011
-11964
-8692
-10746
-12185
-12930
-13656
-13662
-14745
-14427
-14020
-11552
-12999
-16188
-17773
-20760
-21042
-21949
-23627
-28585
-31785
-30724
-32222
-30886
-26155
-25755
-19982
-13988
-13967
-11743
-8689
-9478
-6198
-5149
-2379
-1055
-2252
-415
-3331
-5470
-2550
-4820
-8839
-7391
-6918
-4297
-185
2515
5835
6892
15637
20084
23157
27894
-31130
-26083
-20141
-16221
-10499
5756
5807
3047
5239
4423
5113
8167
3612
1711
-880
-4123
-7069
-10474
-15384
-22516
-23810
-29792
-31109
30304
24736
20324
15293
16105
19053
19432
21032
22503
23938
21346
21956
22484
19901
16701
19538
23802
23455
21189
21418
25098
27043
-32470
-25646
-23438
-18245
-13247
-14091
-11895
-6817
-2648
3157
7746
10100
12561
16597
20112
23050
22223
20761
20510
20450
19275
18445
17867
15848
16558
17345
16368
16631
18293
16514
19809
21916
19701
20738
20288
21296
19874
16118
15024
12459
9992
8793
4837
1981
-871
-1446
-2600
-524
-295
-5615
-1104
-1806
-1050
371
-1795
-2544
-9175
-9376
-11247
-13638
-12916
-12763
-17960
-25478
-27410
-29495
32594
-31840
-31010
30850
-32413
-30609
-29797
-28561
-28211
-29355
-24363
-20806
-21308
-15231
-14378
-12821
-4031
-2576
-4637
679
817
-5553
-6772
-10044
-7436
-8814
-9936
-16089
-16333
-10635
-16654
-17878
-15797
-23500
-23397
-20001
-17339
-15855
-15115
-10664
-3165
1603
8340
11333
15124
19738
19722
20024
26791
28168
30746
-30188
-24134
-18990
-12046
-10841
-7210
-685
704
5212
7987
9367
15633
18033
18335
21204
30635
29948
-32626
-29575
-31443
-27847
-24707
-32086
-30065
-26408
-27411
-27157
-29228
-29664
-28661
-32560
29541
27014
25707
20477
16550
14915
12296
8998
10421
7243
5615
7190
5300
1188
1470
1497
3149
1365
-2461
1411
-2283
-3196
-1923
-3067
-109
2457
1172
701
4521
1718
4316
6721
906
1212
5261
1230
5409
7620
5260
11092
11525
11380
16852
14034
9795
10634
13545
14563
12995
11345
9514
13597
14699
15295
18160
17630
16724
19243
17897
21573
24118
20006
22101
26130
22455
20706
23338
21171
17196
13849
13259
10569
6036
6624
4130
3010
4434
2764
5051
9721
12870
16091
20182
23006
26501
-32048
-32739
-29161
-22619
-23697
-21632
-19294
-15701
-14729
-10833
-8452
-4034
-514
1135
5134
3817
8064
10426
8762
15201
13544
10002
14537
11079
13524
14691
12409
13453
15293
11988
14337
15387
11511
12784
12759
10411
13784
10943
10493
11187
8954
8216
6791
6725
3411
4887
4747
10402
11266
14060
14548
13261
16779
18843
15174
13996
15723
18149
14772
13920
17078
12517
14646
19223
17533
17945
21827
18718
14173
16108
13216
8239
8716
5243
3031
5062
5038
5003
7479
6877
6951
9794
9000
12930
13615
12680
13993
18015
19154
23775
24961
26375
30634
29433
31625
-31451
-32245
-31433
-30644
31173
31493
32018
28985
31996
32464
30045
31355
-31036
-32082
-27988
-25655
-5178
-6406
-5301
-6315
-6940
-10001
-14974
-17208
-18001
-21760
-24387
-26155
-29431
32401
31107
28690
29053
28239
29568
-32321
-32003
-30398
-24760
-26588
-26325
-25341
-29745
-25704
-21964
-20558
-14412
-9122
-1628
10025
17669
21182
25655
29235
-32310
-25832
-25358
-26104
-26442
-29143
-29047
29342
16889
9112
3179
-3020
-4922
-9566
-16460
-16741
-19291
-26793
-26350
-29845
28658
22281
17539
13753
8336
6309
3683
544
3415
-2097
-6018
-6341
-8068
-10477
-12154
-13970
-16278
-17995
-19623
-22957
-25664
-25252
-27338
-27603
-22699
-23071
-22730
-19181
-16951
-15459
-13209
-11291
-10767
-9074
-10720
-11052
-9724
-12761
-12905
-11213
-11352
-13949
-11740
-12440
-13984
-15666
-14420
-15185
-19554
-17300
-17097
-16845
-19289
-22420
-24331
-26380
-23433
-32054
31480
-32374
31344
27508
28021
27259
25389
25500
23068
22527
24047
22741
-31234
31340
29896
27940
25236
21246
15654
12785
8698
4846
1372
-2991
-6089
-8948
-15672
-20252
-23604
-28740
-30989
31026
28715
23373
19915
18254
18055
15861
14235
12263
7203
6190
6310
4032
2382
-1262
-5441
-6256
-8226
-11679
-15144
-19068
-23930
-27760
-30014
31875
29799
25322
20203
18953
16400
12376
8954
3640
-1608
-4197
-10659
-14718
-14624
-15907
-18406
-19075
-20462
-21839
-21977
-24028
-27143
-27163
-29807
-30878
-28663
-29218
-30319
-28395
-29805
-31340
-29503
-27005
-25964
-23482
-21005
-19920
-17335
-15083
-13896
-12488
-10213
-7936
-6503
-4325
-6107
-6882
-6386
-6187
-3955
-1376
-4000
-4079
-4114
-6414
-8013
-10723
-13557
-15769
-17512
-20400
-20282
-21397
-21013
-20528
-16433
-16782
-18003
-17255
-15549
-15331
-17571
-18688
-21785
-23063
-22284
-22441
-23198
-23429
-23493
-20946
-17293
-13510
-12073
-10185
-10244
-7527
-4598
-1521
1064
3464
9457
13525
16170
19166
24093
25912
28024
31024
31786
31825
32510
31715
30746
31880
31772
29676
29098
32137
-31328
-29624
-26203
-25434
-23206
-21573
-23273
-22275
-20926
-20518
-17723
-14982
-12588
-9197
-6410
-4966
1051
5228
7440
11758
13671
16322
20886
22176
23391
27453
27652
29860
-29830
-29853
-26351
-24680
-27003
-24612
-20270
-21254
-20637
-19581
-16373
-11964
-15847
-14593
-12426
-12326
-9857
-8877
-11376
-11210
-10753
-11209
-8874
-7987
-7795
-8254
-7791
-6896
-3671
-1506
-2491
-2040
-716
1594
504
-2353
-1966
-2618
-4114
-4162
-5649
-8086
-6943
-6249
-7600
-8818
-7709
-6110
-4457
-4381
-5749
-5312
-7007
-7156
-7204
-6917
-7030
-7358
-7760
-10006
-8852
-8460
-8800
-10654
-11660
-10307
-11625
-12318
-10487
-8264
-8402
-9503
-8781
-8647
-8354
-8909
-8199
-6799
-8537
-8787
-6757
-5653
-5252
-3544
-3678
-5972
-8604
-8450
-8258
-7710
-8220
-10736
-9545
-9137
-11356
-11051
-13491
-16120
-14774
-15833
-16776
-15489
-15775
-15924
-14767
-16468
-17723
-19030
-19346
-18780
-20182
-18167
-18356
-18954
-18156
-18059
-18013
-18503
-18219
-20076
-21193
-20808
-20422
-22823
-22524
-23362
-21997
-22783
-23232
-23233
-23680
-22332
-19135
-18708
-18899
-18508
-17735
-16414
-17114
-16261
-16270
-18375
-19645
-20430
-21770
-21619
-21227
-20285
-18406
-18013
-16698
-14666
-13569
-10800
-9943
-10672
-7765
-5727
-6286
-4866
-2518
-798
2635
4603
3737
3324
4764
6849
7898
10536
12232
13607
17322
20163
22921
26125
28112
30239
-28382
-21944
-18164
-15154
-12168
-10587
-9025
-7302
-6243
-3441
-3269
-2880
-2927
-3740
-3300
-2474
-2218
-2904
-3573
-4167
-4616
-6108
-6729
-6608
-8560
-8540
18948
18350
17655
14934
12804
11453
11000
11294
9003
8992
9621
8661
8061
9012
8111
7492
8334
8287
7665
8177
8127
5727
5367
3493
1293
730
-1063
-3167
-4339
-5532
-6468
-7802
-9985
-12378
-13119
-14743
-16616
-18495
-18067
-18430
-20206
-21504
-22313
-23239
-24840
-23804
-23745
-23391
-23749
-24243
-24283
-24881
-23957
-23281
-23203
-23150
-23747
-25583
-26446
-26552
-27255
-29315
-29041
-28873
-30917
-31793
-31972
-32550
-30593
-28917
-29539
-29262
-27788
-27245
-27544
-27397
-27930
-28836
-29486
-29575
-30345
-32098
-32748
32708
32481
32340
31985
32534
-32568
-32310
32456
31748
-32742
-31530
-32634
32349
-32163
-31400
-30910
-29871
-30439
-32088
-31474
-30292
-30879
-30771
-30248
-28546
-25769
-26254
-26918
-24968
-23030
-21364
-19309
-19004
-18933
-17373
-17363
-17785
-17771
-17349
-16631
-16942
-17671
-18409
-19500
-20643
-20852
-22262
-23871
-23634
-23860
-23310
-23104
-24597
-27117
-28420
-30437
-32667
31150
28383
27468
28214
28564
27478
26477
28552
29761
28330
29679
31648
-31992
-29431
-28142
-26626
-25350
-24462
-22595
-20725
-19172
-18287
-17887
-17942
-16817
-14192
-13631
-13766
-13127
-13524
-14462
-15975
-16588
-15294
-15543
-16789
-16332
-15826
-15885
-13890
-13290
-13521
-13690
-13406
-13238
-14611
-15515
-17238
-18795
-20063
-23008
-25156
-14678
-16015
-18081
-18386
-18968
-20112
-20402
-20514
-20460
-20741
-21847
-21882
-20185
-20295
-21178
-20911
-19560
-18151
-18446
-17908
-17390
-16676
-17768
-17033
-15633
-15550
-15697
-16637
-15456
-16384
-15451
-13812
-13629
-13299
-12503
-11241
-11024
-10064
-9125
-9350
-8830
-7875
-8318
-8772
-9257
-10372
-10129
-8632
-8210
-7637
-7315
-6371
-5351
-5145
-6715
-7625
-6326
-5228
-5028
-3682
-2463
-2265
-1606
-9
-14532
-15863
-16899
-18127
-17828
-17423
-18146
-19229
-19374
-19716
-20523
-19439
-19572
-20435
-20474
-20896
-21968
-21827
-21551
-21363
-22130
-23059
-23503
-22509
-23472
-23813
-24742
-25590
-25341
-25810
-25503
-24526
-24897
-25035
-25030
-24493
-23784
-23991
-22768
-20471
-18953
-18533
-18848
-18069
-19162
-18549
-17450
-16513
-15586
-14342
-13483
-12852
-12470
-12320
-10970
-8276
-6897
-4699
-3864
-2083
0
518
133
474
1242
2110
2835
3949
6134
7167
8695
9595
10257
11165
10926
11860
11913
11766
13777
14577
15184
16300
17514
19252
20108
21076
20582
20984
21290
23400
23948
22592
22411
22566
22408
23503
23620
24183
24710
25126
24995
24902
25300
25144
25758
26613
25758
26075
26202
26480
26349
26143
26158
25883
26057
28296
29236
29194
29123
28136
27092
26930
27721
28754
29313
29946
29987
29218
-11359
-12703
-13956
-15228
-15700
-15658
-14895
-14368
-13705
-14133
-12619
-11461
-10446
-9425
-7513
-6500
-4923
-1254
3531
6910
9313
12311
14956
18139
21163
24691
28154
29103
31386
-32001
-30736
-29338
-27783
-26882
-25881
-24543
-23005
-22278
-23155
-22750
-22234
-22874
-22776
-22900
-23145
-22674
-21502
-20756
-19807
-18990
-18890
-18437
-16552
-15513
-15649
-12901
-10812
-7502
-5643
-4585
-3375
-382
2245
3827
7036
10363
13400
15000
16683
18439
20292
21825
23711
27260
28862
31222
-31495
-30204
-29282
-29553
-28405
-27501
-26111
-24558
-22968
-22587
-22523
-22479
-22900
-23333
-22859
-21875
-19704
-18607
-18647
-18962
-20388
-21176
-21570
-21739
-21106
-21153
-22363
-23068
-24135
-26055
-26753
-25899
-26619
-27142
-27060
-27577
-28577
-28574
-28870
-30509
-31014
-31471
-31380
32638
31565
29845
27003
25418
22490
20748
18545
16938
15202
13138
11602
10348
8852
5838
3903
2302
618
-738
-2134
-3927
-6272
-8095
-9844
-12138
-13775
-16727
-20618
-23021
-23943
-24783
-26303
-28584
-30421
-31984
31479
29251
27273
26620
25111
22096
19516
17867
15202
12674
11839
10042
8428
6817
6072
4027
3250
2987
1700
428
-1579
-3397
-5810
-8850
-9831
-11398
-14942
-16234
-15674
-17409
-19762
-20545
-20160
-21264
-23801
-24800
-26771
-28999
2804
2555
2326
2124
2286
3016
3419
2273
2968
3391
2130
936
16
508
345
545
3
-292
-676
-492
-958
-293
557
427
-342
-557
123
544
376
-205
1053
1454
1951
2151
1725
1741
934
-377
384
1345
2118
2822
2526
2635
2867
1896
1573
2028
1665
2699
3596
4182
2108
1540
2619
2698
2022
2590
3881
1757
2063
2743
2469
3260
-31672
-30667
-28982
-29146
-29748
-29001
-28167
-27577
-27728
-27051
-26662
-25679
-25972
-25445
-25012
-24922
-24438
-23174
-21418
-21698
-21051
-20806
-21373
-20772
-19212
-18515
-19104
-17994
-16147
-15883
-15415
-14842
-14313
-13548
-14337
-14416
-12874
-12452
-12474
-13127
-13426
-12671
-12621
-12892
-13896
-13835
-12987
-13615
-13027
-11021
-9703
-9658
-9455
-8804
-8295
-8501
-8481
-7100
-7401
-6643
-5775
-4819
-4715
-4888
-4967
-6296
-6189
-5165
-4483
-3480
-3236
-3529
-2549
-3319
-3681
-2812
-798
-884
-1578
-1728
-1381
-250
-605
627
2134
2039
2867
3330
2820
3071
3113
2253
1603
3091
3077
2275
2581
3243
3515
3352
3577
4445
4871
5033
3909
4660
5577
5914
6848
6935
6686
6026
5123
5739
5417
5457
5095
5483
5692
5327
4873
5167
4907
3511
5005
4942
4546
5301
4507
5056
5001
5367
4938
5946
6398
5497
4732
3704
4529
5825
5338
6241
5533
6441
6624
5120
5267
5059
5344
5214
4815
3248
3458
4789
4182
3637
4079
3571
2820
1920
2841
2811
2427
733
1751
1823
1265
1373
934
1423
911
423
-104
1089
3057
2334
1551
1127
2651
3163
3270
3377
3435
2586
2970
3134
3621
4485
4498
2943
3286
3978
4394
2615
3352
4731
4720
4718
3425
3297
4408
4065
2333
1333
798
1201
800
-15
87
-728
-1856
-1210
-573
-72
-1232
-1378
190
307
592
801
2387
3687
3173
1183
642
1138
1446
2095
2374
2784
2547
2660
1935
1782
2669
2868
2900
3051
3781
3547
3009
3471
5237
4995
4407
3379
2547
3263
2766
1742
2228
2106
2120
2495
2725
2915
3240
3342
3597
3743
5890
5463
3948
4010
4484
4121
4472
5470
6425
6913
6581
6660
6322
6007
6083
5811
4628
4185
4528
5271
5413
7320
6885
6507
7202
7304
9074
9463
9668
11255
12325
11579
11112
10939
10077
10399
10585
10950
11925
12832
12409
11649
12466
12685
11975
11446
12134
11779
11152
9699
11539
12552
11671
11279
11510
10907
11032
10679
10773
10872
-9351
-8766
-7560
-6739
-6964
-7753
-6940
-8122
-8284
-6600
-7750
-7511
-6057
-6760
-7817
-9527
-10166
-9142
-8989
-10597
-11479
-11760
-12263
-12441
-12139
-11326
-12143
-11376
-10307
-9738
-9838
-8802
-8800
-7914
-7064
-6233
-6632
-7862
-8447
-9202
-10253
-7204
-5820
-6777
-6536
-6753
-8406
-6599
-3660
-5525
-3657
-3420
-3308
-2947
-4131
-4861
-2097
-1671
-2145
-300
-2433
-3711
-5148
-5090
16238
16301
17365
18774
18711
17372
18624
18521
16931
16305
16307
16829
17347
18165
18257
16633
17443
17519
18082
18889
19041
20082
19624
18111
17790
17398
16751
17946
19357
18842
20631
20156
19331
19603
19830
19795
19601
19502
21052
22149
21430
21595
21864
20614
19930
20851
22234
22870
22392
22192
21675
20640
21018
19832
18766
18420
21014
20286
19590
18878
19113
18949
18814
19999
19994
19964
18291
18123
18839
19615
20004
19880
20746
19043
17713
17808
17505
17139
17250
16441
14704
15488
16518
17051
16490
16978
18077
17666
16741
17312
15471
13999
12729
12863
12515
11340
10843
11193
11040
10470
10348
10021
10587
11297
10335
11237
10396
9499
9160
8946
6913
6089
7220
7134
5666
5523
4163
3382
4608
5043
5372
4941
3699
3422
5251
5759
5408
5626
7456
7440
6726
6652
5686
7076
6007
5149
5725
4756
1291
3621
2091
2358
4697
2507
4396
3952
3729
4860
3826
2956
4525
4613
5814
5369
4750
5032
2380
4896
4273
3346
5600
5060
3631
6122
8457
7703
9692
8369
6188
7634
8423
7554
8694
7978
5903
5473
6933
7141
6329
5587
6001
5714
5630
7464
7060
5970
4267
8424
8725
7178
9075
10157
10189
11022
11695
11012
10349
11596
9571
10756
11740
12440
10111
12623
13639
10942
12529
14316
10342
12159
11025
8876
8156
2659
-1408
-6075
-7354
-11377
-11324
-8611
-8028
-7133
-1778
-928
660
3341
1591
-197
1075
2440
3781
2801
3792
3593
4039
4610
5148
6733
8601
8774
6674
7798
12485
10302
10024
7920
8001
9224
8122
7540
5523
6038
6373
7171
9167
8150
3611
5255
6114
5092
5916
8256
7869
6228
7009
9042
6700
5814
7253
6671
7428
7419
6147
6560
7491
4017
5147
6552
9760
8097
5821
4337
5743
6874
4826
7225
6489
5289
3995
4337
3172
4081
816
118
3073
3361
1899
702
1117
1648
1606
-1904
1180
4387
1649
4367
3705
3108
4288
3649
1624
6658
3577
-1108
4381
3028
1812
1657
-424
1421
1479
1563
920
-66
679
3266
1728
2915
4154
3511
-1016
1334
2064
546
740
1564
1249
86
-2314
-3023
-2197
-4694
-4532
-3189
-4649
-2914
-3307
-5428
-1819
-1332
-6818
-5068
-4290
-4096
-3165
-6119
-4209
-5782
-6462
-7817
-6201
-4597
-5602
-5457
-2834
-2423
-3711
-2905
-4742
-4790
-2811
-1305
-2305
-1489
-3191
-2534
-2455
-2784
-3314
-159
-3496
-2428
299
-576
10358
9367
9450
8578
9107
10465
8161
5527
5416
5329
6643
5221
3744
6194
6449
6479
6686
6724
6341
4773
7349
8061
8737
6184
8122
6789
5581
6614
6187
6387
5368
6559
4183
4549
7717
4366
7924
9443
6270
8260
6978
6939
6565
8102
6444
5925
6346
6182
2663
4869
6281
1014
1047
2492
4664
5131
2903
1023
4497
5780
3076
5982
4441
4311
5044
3722
6644
7813
4617
5023
5324
5255
3726
2549
3799
4572
2630
3612
4430
3167
2878
5207
3723
2670
4938
4875
3942
3613
3073
3088
2517
4470
5434
4996
3271
2483
978
2143
1855
2083
3095
817
1516
1738
702
-921
397
513
162
90
85
1094
1546
-291
-3874
-3800
-856
-3149
-4847
-3368
-3126
-3219
-3544
-1968
-2796
-3171
-2147
-3582
-3414
196
-2789
-4024
153
-3492
-3012
-1069
-2461
-248
-380
-1577
1115
-242
-4952
-1210
-1362
-1084
496
-1329
-2292
-2227
-1355
-801
-949
-3673
-3441
-3264
-4656
-4613
-2546
-4549
-4010
-2600
-2823
-2738
-702
497
200
-228
221
919
249
-1667
1378
2603
2428
1731
3261
4026
3323
3999
3502
3261
4542
4712
5599
7967
3802
3001
3605
3866
5204
3970
2861
1482
-46
944
2148
826
2649
2667
2249
4665
4524
1654
2797
6595
6622
5375
6007
8666
8730
10522
10683
8851
7302
8775
7271
7295
11329
8092
7559
9643
7183
6875
8993
8688
4914
4743
5273
5815
7793
9467
9841
8325
7215
10621
10786
10088
11539
8129
8190
8978
7238
6491
8831
6798
5236
8299
6681
5041
8192
8452
8474
11163
9654
9458
10170
8022
9391
8819
6212
6273
6191
3315
4597
6903
5171
6947
6614
4878
4917
3584
5056
6291
6387
6474
6183
6272
4702
5646
4977
4886
3077
2840
2295
4370
3942
4072
4282
4205
989
2603
2307
99
1010
1062
402
-96
2504
445
-462
-759
72
-339
-1472
-1806
-2438
-1749
112
-2694
-2117
-841
-1972
-5375
-5337
-3762
-3265
-4591
-3659
-3973
11727
9433
10562
12065
10304
9534
9506
7687
5557
6381
6198
6004
5673
6945
6878
7967
10108
8429
11542
10320
9196
10215
10163
9270
8426
5780
5452
6410
6002
7068
4557
4423
5269
2558
5922
6017
1994
2929
4974
6031
7744
6485
4799
5763
4391
6094
7321
5783
855
894
8
741
3748
4234
2866
2939
3787
5635
7330
8447
8131
8636
8174
7082
-1471
-654
2148
-366
-738
-1400
-2042
-2362
2368
1237
156
637
8
-757
164
1687
2102
4351
5289
4422
4342
3681
2861
3916
3224
2925
3854
3868
362
1762
2590
611
1075
1825
2469
1742
-501
834
-453
-1179
2258
124
-360
-536
-1252
-4015
-2811
-1485
-2695
-2017
682
14
-18
-133
-3355
-676
-1012
178
679
-2226
-3300
2802
3190
-189
1530
1208
-611
1796
4003
4735
1036
1375
4498
3679
1316
3733
2698
760
2760
1981
922
454
63
-1803
-1062
-957
1672
631
1047
1380
1123
-1034
-3462
-215
-1142
-2106
1817
-714
-1419
-1052
533
1092
3634
5391
3568
4349
6227
4646
4870
3200
1316
3483
2961
647
1465
843
-1586
1641
3266
100
73
-225
1022
2006
974
175
425
-748
-5316
-4316
-3574
-3148
-2713
-2794
-2359
-2679
-3853
-1988
-3916
-6025
-6541
-6425
-5762
-5471
-6733
-7226
-6028
-4874
-5488
-4336
-3685
-4521
-3685
-1109
-2744
-2313
-3763
-3168
-859
-1964
-2907
-3091
-2609
-3208
-2691
-1899
-1835
-2275
-3244
-5142
-5644
-4293
-3825
-5738
-4919
-4306
-4504
-4572
-5553
-4613
-5649
-4088
-3602
-4082
-3390
-3597
-4587
-5671
-6861
-7780
-7681
-5748
-4687
-4692
-3811
-5159
-5641
-5171
-4860
-4288
-5843
-6255
-3622
-4274
-4406
-6077
-7177
-6952
-7251
-7749
-7513
-7470
-8018
-7806
-8837
-9568
-7464
-5894
-5710
-5290
-6958
-5241
-5091
-5517
-5770
-4975
-7604
-6775
-5834
-6600
-5605
-7111
-9043
-7836
-6634
-6912
-6109
-6590
-5878
-5282
-7042
-7540
-7498
-9683
-10191
-7747
-7859
-9215
-9270
-8444
-9454
-7561
-6775
-5781
-6761
-6522
-5511
-5797
-4787
-3069
-4001
-3566
-3146
-3584
-2222
-3778
-5054
-4312
-6600
-6270
-4795
-4867
-4385
-3419
-5137
-5246
-5595
-5601
-6414
-8064
-8352
-5127
-6823
-6154
-6570
-7974
-5958
-8897
-10283
-8992
-8116
-9019
-8922
-5626
-6919
-6258
-6406
-7935
-6635
-6393
-9193
-7962
-7002
-9642
-8559
-8788
-10631
-9592
-8037
-8095
-8407
-5130
-6118
-6281
-6648
-6401
-8119
-10204
-8861
-8109
-5043
-6660
-8489
-9271
-10054
-7902
-5801
-7356
-6956
-6761
-8763
-9373
-8260
-8191
-10367
-9477
-10024
-10519
-10522
-12600
-14690
-14895
-13539
-12892
-13892
-13802
-14852
-14996
-14738
-15032
-13771
-15287
-16025
-17889
-18542
-18504
-17525
-18308
-17863
-17444
-17964
-16627
-14961
-15699
-15876
-14821
-14050
-15607
-15337
-15063
-14744
-12893
-11760
-10900
-8746
-7763
-6692
-4882
-6313
-3481
-2891
-4488
-3416
-3648
-2122
395
-1892
-2539
-1766
-1921
-1322
-666
-2572
-3943
-5100
-2440
-1322
-2196
-3808
-1388
-1728
-4418
-4235
-5825
-4001
-6097
-4750
-4143
-4841
-5903
-8658
-9055
-9630
-10710
-12135
-11738
-14163
-16327
-16296
-18885
-22102
-22702
-24283
-24566
-24905
-25698
-25507
-28630
-30534
-31248
-31804
-31588
-30938
-32130
-32600
-32704
31959
31913
29938
29012
28618
30324
30478
29099
29769
25535
25159
26101
26684
26413
24399
21638
24949
25132
23032
25761
26330
27053
29235
26855
29403
-32633
30472
-32569
-29650
-32235
-31262
-29058
-29699
-29356
-29822
-30538
-31289
-30453
-30257
-30947
-29111
-30650
-30603
-30085
-28739
-27431
-27612
-28381
-26438
-24270
-26360
-26055
-23457
-25892
-24426
-23829
-25639
-25412
-21917
-22156
-24836
-24929
-22981
-22804
-21795
-21544
-20189
-18052
-17529
-16062
-14110
-12746
-9923
-10726
-11344
-11870
-31062
31625
31792
30526
29011
30691
31665
32511
-27793
-30317
-31024
-28844
-30351
-28719
-24413
-26074
-26566
-24646
-25224
-22103
-19647
-19137
-16274
-14005
-11163
-10668
-9440
-7018
-4253
-2902
-3538
-1745
-1539
-2119
-3263
-4930
-6494
-4372
-4001
-6470
-8175
-4836
-4967
-6597
-6486
-1155
-1996
1721
-739
-78
2022
4557
6241
7961
9851
11346
11884
9804
12821
8621
4065
852
-5598
-7669
-12701
-13872
-12984
-14574
-13416
-16612
-19406
-18828
-15378
-15229
-15193
-14758
-15482
-11395
-11274
-11899
-7865
-8612
-10405
-6977
-9532
-7403
-2897
-6684
-4511
-1949
-2267
-2384
-245
-4564
-8597
-7122
-3469
-6820
-9192
-7175
-11243
-11995
-12617
-11740
-10249
-12306
-12187
-9192
-9865
-9725
-8908
-11446
-12600
-9237
-9616
-13172
-13176
-14108
-14897
-14176
-16258
-17012
-18954
-21643
-22942
-24802
-25825
-28731
-31062
31625
31792
30526
29011
30691
31665
32511
-27793
-30317
-31024
-28844
-30351
-28719
-24413
-26074
-26566
-24646
-25224
-22103
-19647
-19137
-16274
-14005
-11163
-10668
-9440
-7018
-4253
-2902
-3538
-1745
-1539
-2119
-3263
-4930
-6494
-4372
-4001
-6470
-8175
-4836
-4967
-6597
-6486
-1155
-1996
1721
-739
-78
2022
4557
6241
7961
9851
11346
11884
9804
12821
8621
4065
852
-5598
-7669
-15086
-15045
-20355
-21526
-18452
-17842
-20862
-16973
-18585
-21782
-22208
-23313
-24637
-22474
-23456
-24438
-24262
-27202
-28351
-24818
-28996
-28788
-26976
-32518
32532
-31580
31990
-30579
-27971
-28841
-27856
-27443
-25601
-23536
-25914
-27571
-29917
-32212
31893
31391
31733
29887
31760
-30674
-31454
-24590
-20753
-18765
-11772
-10202
-7496
-5465
-3143
834
38
3100
5518
7510
4667
5668
5847
1878
-1033
-8321
-12160
-10905
-13334
-18187
-21039
-23870
-30356
-30298
-32369
26472
24209
20652
18421
17004
15318
13995
12044
11230
13539
10030
10505
15346
13208
10261
18366
16346
13909
19200
15058
14663
23233
14402
16510
19776
19219
21220
23287
21605
24796
25720
27322
27735
29063
28697
30682
-32723
-29406
-28541
-28664
-28326
-26501
-22654
-17814
-18255
-15964
-14925
-15216
-10103
-8261
-9762
-7625
-7026
-7892
-5821
-3187
-4343
-1988
-810
-3499
-1304
726
-2143
-2338
-1305
-3670
-4340
-5476
-3868
-2511
-5301
-5540
-5786
-2481
-4399
-5708
-7033
-6964
-7078
-7472
-12971
-13964
-14758
-15704
-13199
-21085
-24092
-23850
-24746
-23340
-23308
-25283
-20409
-16056
-17630
-15620
-11965
-15272
-12181
-10680
-12830
-9761
-6799
-10010
-8436
-3367
-6506
-5525
-819
-2918
3110
8670
7740
10125
15211
15966
13262
10838
12963
20762
24189
20572
23528
25387
23811
24526
25118
26417
26611
24432
23750
24310
23261
22316
20378
18768
17052
14344
17644
14211
9321
9028
4464
-897
-2196
-5561
-7949
-8804
-14511
-16423
-16596
-19691
-21285
-21241
-25024
-23611
-24371
-27957
-23947
-22794
-23948
-25008
-26061
-26131
-25222
-25577
-19982
-19534
-25646
-20672
-20893
-25471
-20591
-19917
-20565
-18628
-21791
-23374
-21220
-24889
-25480
-25510
-25623
-7894
-3973
-5873
-4521
-6896
-8592
-7866
-7793
-11164
-12439
-16818
-16757
-18115
-25976
-26812
-24217
-27150
-30480
-31553
-31656
31691
30449
24356
21418
24489
22015
19610
24822
24988
25140
27516
29095
26265
25203
27373
28019
29548
30710
-32622
-32135
-32222
-32300
-32723
30596
28783
30718
29706
29374
-32561
-29551
-24230
-21342
-19522
-13548
-11464
-10522
-4582
-1178
94
4959
5416
8123
10181
11197
7593
8830
9930
5433
5083
2734
2184
1177
1233
-203
248
-3451
-2911
-2629
-3804
-4848
-5044
-6200
-4856
-3918
-5179
-7318
-6462
-7874
-9558
-6744
-11531
-8623
-6642
-7528
-3548
345
-2653
64
2683
3750
7049
7286
5658
8705
10488
12742
13624
14883
13893
13974
18213
18079
20851
21397
20409
22895
26606
-31842
-28285
-24659
-17534
-10737
-6490
315
6997
10537
16730
18300
19840
16445
9268
10955
5196
678
212
-1416
-1271
-1870
-4980
-3991
-3681
-3005
-4727
-4582
-5819
-2893
-2951
-5407
-2818
-1837
-3301
-948
-2142
-7634
-3726
-2506
-4608
-1341
746
2225
6780
8786
12682
18670
18770
19434
19930
17863
17799
14533
11519
10316
7864
7196
7370
5809
7382
7772
6327
8311
9530
12165
15763
17610
16964
16716
22083
25473
28022
31420
30611
-32141
-29427
-27109
-24008
-24584
-25043
-24961
-23282
-26173
-24717
-26883
-29741
-24930
-27238
-29711
-27765
-28546
-32493
-30183
-30718
-31218
-25402
-26589
-26053
-19633
-19789
-21441
-14705
-11972
-11942
-6527
-2004
380
1154
1560
5903
6833
9750
10901
10659
11118
11341
12555
15043
14960
14823
12006
12753
15877
15637
13577
14413
14607
12294
13580
13898
13590
13192
13078
11359
15221
15442
14897
17257
21309
22344
21524
23378
20746
19047
21440
21340
18903
22188
23182
27975
-31047
-30264
-31362
-29862
-31717
-31877
-29213
-29295
-27411
-24429
-23904
-19152
-15497
-17328
-17918
-18532
-18377
-19866
-21784
-19947
-20929
-23913
-21833
-22098
-22531
-19053
-20211
-19881
-17090
-17474
-19664
-18483
-19567
-20062
-19868
-20023
-19503
-19400
-21154
-24505
-25235
-26598
-28215
-27697
-26514
-25094
-24117
-19363
-19306
-18110
-16461
-13484
-15360
-30640
-28582
-30467
-29742
-27605
-29929
-29721
-26284
-29716
-28599
-22276
-25801
-25058
-23334
-25690
-26062
-25286
-24936
-22402
-21826
-23799
-25680
-28242
-26846
-26300
-26271
-23409
-25364
-28284
-27581
-31616
32029
30276
29908
27426
26339
26494
26833
24254
19670
19927
20461
18385
15913
15132
13513
12976
13615
10317
7224
8165
7372
4594
4622
2011
592
505
-2877
-3922
-1882
-5181
-5061
-3257
-7856
-23600
-20499
-22565
-25610
-23774
-23966
-24810
-23763
-25212
-25880
-24232
-26429
-28060
-27561
31742
31777
-31016
30966
32002
31961
31043
31699
-32369
-31081
-30842
-31456
-32507
-30486
-31600
-32406
-29839
-32550
-31993
-31274
31568
29060
28143
22460
23532
25395
22386
22938
25621
20504
22052
24166
21841
24203
25371
23538
25213
22601
21425
26165
24969
26613
31475
28574
28893
32597
31957
-32176
-31597
31970
-30640
-28582
-30467
-29742
-27605
-29929
-29721
-26284
-29716
-28599
-22276
-25801
-25058
-23334
-25690
-26062
-25286
-24936
-22402
-21826
-23799
-25680
-28242
-26846
-26300
-26271
-23409
-25364
-28284
-27581
-31616
32029
30276
29908
27426
26339
26494
26833
24254
19670
19927
20461
18385
15913
15132
13513
12976
13615
10317
7224
8165
7372
4594
4622
2011
592
505
-2877
-3922
-1882
-5181
-5061
-3257
-7856
-22056
-22890
-23704
-24061
-25364
-25292
-27019
-28727
-30860
-28537
-27348
-28835
-29159
-31752
-32120
-30646
-31923
-32627
-31698
-32376
31832
-31730
-32726
31525
31790
30820
31336
32606
-32145
32363
31924
31629
32055
32087
-32739
32608
-31245
-29350
-29197
-29649
-28048
-25203
-24292
-22544
-21396
-20386
-18806
-18189
-18692
-18294
-17157
-15203
-15198
-14905
-13316
-12601
-14465
-14694
-13804
-12766
-11908
-11283
-9854
-9605
-9196
-8696
-10623
-9962
-10519
-9807
-8200
-8547
-7766
-3673
-1475
-342
4432
6246
6746
7156
6378
8266
8806
6508
6593
8227
6992
7500
10864
11637
12991
16030
20511
24692
26569
28765
31576
32445
28884
28503
28461
25664
25884
25648
28935
30248
31931
-30766
-25404
-21287
-19661
-20254
-18499
-18650
-21676
-22930
-24876
-28859
-28885
-26539
-25881
-24326
-21592
-21768
-20187
-19251
-22570
-24684
-26841
-29703
30102
29157
27674
24224
23949
24499
24059
25418
26824
26635
25798
22181
21979
21798
22354
23912
21862
20942
20528
18518
18191
18678
18784
19822
21318
20483
17260
14773
15362
16221
15461
16031
16527
16544
16889
19720
20643
20816
19980
20766
22068
25275
29131
30328
31010
-31836
-29941
-30207
-30663
-31824
28073
24376
24369
26207
25695
28031
29565
28981
30040
30715
29216
28585
18454
18619
17946
18418
18497
17464
15558
16060
17768
18536
19952
20895
22352
23670
22637
23192
24216
25870
27607
27172
26278
27351
26665
27009
29163
29786
29845
30433
32081
-32369
-31323
-31833
30735
29693
31152
30252
27769
28918
28866
27318
26799
26749
26808
25494
25252
25764
25804
23255
22228
22763
21583
21054
20505
20628
21992
22140
22749
23224
21513
21172
19851
19255
18079
16145
-21164
-20193
-21294
-20922
-19202
-18233
-20125
-21508
-20706
-20632
-20974
-21407
-23129
-24562
-25522
-27388
-27441
-26470
-26470
-27696
-29291
-29592
-27412
-26840
-28703
-30876
-32443
32306
32567
32686
-32580
32182
31891
-32755
-31429
-29976
-30760
-32224
32301
31913
-31933
-30740
-31359
-31849
-32544
-32266
-31559
-29837
-29385
-28225
-27342
-27364
-27647
-27424
-27725
-29820
-31405
-32195
-32223
-31971
-31880
-30672
-31067
-30474
-31101
-31199
-30439
-28923
-27280
-25760
-23945
-22517
-20457
-17534
-15507
-13176
-12957
-13831
-13463
-13549
-13799
-13537
-10686
-9869
-8137
-5291
-257
3242
6987
9636
13083
18268
22644
25573
28458
31741
-32059
-30154
-29644
-28501
-27021
-26125
-26992
-26725
-25846
-25900
-26531
-25250
-23713
-22315
-22173
-21947
-20732
-20946
-20024
-20105
-19825
-18945
-17280
-16475
-16675
-18178
-18007
-17248
-17601
-17687
-18953
-19038
-9789
-9768
-11130
-11349
-9287
-8894
-8162
-8630
-9710
-9567
-8912
-8933
-8552
-8260
-8598
-9306
-9271
-9516
-8773
-7723
-8791
-8602
-8142
-8965
-9345
-9487
-11422
-11662
-11725
-10859
-10324
-11166
-10838
-10094
-10202
-11251
-10952
-11521
-12431
-11771
-11217
-11264
-10485
-10755
-11790
-13898
-13612
-14061
-14431
-14428
-13874
-13554
-13851
-14262
-14711
-14659
-14861
-14299
-14248
-13954
-12592
-13240
-14824
-15901
-15497
-14867
-14941
-14745
-13973
-13365
-14069
-14854
-14822
-14734
-14488
-14057
-14131
-13656
-12351
-11240
-11017
-10736
-10896
-11838
-11883
-9990
-9792
-10314
-11666
-10786
-10953
-10714
-10642
-12549
-11210
-10165
-10129
-11230
-11953
-10724
-9575
-8476
-8809
-10166
-12341
-13162
-11271
-9918
-8083
-5796
-4861
-5104
-6375
-6753
-4752
-2688
-2567
-1880
-908
-60
-439
-2041
-2217
-1591
-159
379
-1231
-848
-974
-2091
-1813
-1711
-1986
-1964
-2559
-2477
-2615
-2008
-2164
-2361
-2632
-4543
-4230
-2467
-3257
-3678
-4098
-4398
-4426
-4113
-3778
-2901
-2187
-960
-452
120
1981
2917
3941
3780
3896
5296
7904
9148
10112
12211
13813
14817
14199
15696
15216
15950
16927
16985
16690
17387
18815
20065
21790
22730
24403
23710
23894
24645
25288
25213
26537
28708
30831
31373
31314
32343
-11349
-10973
-10651
-9513
-9811
-10228
-10748
-9115
-7946
-7743
-7141
-6745
-6454
-7623
-9521
-10479
-12363
-12540
-12586
-11787
-11597
-12813
-12934
-12035
-12515
-12081
-10989
-10683
-9954
-8928
-9026
-8796
-9110
-8996
-10082
-11460
-12249
-11848
-11421
-11274
-10730
-10934
-9897
-10401
-10957
-10580
-10824
-11068
-11407
-12845
-13584
-12579
-11520
-10216
-8937
-9895
-10934
-11454
-11739
-11415
-10323
-9350
-9207
-8009
-18356
-19080
-18160
-17233
-18154
-19100
-19034
-18811
-19080
-18378
-18000
-18414
-18206
-16817
-15319
-14384
-14278
-14007
-14036
-14403
-14030
-13486
-13332
-12672
-12246
-12836
-12013
-12142
-12222
-12293
-11082
-10650
-10045
-9678
-10674
-11373
-10579
-10810
-11927
-12925
-12447
-10949
-11746
-13236
-14342
-14993
-14590
-13927
-12367
-11835
-12001
-12700
-11777
-12045
-11531
-10739
-10968
-9383
-8421
-8582
-9801
-10484
-10555
-11201
-11349
-10973
-10651
-9513
-9811
-10228
-10748
-9115
-7946
-7743
-7141
-6745
-6454
-7623
-9521
-10479
-12363
-12540
-12586
-11787
-11597
-12813
-12934
-12035
-12515
-12081
-10989
-10683
-9954
-8928
-9026
-8796
-9110
-8996
-10082
-11460
-12249
-11848
-11421
-11274
-10730
-10934
-9897
-10401
-10957
-10580
-10824
-11068
-11407
-12845
-13584
-12579
-11520
-10216
-8937
-9895
-10934
-11454
-11739
-11415
-10323
-9350
-9207
-8009
6750
4988
3854
4192
2757
3187
3154
4087
2110
115
-334
1408
2227
1131
2887
4026
5228
7099
6989
5827
6367
6247
5317
4416
3880
3259
2813
3424
3160
2798
1676
1777
2217
2476
3467
4647
4240
3153
3686
3948
3005
2303
2284
3329
2612
2813
2691
1758
2486
2360
3053
4413
6027
6525
6034
6185
4635
4027
3402
3169
3600
3638
3470
3959
3323
2222
2026
3149
3547
4218
4827
4318
4342
4302
5565
3783
2728
2376
1645
1852
800
388
957
1097
660
2024
3408
5003
5577
4515
3832
4151
3872
4682
4402
4174
4236
4553
5500
5291
4799
4403
5692
5873
5416
5415
4404
3786
3872
1904
1541
1277
1813
489
-244
-1125
-1881
-3136
-4242
-4870
-3259
-1856
-713
-1678
-2754
-1619
-928
-878
-1174
-1712
-1322
572
1641
509
525
756
787
1982
1400
1140
1539
1637
2743
3515
3774
3181
1372
56
-132
-1449
-2370
-2948
-1380
-1503
-2650
-1254
-1055
-471
-846
-1357
-90
-459
337
260
-713
-1127
-2898
-2968
-2246
-2254
-1626
-717
-429
404
453
283
2431
3079
2759
3245
3245
3300
1558
77
-1104
-1261
-2424
-3049
-3481
-4463
-3526
-4691
1168
2173
1726
775
440
1503
580
-89
3
520
1040
890
1280
1310
1762
2076
2427
3747
3513
3734
3790
2830
2470
1783
1463
2499
2871
3184
3453
1376
517
1095
297
462
-737
-1742
-1366
-225
590
-222
951
1880
1856
1506
1300
2062
1821
-13
76
2545
2784
2818
1436
2200
2713
1743
1720
2503
2918
2599
2779
1804
766
1366
13949
15124
15608
14754
13894
14034
13072
11433
10584
9976
8037
6354
6686
6773
6707
7288
7674
7497
6535
7264
8396
8351
6668
6514
7769
7738
7695
7073
5863
6305
6961
6530
6068
5480
6449
5988
6494
4987
3155
2372
2372
3066
2589
2377
3340
3383
3589
3868
3131
1918
2399
4602
3379
3560
5353
4875
4226
4150
3418
2364
1821
326
-608
-619
-1028
-1210
819
1764
1868
2253
2320
2575
2202
4051
2946
2784
2801
850
722
145
1002
746
1401
1087
1679
1004
-1220
-212
939
-144
455
2594
2881
2421
4021
4686
4172
5206
4976
4578
4836
5832
6597
6417
4693
3935
2996
4254
5154
4281
4103
3971
4510
5115
3902
3214
3136
2907
3608
4604
4087
3267
2418
1527
2586
2509
3504
3185
-1869
-1117
-1688
-3135
-3271
-3321
-3777
-3288
-2241
-1970
-2932
-1198
-1730
-1124
-1182
-2528
-3809
-1629
-1777
-1000
-794
-2922
-2371
-2325
-4063
-2830
-3107
-3584
-4023
-1962
-1977
-1790
-177
-1717
-1070
-169
-204
1828
314
-791
1816
1265
-138
-67
-586
-1383
-304
-1046
-1012
-672
-655
-1665
509
1163
-1275
-1697
-2392
-1607
-671
8
-384
187
1338
3225
2591
3257
3626
3636
2282
968
3164
2208
2199
1562
525
979
2014
472
1042
1036
1186
498
-251
347
978
-231
-2278
-1809
-1213
-1349
-972
-1540
-1769
-868
-2905
-2933
-2150
-3665
-5032
-5098
-4562
-3433
-1128
-3782
-4782
-4395
-6401
-6429
-3634
-4476
-3886
-3537
-4184
-4223
-2797
-4269
-4013
-2735
-3469
-4542
-3419
-4000
-3993
-3671
-2069
-190
497
-1248
-2915
-3367
-3189
-2554
-1827
-3212
-2836
-2947
-2815
-2916
-2194
115
-476
-362
625
1145
2056
2522
2869
3387
5419
6194
4953
5929
5638
4029
3854
2825
1999
4260
3327
1023
1890
2517
2485
1355
1603
1920
2041
1270
804
1375
1809
2742
3000
598
-1230
-1127
640
1064
583
2334
4065
3503
2696
3245
3102
2128
951
50
-114
-164
-1720
-2532
4348
3754
3532
5642
5859
5957
6578
7584
7449
7636
9290
8994
10029
10196
10539
10362
10861
11020
8668
9634
9030
7179
7272
6110
5809
5611
3906
3132
4510
5017
2986
3569
2331
1700
4139
3859
3990
4227
3186
2812
4124
2585
3372
6069
5509
6067
6891
6515
4821
5133
4892
4954
4152
3276
2904
3308
3694
3516
3371
1523
2315
1172
-453
194
8534
9436
10573
12571
12125
8922
10948
11731
11200
12966
12968
12183
13357
13838
12852
11526
11094
12950
11852
14489
13700
11452
8576
7707
8236
8712
8659
8530
5442
5234
7296
6963
7903
8712
8158
9345
9532
8275
9467
5844
5877
9354
7349
5615
8959
6323
5098
6297
6408
7717
8773
6248
4885
6002
4762
6406
6863
5525
7182
7720
6335
6163
5669
3380
4348
3754
3532
5642
5859
5957
6578
7584
7449
7636
9290
8994
10029
10196
10539
10362
10861
11020
8668
9634
9030
7179
7272
6110
5809
5611
3906
3132
4510
5017
2986
3569
2331
1700
4139
3859
3990
4227
3186
2812
4124
2585
3372
6069
5509
6067
6891
6515
4821
5133
4892
4954
4152
3276
2904
3308
3694
3516
3371
1523
2315
1172
-453
194
3125
3406
4110
3962
206
-863
-472
-1900
-1079
-839
246
1098
815
-1023
333
1035
869
2617
2915
3688
3607
1708
531
956
1203
220
-732
-2300
748
2744
-629
459
3733
3579
4237
4572
6120
7724
4739
1828
4429
3969
1695
2933
3214
1832
3020
2937
2170
3406
4117
2291
769
1191
2546
2782
1554
357
552
-13
-871
-52
235
-607
804
-1159
-1422
-545
-1194
-385
-314
473
856
393
-1876
-836
-1009
-3371
-2365
-139
-947
-2996
-2237
-2633
-2983
-3500
-5715
-4643
-3897
-6355
-5632
-2544
-3189
-4040
-4225
-3092
-1959
-2733
-3490
-3416
-4966
-4459
-1635
-4695
-3890
-2741
-5633
-5298
-1429
-2474
-4645
-2380
-1815
-2813
-2880
-2378
-2388
-3724
-4926
-4087
-1412
-2143
-3957
-4148
-3834
-2965
-5474
-5961
-5218
-3749
-3221
-2317
-2807
-903
-3069
-1385
1402
-86
-115
494
-524
-102
2676
1768
-1342
-1400
22
624
-227
-419
1235
506
467
-577
-2622
-1283
-3193
-3267
-1140
360
-460
-2522
-2761
-2351
-3068
-4231
-4800
-4982
-5245
-4986
-6639
-6346
-4741
-4515
-5413
-4414
-3456
-5643
-6561
-5165
-3272
-2922
-2569
-1822
-373
-25
-1232
-2602
-3593
-2473
-3504
-4768
4870
3876
4378
5061
5851
7455
7459
7254
6822
7432
7665
8386
8121
7627
8772
9152
8345
7195
8168
7868
7020
9026
9348
8713
9608
8968
7727
6680
7219
6837
5929
6256
5195
4492
4982
5758
5769
6600
7779
5412
4251
5510
5028
4861
5325
4015
2979
5138
4574
5687
5392
3294
3138
1801
3328
4070
3983
5013
5140
3783
6085
5234
4160
3807
-7747
-7610
-7794
-8822
-6710
-7452
-5738
-5490
-6546
-5792
-7821
-6046
-4009
-3677
-4770
-3262
-4912
-3757
-3751
-4742
-3482
-3225
-6257
-5827
-3827
-5505
-6803
-4525
-5041
-8153
-6194
-7931
-6259
-5256
-7443
-7030
-7295
-8256
-9447
-12223
-12004
-10430
-11363
-9803
-10828
-12848
-9252
-8373
-10104
-8689
-9973
-9914
-8497
-7860
-7944
-6206
-6924
-6104
-4020
-5449
-6507
-6666
-7810
-7391
-6625
-8377
-7840
-7950
-8072
-6529
-6167
-8254
-7953
-8359
-8521
-7520
-7943
-9994
-8418
-7674
-8262
-7053
-6666
-5399
-2875
-2073
-3545
-5072
-3415
-1976
-3312
-2059
-1450
-3756
-6009
-5609
-3583
-2666
-3105
-5472
-5457
-5734
-5740
-3841
-5133
-5229
-4386
-3375
-2860
-1491
-1183
-810
-1849
-2782
-1472
-1289
-1373
-983
-1022
-2297
-2334
-1573
-1894
-1630
-2
-1736
-1373
-1482
-4293
-3093
-4731
-4254
-4193
-4823
-5444
-3265
-4077
-4275
-4686
-5976
-5906
-6075
-7658
-5128
-5354
-6063
-5759
-6272
-7163
-6598
-9114
-11155
-9931
-7398
-7956
-7041
-6597
-8129
-6408
-4960
-4588
-5054
-2922
-3294
-4124
-2919
-2360
-1838
-2118
-3339
-2718
-2785
-1907
-790
-1645
-2813
-2036
-2008
-3530
-2863
-2488
-2275
-1438
41
-898
-1222
-2239
-2495
-2848
-1779
-2676
-1358
770
-833
-873
1650
1772
69
752
1956
1273
1269
2531
3628
3127
1483
1111
667
2059
3528
3606
3117
1878
290
1938
1526
58
95
692
1520
-284
-2267
-3300
-3290
-2262
-1928
-1710
-2221
-2126
-3183
-2813
-3247
-3288
-2052
-1977
-1625
-437
454
188
-370
1028
1247
1036
67
-478
1234
2393
1065
32
711
1160
227
-1168
-1327
-1357
-2080
-3644
-3204
-1392
-273
-3192
-3856
-863
1869
1567
359
1021
2806
2427
2261
3226
3728
2733
4153
3623
3592
3951
5023
7279
5966
5693
5908
6394
8282
7933
8523
10743
9408
6925
7538
7918
6557
6990
3234
2813
4283
3028
-278
-87
-544
1100
1651
-522
336
2520
137
1391
4203
3048
1871
1323
2296
3984
3860
2116
783
730
799
920
139
-8326
-6063
-5290
-4856
-5246
-5487
-7185
-7200
-6027
-5724
-6003
-7081
-7182
-7993
-8446
-7543
-7031
-6935
-7744
-8637
-7762
-6191
-7224
-6583
-5715
-5092
-6288
-4954
-4087
-4719
-4571
-4301
-5118
-6311
-6053
-6893
-7278
-7580
-7895
-8233
-6790
-5762
-4863
-4718
-5324
-5215
-5129
-5181
-5387
-7447
-8007
-4113
-4434
-6332
-5034
-4771
-5362
-6096
-5388
-4916
-3923
-3110
-1429
-1714
-1893
-807
1388
856
26
-674
-155
-1422
-2022
-1306
-2749
-2818
-3211
-2142
-3443
-3910
-3930
-2818
-3209
-4479
-4881
-5040
-5515
-6145
-5760
-7262
-8094
-9102
-9399
-9986
-10884
-10976
-10765
-10557
-9296
-8591
-8728
-9766
-9717
-7881
-6633
-6659
-6613
-7542
-7108
-8479
-9332
-9122
-11035
-10486
-8882
-10533
-10977
-8864
-8483
-10541
-11045
-11090
-10385
-9349
-7531
-8340
-9579
-9048
-8326
-6063
-5290
-4856
-5246
-5487
-7185
-7200
-6027
-5724
-6003
-7081
-7182
-7993
-8446
-7543
-7031
-6935
-7744
-8637
-7762
-6191
-7224
-6583
-5715
-5092
-6288
-4954
-4087
-4719
-4571
-4301
-5118
-6311
-6053
-6893
-7278
-7580
-7895
-8233
-6790
-5762
-4863
-4718
-5324
-5215
-5129
-5181
-5387
-7447
-8007
-4113
-4434
-6332
-5034
-4771
-5362
-6096
-5388
-4916
-3923
-3110
-1429
-1714
-4466
-3526
-4219
-4086
-4286
-4464
-5628
-5425
-4146
-5311
-6150
-6070
-5978
-6483
-5755
-5372
-5665
-5751
-5435
-4302
-3577
-3499
-2938
-1614
-3314
-5094
-3970
-3823
-3710
-3793
-3335
-4907
-4315
-3969
-3802
-2717
-1871
-1843
-1792
-2081
-1796
-203
186
-697
-1885
-2942
-2545
-856
-17
-459
-229
-636
-1020
-342
633
-266
-1213
-538
-587
-439
169
69
-597
-1990
-2890
-2411
-1661
-1605
-1277
-2469
-2896
-2218
-2583
-2585
-2300
-516
1165
2239
1938
1239
306
-1727
-3166
-1406
-3017
-5371
-4394
-2657
-1668
-1707
-2085
-1597
-635
-436
-980
-1608
-1955
-1135
-2067
-1754
-1126
-942
378
-17
-962
-301
23
1072
1812
1408
2735
1999
743
1422
3176
3244
2773
4403
4617
2946
2182
2486
3119
3297
1767
2227
1081
1621
1908
1299
1041
-127
-617
-604
-186
1090
1271
570
98
1032
1536
1853
2784
3405
2562
1991
2060
1802
2677
2293
2813
2675
3584
3888
3968
4262
5107
4101
3828
2577
1793
3126
1260
-504
-985
-1233
-1457
-2911
-2617
-1941
-2136
-2947
-3159
-2629
-3114
-2514
-1506
-1731
-1285
-697
-509
-319
1374
474
-815
561
522
124
1682
884
558
-391
-4619
-2766
-588
-1553
-2741
-2985
-2972
-1426
-2123
-3292
-3643
-3119
-2640
-1784
-1718
-1891
-3772
-3899
-3197
-3629
-6097
-8115
-7392
-5453
-6371
-7304
-7158
-8035
-8041
-8404
-8728
-9125
-8455
-9206
-7993
-6912
-7699
-7887
-7856
-7487
-7270
-7620
-6520
-6252
-7448
-7869
-8021
-8120
-7088
-7846
-7982
-7734
-7554
-6595
-6078
-4748
-5481
-6116
-4522
-3322
-3371
-4023
-3246
-3031
-5662
-5583
-4415
-4217
-3976
-4275
-4095
-4212
-4647
-3169
-3742
-4437
-4026
-2855
-2646
-3725
-4800
-3936
-4620
-4468
-4258
-3998
-2856
-3046
-2951
-3026
-2441
-2993
-3199
-909
-60
18
921
951
109
-383
-1382
-2596
-4152
-1763
-1058
-1051
-298
1569
2165
2323
1776
1293
1784
3577
2315
2386
1898
923
969
177
135
-249
-471
505
1240
1655
2888
2138
107
574
1267
874
-216
-1735
-521
182
-1270
-208
786
-53
-585
-441
430
1641
600
240
1346
1722
1956
2155
-216
-303
-33
664
633
1370
1257
325
-13
1191
2017
2715
1503
980
887
560
357
-373
609
665
-762
-1221
-431
-261
-743
-1133
341
425
-13
263
780
1616
2069
1396
622
411
1143
1454
256
423
927
841
11421
8402
10131
6795
7546
8807
8317
9323
7231
6743
9944
10349
5180
5586
7216
6647
4432
673
-3567
-3562
-4328
-6102
-7794
-14179
-11415
-11340
-9311
-10146
-7348
-9664
-14284
-8859
-12824
-10936
-5383
-9954
-13697
-9637
-10167
-8939
-6890
-15222
-13362
-8271
-12433
-13597
-10546
-18169
-18493
-15030
-20776
-18842
-18813
-26658
-26063
-23728
-25338
-24600
-28383
-28506
-25293
-24459
-19898
-18307
-4569
-5544
-4689
-3000
-5511
-2647
621
-3160
1044
2376
3389
7311
7704
6864
8651
10308
13713
19657
13955
12288
17706
18277
22727
23042
19168
21485
25602
24387
24409
24955
22637
24576
25974
24587
26230
29481
25093
24636
26001
24304
21931
23434
22142
25705
26069
24613
25105
24600
22982
21344
20604
19474
20876
18048
15485
18539
14728
17506
16308
14646
11667
11898
10293
10612
13618
9932
9151
7431
7185
6019
4628
-967
-2049
-3261
-4136
-4027
-5395
-6252
-5879
-3742
-2139
-2425
-2978
-6066
-8857
-7649
-9571
-13025
-15884
-13572
-15125
-17294
-13205
-13854
-13364
-9610
-9029
-5675
-4407
-4970
-388
1491
38
4806
6460
6666
10253
10119
10452
8981
10945
12507
13152
16881
15145
12384
12199
16768
13355
12208
11760
11086
10809
7693
6681
9763
5809
1866
30455
27925
26833
22426
18190
18478
17679
14418
11899
10243
10721
10206
10601
13201
12433
10729
10540
11994
13338
11102
11504
13160
15095
16513
18308
18152
17925
23056
21250
20714
22585
23562
23900
25262
25971
29945
28980
27078
27426
28352
29433
31713
32551
-32208
-29966
-31752
-30334
-28000
-26901
-29351
-27161
-27791
-28480
-28476
-30648
-30180
-29873
-30933
-29021
-29903
-32108
-28343
-28572
-29155
-25805
-29011
-26836
-25581
-25998
-22109
-24930
-28718
-27886
-31396
-31054
-29076
-32038
-31977
-28397
-31986
-31453
-28526
-30900
-30472
-26477
-26423
-24601
-21161
-21783
-19227
-19537
-15427
-12800
-12990
-7884
-5484
-6966
-2883
-1949
-3985
2049
2532
4214
7330
2559
3712
6158
3136
970
6949
5609
5501
9043
6630
5925
8560
5225
4716
6347
3843
2572
4882
5315
7811
8453
9311
8534
10428
12533
11847
10322
12339
11176
12394
12496
9692
5464
9822
9389
4248
10108
10580
5981
11014
11495
7474
12635
10730
9692
12078
10031
9734
16408
13070
10434
15866
14613
17655
22494
20493
24543
25553
24186
24652
24572
20360
20298
19567
16109
14881
13577
7009
8161
7245
4178
4009
4124
3115
3779
6702
3942
4976
6494
5301
6574
5571
3889
2794
2033
1053
-977
-1003
-22513
-21684
-17523
-12333
-11463
-5093
-3215
122
7912
7577
8230
12258
16138
14082
15782
17632
17603
18768
18158
17370
16208
16149
14822
11024
11392
12611
11585
8394
9361
4898
406
6182
-715
-2308
-1541
-6403
-8364
-8968
-8188
-9371
-9878
-13791
-12765
-10200
-8455
-8609
-8806
-8256
-6163
-3559
-3005
-923
-320
-923
4750
5313
4494
8809
8583
6306
7122
8146
6435
5860
-27438
-22501
-20922
-26475
-22737
-22949
-24318
-25891
-27475
-30677
-29698
-30420
-32727
32675
32142
29365
24945
27382
26926
25724
25624
21844
24894
22321
18035
17235
17079
17033
17325
13938
15878
17869
12864
13847
13730
10249
10171
8616
6353
5447
6043
4935
3458
-2043
-4063
-8057
-10332
-9131
-8224
-10458
-9755
-9643
-13318
-9034
-7439
-7825
-7016
-7254
-9159
-8023
-4723
-5352
-4533
-3506
-4824
-1530
-101
-1444
-445
-1003
-350
2207
1208
2864
1680
3503
4909
3705
7346
7609
3818
6510
6887
3573
7533
12077
13958
17390
19817
19560
21261
24378
23497
23105
23779
22516
22276
23206
19414
19913
17193
15196
14559
12979
9428
6366
2303
1299
-1888
-3309
-7737
-10646
-12711
-15574
-15627
-17416
-22338
-23781
-27546
-22806
-19706
-21553
-18302
-19993
-19557
-13371
-11966
-12261
9481
7644
7650
6882
7294
6596
4400
5415
8203
4952
2954
4383
4359
4254
2519
-470
131
35
-2535
-4344
-3347
-4895
-5954
-8038
-9026
-9780
-8371
-7978
-8610
-10029
-11622
-12025
-12206
-11335
-12103
-11684
-13120
-13731
-13262
-13228
-10249
-10821
-10268
-8697
-7990
-10114
-8604
-8161
-10232
-9294
-10940
-12234
-10753
-11144
-10012
-10313
-9710
-9553
-11393
-10971
-10779
-12078
-10889
-9009
-9319
-9444
-9791
-9334
-8365
-9870
-11231
-10338
-10205
-10113
-8086
-8642
-7682
-5595
-6787
-4558
-3885
-5795
-4598
-2744
-4325
-2988
-2091
-1307
-574
-233
122
289
630
2362
4123
3923
2909
3509
6946
6688
8934
13447
15991
18214
18349
20706
23076
26782
29578
30330
32701
-28891
-29532
-29270
-28424
-31407
-31428
-31860
-32591
32337
31597
29388
29860
28016
26132
26830
25965
23235
21674
20672
18721
18272
15439
13634
12008
9148
5939
5942
6268
1409
-2367
-4368
-5186
-6657
-7479
-8099
-7677
-9733
-10214
-7723
-10763
-12232
-13141
-13056
-11415
-12373
-12845
-11691
-14221
-15188
-13503
-13158
-14067
-12675
-12742
-12060
-9732
-10824
-11094
-8352
-6727
-6921
-6642
-8468
-9558
-7088
-7016
-8624
-8200
-6949
-3857
-1774
-1645
-2775
-558
-418
-126
1080
914
2338
847
2955
-20339
-20980
-20687
-19426
-17762
-17386
-14997
-14798
-14508
-14111
-13303
-11263
-8727
-9469
-9994
-8750
-9104
-9188
-9179
-10566
-10911
-12677
-12814
-12706
-11149
-10854
-11800
-11962
-12171
-11385
-11555
-13464
-15727
-16566
-16507
-17407
-19906
-20803
-20509
-21136
-23745
-22995
-23915
-24667
-24352
-24892
-24956
-24939
-25983
-26076
-25315
-25942
-26683
-26317
-27883
-27642
-27835
-29073
-31513
-31522
-32511
-32583
-32170
31381
-14755
-15717
-15406
-14910
-15176
-13471
-14695
-13860
-12281
-10955
-10976
-9901
-8710
-9381
-10093
-10863
-8514
-7007
-7143
-7242
-7555
-5500
-3950
-4465
-4129
-5518
-5956
-4752
-5398
-5283
-6505
-4961
-3715
-2677
-2460
-1498
-614
-2581
-2731
-3602
-3470
-3182
-3885
-4552
-3524
-2279
-2030
-2008
-2987
-2740
-1823
-1472
-1646
-732
-74
-2019
-1744
-1627
-1904
-2898
-3967
-4133
-5320
-5333
-4493
-3419
-4845
-7799
-8024
-7540
-6668
-7062
-7483
-7794
-6837
-6294
-6540
-6066
-4423
-4800
-4709
-3497
-2985
-2051
-360
-3745
-4479
-3358
-5329
-7055
-6576
-7684
-7117
-7502
-9046
-10566
-10095
-11179
-12903
-11090
-10987
-11534
-11197
-12678
-11923
-13970
-15177
-14136
-12919
-12951
-12099
-10886
-10991
-11037
-11207
-11128
-11129
-12483
-12978
-14151
-15108
-15018
-16570
-16912
-15482
-14277
-14236
-14951
-3703
-3413
-3771
-3340
-2950
-2068
-1911
-3795
-5362
-5257
-5891
-5344
-4181
-3776
-3652
-4445
-4503
-6605
-7579
-7750
-8155
-8984
-8430
-6882
-6019
-5841
-6441
-6426
-7619
-9425
-7937
-7687
-8547
-7896
-6833
-5960
-6324
-6452
-7497
-7650
-6015
-5739
-6226
-5752
-3503
-3549
-4454
-3156
-1392
-1427
-1913
-3515
-4172
-4131
-4767
-4985
-5404
-5637
-6160
-5532
-5677
-5129
-5661
-6103
-4851
-3587
-3678
-2524
-1288
-744
-837
-590
-642
-1817
-1756
254
1349
-22
56
1344
1796
935
1736
2317
2057
1994
1961
1235
937
1152
570
-1075
-2705
-2520
-2384
-2675
-2473
-2581
-2501
-1483
-186
500
371
-2853
-4152
-3873
-3325
-2967
-2032
-2806
-4286
-4519
-4190
-3050
-4270
-4399
-4877
-4228
-3290
-3177
-3679
-4051
-4557
-3761
-3566
-4997
-4515
-4546
-4886
-5642
-4186
-3751
-2966
-4523
-5308
-4448
-3830
-4049
-5257
-4546
-5363
-4023
-4043
-3547
-3693
-5229
-5822
-3731
-2971
-3868
-3412
-1976
-1362
-1183
-1712
-1991
-704
-474
-701
-2302
-2212
-2070
-2756
-2971
-2807
-2664
-2468
-1783
-2422
-3117
-4132
-3271
-1838
-1986
-2138
-2705
-1145
286
-337
197
966
1596
1695
1988
3133
4172
3977
3668
4557
4987
3835
2785
3578
3222
2659
2624
2293
2494
2863
3760
3730
4732
5279
5766
5406
5266
5144
5927
5496
4920
4674
5911
5246
5194
5801
5076
5679
7005
7928
7835
7118
8616
9351
9474
10018
9933
9907
9893
9162
7510
6595
6552
5700
5114
5873
6732
7438
7005
7398
6425
5738
6573
6259
6406
6293
5760
6073
5796
6484
6411
6242
5319
4459
3602
3572
3539
14467
14269
13451
13116
15370
17222
16702
16817
15342
14651
15891
16573
16394
16524
15319
15318
15033
14562
14707
14304
13623
13486
14118
13453
12552
13091
13639
13036
12367
11861
11334
11141
10404
10578
9562
9891
9559
9339
9006
8008
8447
9493
9205
6789
5790
6523
6802
5864
4316
4587
4943
4082
3240
1793
480
65
-2318
-3674
-3849
-3603
-3028
-4155
-4773
-5003
-6642
-8094
-6627
-5807
-6433
-7211
-8447
-8429
-8965
-10311
-9983
-9097
-9576
-11224
-10556
-9528
-8803
-8252
-9033
-9045
-9261
-9860
-11443
-10230
-9095
-9181
-10589
-10507
-11117
-10500
-10882
-12315
-12227
-11825
-12070
-11757
-11513
-10707
-10006
-9709
-10062
-10116
-10259
-9853
-9715
-11006
-10907
-9683
-9398
-10814
-11438
-10301
-9311
-8337
-7962
-7626
-8596
-9565
-8419
-7454
-7263
-8086
-7990
-7235
-6730
-6762
-6173
-5976
-5146
-5572
-4950
-4052
-3973
-5087
-5125
-4330
-3978
-3252
-3377
-4194
-3630
-4000
-4754
-4789
-2704
-3116
-3440
-4215
-5788
-4980
-4025
-2881
-4377
-4914
-3898
-2772
-3308
-3154
-4284
-4926
-4987
-5111
-5418
-5813
-6725
-6469
-6030
-5657
-4815
-4410
-3697
-3902
-4442
-3932
-2799
-3473
-3553
-2459
-2655
-4350
-5133
-4953
-4570
-3598
-3664
-3041
-1684
-882
-854
-1792
-1562
-1264
138
1611
436
-671
-978
-512
-357
-1686
-2131
-491
379
-237
-608
-313
612
995
1010
1631
1585
1538
1784
2707
2457
2645
2780
1887
1507
2342
2317
2477
4199
3655
3157
3615
3233
3573
3222
3045
2798
1928
339
729
1257
735
522
602
1104
1698
1853
3137
3477
4578
4700
5364
6467
5781
5666
5832
4155
4928
4698
2565
1950
1069
377
435
388
926
2084
1309
919
1148
1630
1392
792
1140
1663
1674
1206
933
419
1417
2448
2929
2550
3897
5114
4860
4415
5169
5663
6145
7346
7289
5820
5109
5792
5725
4793
4194
4474
3868
3415
3408
4228
4534
4471
2539
2449
4472
4406
3944
4090
4625
3617
2285
2841
2951
2453
1778
2637
3581
3597
3082
-1922
-2161
-2337
-3826
-3504
-2755
-2686
-4338
-5247
-4585
-4247
-4239
-3684
-3501
-2775
-2238
-2521
-4181
-3845
-2683
-2409
-2386
-2347
-2828
-3009
-3235
-3138
-3570
-3242
-2531
-520
-538
-1918
-2576
-2024
-894
-532
557
911
-594
-112
146
-252
-815
-706
240
174
-1353
-1805
-462
-243
1124
1025
583
-480
-1763
-1369
-1061
-1586
-1323
-659
-207
-46
-1028
-987
-2598
-2165
-1596
-3019
-3194
-3572
-3885
-3875
-3890
-3833
-2945
-2609
-1900
-1132
-1136
-642
-25
-32
-457
-52
-98
-18
172
943
1493
1261
467
248
339
929
1102
698
1498
1086
1815
1943
1219
2515
2152
1439
850
2120
3760
4115
4499
3803
3937
3566
3813
4651
4104
3286
2604
1580
1798
2012
1969
2832
2882
1282
714
1121
1574
1248
1654
2307
2406
3036
3799
3918
3021
1469
1716
2222
3282
4179
3576
2927
3536
3393
3970
3897
2991
2045
2626
3602
4490
2737
1562
582
-539
139
432
-268
-2328
-1699
-426
123
335
1125
981
144
-592
-1955
-3054
-2819
-3168
-3821
-3283
-2997
-3022
-2566
-2671
-2833
-2371
-2175
-2725
-2206
-1798
-1880
-886
-489
263
335
1298
438
751
-792
-1062
-1255
-3092
-3953
-4124
-5116
-5194
-4769
-5608
-4969
-4046
-2813
-2729
-3460
-1880
-1041
-2616
-2754
-1975
-850
-759
-1301
-689
-510
-819
-2534
-3648
-3024
-2304
-2105
-2120
-350
354
240
411
1650
539
-426
-1399
-2209
-1971
-2009
-2290
-3344
-4279
-4787
-5342
-6290
-6529
-5236
-3731
-3013
-3358
-2771
-2602
-2106
-2326
-2329
-1639
-1413
-253
-1045
-1040
-2908
-2487
-2087
-1112
-106
455
-175
1177
1494
-651
-926
402
1443
2184
1282
2035
1105
632
572
253
-559
246
815
-207
110
-92
-1528
-2012
-1441
-704
-1369
-2328
-1617
-1606
-2275
-2336
-1914
-2351
-2577
-3322
-3197
-2648
-3680
-4906
-4633
-4271
-4358
-4710
-3035
-2928
-2677
-2631
-3163
-3014
-2986
-5261
-5707
-5162
-5402
-6084
-5904
-5753
-5234
-4122
-2693
-1481
-1423
-674
818
702
894
794
-136
348
1004
1659
1246
1007
828
1233
2568
1234
-918
-256
198
1287
1245
914
2243
2633
2665
3099
2905
2357
2651
3440
3780
3679
3579
1620
950
1668
1267
1791
1714
1402
507
913
767
-177
24
1068
921
2111
2775
2333
1331
155
-1116
-1458
-2516
-3545
-3452
-2994
-2834
-1822
-1323
-1059
3365
2804
1688
1003
1068
-240
-707
-1104
-1451
-1687
-2113
-1707
-1877
-1051
471
-15
-1420
-1688
-971
1048
992
624
1698
957
111
-162
807
2215
2841
2637
2038
1728
2591
3197
3226
2951
2201
1642
1781
975
-169
-864
-1271
-2003
-2044
-1415
-312
-324
-979
-2681
-2651
-1942
-2070
-1622
-1428
-3005
-3654
-4039
-4256
-3500
-3573
-2900
-2176
-1724
-4021
-3677
-3794
-4162
-4991
-6463
-6210
-5284
-5163
-4400
-3103
-1552
-2072
-2944
-4002
-4793
-3981
-3295
-3697
-3839
-3152
-4368
-3248
-2636
-2867
-3042
-2749
-2084
-2168
-1884
-1815
-856
-1799
-1701
-82
-589
-1459
-2669
-3854
-4400
-4647
-4585
-3511
-1813
-1941
-2256
-1566
-600
-1397
-1996
-1894
-1966
-1465
-1811
-2605
-2008
-2243
-1901
-2739
-1489
-1624
-1735
-167
203
54
544
60
46
662
2117
1571
142
884
864
-610
-321
-724
-548
-570
255
981
1292
186
178
1200
1032
-462
-1655
-456
-508
-3018
-3656
-3360
-2627
-2401
-2498
-2905
-2546
-2837
-2695
-1538
-1689
-1287
-1697
-1908
-1363
-1701
-2575
-2578
-3302
-2402
-1246
-1740
-996
-496
-404
451
1999
1690
1892
3186
2725
2291
3161
2845
2739
2121
1673
631
2204
2194
1762
1450
573
237
1848
3147
3911
3961
4565
4742
4502
3884
4709
6814
6604
7464
7752
5099
3535
5477
3387
1162
3170
3743
4716
6259
4765
4906
4789
2282
2409
3516
3574
4271
4680
4902
7169
6830
5950
6009
7842
9096
9313
8044
6469
7121
6760
5021
4890
6502
6650
7219
6254
4250
3108
2773
3018
2739
3671
5235
3811
5379
6227
5514
4499
4534
4505
5079
4119
2570
3361
4561
5119
6103
5602
3957
3800
5960
7536
6653
5438
5377
5311
6541
4683
5354
7786
8158
7614
8035
6534
6758
5484
5268
5560
6612
7418
6857
5304
3778
4831
3402
1966
2356
3229
3874
3449
3971
3294
2482
1561
3294
3604
3491
4318
3005
2301
4821
3633
650
1231
338
2171
2319
1216
1232
2019
1228
2339
2209
913
980
-1103
-1865
746
29
964
165
-144
755
625
-1274
-197
-79
-2324
20
292
-362
-2097
-1460
-2079
-1520
580
-212
-1657
-2755
-2528
-3025
-2080
-2588
-1563
-901
-940
-2973
-3469
-2642
-4427
-3205
544
242
-1254
1733
2191
-376
3816
3522
2782
3109
2668
2239
3967
4182
3981
4135
3000
3532
5616
4819
3383
-7912
-6061
-5409
-6802
-6738
-6567
-6327
-4635
-3070
-5198
-4534
-3196
-2972
-3135
-3803
-3875
-3309
-1511
-1571
-4186
-3570
-4144
-4860
-4166
-4119
-6974
-7964
-4070
-5433
-6125
-4249
-6301
-9155
-6849
-7946
-8527
-8143
-8476
-6079
-5110
-5543
-5890
-6674
-4431
-1865
-2952
-4560
-2650
-3933
-3485
-3609
-4630
-2998
-3060
-4814
-3916
-3130
-4294
-3036
-2402
-3733
-2308
-1336
-2966
7809
8807
7809
7346
7799
5215
7023
8139
4794
5144
6422
5264
4976
5484
4767
2978
1969
4854
2723
1464
3881
2499
1913
3207
2279
1153
1770
213
-1630
-341
217
-243
-1020
-2283
-1967
-697
-1360
-566
-780
1085
2226
1464
145
1439
2179
784
229
1420
1312
227
-17
329
1362
851
-73
551
-674
1250
2306
2423
1948
2678
2177
805
3522
2112
-352
2626
3145
68
1384
2884
2838
3095
2534
2756
3623
21
-1074
-22
-581
421
499
-3871
-1191
283
-1188
463
1188
468
2057
2764
1472
3710
2911
-644
1510
2079
816
706
3762
1008
-189
762
429
-358
-360
-1146
84
-823
-3975
-4400
-4259
-2662
-2564
-3590
-4599
-3226
-4492
-5567
-5996
-6094
-4753
-2891
-3272
-3503
-1636
-2487
4659
2769
3847
4199
1383
3623
5108
3260
3506
3636
2763
1510
712
1932
2527
-146
1001
2349
2197
2313
2539
3538
3777
3166
4666
4921
4602
5167
4647
2206
3803
4893
3136
3788
3990
4281
3633
3866
1717
2616
2430
806
917
646
91
-1240
-218
-644
-1939
1768
1461
1277
2110
-2036
-1218
273
1019
121
-1928
-2301
-1447
-2181
-850
-1428
-2325
-2957
-4121
-4207
-4060
-2876
-3167
-585
83
-2620
-1630
-2982
-2540
-3075
-2858
-3561
-1474
-1358
-5464
-3431
-1748
-4766
-2271
-1531
-2217
-1873
-1217
-3990
-3397
-3346
-4873
-5563
-3623
-3564
-3258
-1600
-3500
-3005
-1074
-1216
-2111
-202
2937
3121
2941
2523
380
952
2213
463
1009
2683
2106
783
2029
2514
4346
3345
3226
4525
3678
3870
3205
3243
3359
2976
3544
4106
2555
3171
5240
3983
3602
5021
5385
4098
4972
2414
1651
5272
2102
3888
3811
1793
2902
3669
2530
3494
3189
-1107
1528
4670
2681
4061
3335
2565
4034
3835
1939
1139
563
2563
3085
1594
3440
4586
2613
3930
4101
3328
3579
4393
3510
4314
4962
3888
5545
4129
873
1202
2090
-54
-1108
-984
-1487
-479
102
-465
5307
4315
4474
6311
5120
4372
3909
2271
2267
1717
1648
3231
2933
2255
4533
5436
5442
6248
6342
6708
5430
3922
3836
4736
2640
2399
851
715
1404
-29
-1165
-2705
-3557
-3121
-1901
-1788
-134
1336
-296
-86
205
-193
27
1292
-509
297
507
-1368
-2267
-3156
-3698
-3342
-4403
-3750
-3632
-5732
-5704
-5593
-5218
-4349
-4775
-5549
-5389
-5001
1333
1224
-8
-1515
-1363
-588
-1047
-573
-813
-1648
-494
-785
-481
-25
-668
-1104
-694
-2579
-864
-385
-3223
-3420
-2223
-2169
-629
-21
-201
623
239
76
1079
-124
-740
1013
1023
1830
-260
-1261
-1390
-1779
101
-289
195
380
-1132
-601
-773
748
2715
2824
2378
3057
1388
1352
2148
261
701
2517
2217
2789
4770
3928
1731
4044
5307
4315
4474
6311
5120
4372
3909
2271
2267
1717
1648
3231
2933
2255
4533
5436
5442
6248
6342
6708
5430
3922
3836
4736
2640
2399
851
715
1404
-29
-1165
-2705
-3557
-3121
-1901
-1788
-134
1336
-296
-86
205
-193
27
1292
-509
297
507
-1368
-2267
-3156
-3698
-3342
-4403
-3750
-3632
-5732
-5704
-5593
-5218
-4349
-4775
-5549
-5389
-5001
1288
1452
869
-478
-1067
59
-890
-1876
-1909
-1036
-229
-1184
-2291
-1965
-388
-2146
-2739
-1939
-1459
-895
294
1392
1941
1865
1193
1588
1085
1115
2524
3602
1597
1417
847
-284
280
751
-142
222
-905
-366
-349
-1578
-2373
-3849
-4605
-5012
-5257
-5592
-6515
-6024
-6650
-7530
-7051
-6413
-6973
-7326
-8451
-8430
-8166
-7678
-8395
-6608
-7447
-8891
-8021
-8712
-8725
-8416
-7880
-7449
-7013
-7909
-9412
-9010
-8884
-9720
-10372
-11683
-10463
-8857
-10953
-11947
-11238
-9881
-8749
-6398
-4981
-4971
-4869
-3861
-3631
-4138
-5126
-6094
-5952
-7416
-8252
-8510
-9018
-7962
-7322
-7150
-7332
-8410
-9080
-8903
-8228
-9833
-9898
-8355
-6132
-5096
-3475
-4082
-5841
-7322
-8330
-6697
-5879
-6057
-6130
-3842
-2464
-4096
-4591
-4164
-4310
-3433
-3253
-3401
-1951
-1123
-1834
-480
-451
-1042
-906
-844
-288
-943
-719
-839
-662
-932
-968
-546
-579
-1970
-3179
-4890
-6619
-6666
-6976
-7093
-6610
-6569
-7263
-7013
-6067
-5333
-5562
-5860
-5936
-5019
-4887
-4925
-5718
-5663
-5988
-6911
-6327
-6550
-7819
-6906
-5779
-4058
-3360
-3797
-4583
-3395
-1831
-1338
-251
671
-936
-353
683
-377
-1816
-1873
-609
-470
3117
4140
3254
2940
2019
3170
3645
3336
2755
2644
4580
6090
7015
7157
7058
6362
6569
8468
7458
5677
3881
2085
2293
2435
1340
1142
1164
815
-208
-1904
-1518
-1587
-2112
-1429
-810
-1001
-1197
-483
944
1655
-112
-1581
-266
474
693
987
810
279
19
-176
75
508
333
1142
1285
1971
724
106
-87
229
866
-318
543
-91
-7102
-7979
-8254
-8014
-9302
-10505
-9598
-9080
-6117
-4023
-3745
-5089
-6518
-5872
-5295
-6508
-7019
-6457
-7409
-7856
-7071
-6847
-7514
-8616
-9675
-8727
-9062
-10183
-8170
-7076
-7494
-7974
-7541
-6356
-6307
-6843
-6847
-6615
-5520
-6266
-6802
-6215
-4958
-5128
-4615
-4580
-4318
-2370
-4056
-4972
-5700
-5946
-5344
-4916
-5532
-6523
-6599
-6597
-6619
-8209
-8694
-8141
-7667
-7513
-7824
-6886
-5217
-4074
-3140
-2423
-4164
-5161
-4242
-4010
-3142
-2740
-4144
-5014
-5786
-6506
-6164
-5940
-5863
-7741
-7518
-6833
-6713
-6634
-6056
-4615
-4765
-4852
-2693
-2973
-4802
-5276
-4687
-5152
-4260
-3316
-3300
-3315
-3483
-4321
-3701
-3830
-2899
-2974
-5190
-5917
-5126
-4276
-4032
-3810
-3548
-2539
-2110
-2171
-2133
-2929
-1985
-653
-1479
-1354
-1544
-1310
-1999
-3988
3361
3628
3151
3968
3474
3452
4230
4177
3970
4497
4790
5043
4468
4284
3508
4299
5115
5454
4293
3370
2719
2211
2483
3133
2718
2877
2359
1030
423
-632
-1576
-713
-515
198
544
1120
2531
2434
1449
746
230
49
787
3529
2773
1565
1403
2111
1834
1219
1317
616
63
-572
-1834
-1649
-836
-2499
-3606
-3641
-3396
-3235
-3041
-2218
-2385
-3033
-3566
-3017
-3802
-4330
-5420
-5928
-5788
-5620
-5873
-5572
-4672
-4074
-3841
-4112
-4661
-5239
-3712
-3350
-3544
-3549
-4317
-4839
-4474
-4557
-4649
-4243
-4338
-5220
-5438
-3581
-3369
-3606
-2775
-1165
-172
1178
2136
3213
3280
2723
3658
4847
4210
3729
3705
2889
2992
1423
748
1264
2809
2247
1530
1990
1856
2345
2709
3440
2989
2644
3218
3041
1919
2176
2605
2038
1543
1831
-165
-1622
-894
-215
1045
1766
1727
1579
2051
3074
2777
2496
3375
2140
2612
2419
2937
979
-353
-431
-1254
-1709
-1653
-1946
-1831
-1974
-3751
-4080
-3118
-3534
-3536
-2430
-1439
-2918
-4427
-5026
-5790
-6534
-6222
-6184
-6593
-6255
-5903
-6215
-5688
-6129
-6008
-7707
-6894
-4854
-5892
-5752
-6380
-5271
-6054
-6520
-6242
-4755
4103
3552
3324
3897
3229
3644
3691
3534
2454
2304
2275
1808
1802
2755
2151
1969
825
1859
4326
3040
2335
2898
4418
5012
4746
5423
5554
5438
6036
3852
3889
4507
4563
4578
4048
4162
3817
4383
3555
3008
3280
5234
5825
5284
5617
5645
6526
8460
8767
8657
7360
6741
8550
8708
8311
7695
8209
9284
10341
9939
8603
8526
8297
7643
4145
5290
4338
3675
3830
4197
2601
2105
2945
3640
3574
3262
4214
4320
2676
2897
2904
2441
2867
3842
4338
4323
3844
3378
3379
3291
4008
4676
4984
5013
5217
6231
6459
5180
5160
6220
4909
3777
5135
5977
6271
4425
4266
3947
2568
2955
3326
3182
4046
3469
2672
2558
2722
1409
65
33
-144
156
819
-24
-1031
-1292
-84
-41
-566
-771
-1310
-1253
-663
-542
-2166
-2545
-1756
-1528
-2191
-1773
-1686
-2547
-2643
-970
-883
-37
294
365
331
748
-525
-947
-1415
-2026
-2074
-2256
-2254
-1532
-770
-929
-2112
-2651
-2339
-2439
-2209
-1851
435
-618
-1142
-1372
-1897
-1738
-797
-443
-874
-979
-344
610
385
363
-419
213
-2
-864
-1607
-1454
-1405
-1359
-1523
-1284
-2667
-3383
-4281
-3798
-2925
-4261
-3305
-5029
-3697
-5241
-5355
-5962
-6666
-4134
-5692
-4685
-6540
-5955
-4450
-4040
-5832
-4864
-4012
-2682
-2679
-2428
-4504
-2734
-2299
-4342
-2995
-4446
-2861
-3197
-1834
-2483
-3384
-2997
-1801
309
-325
-2185
-2380
-857
684
495
168
9
260
-3290
-1269
-315
1499
-875
-1950
-3020
-1241
-959
-2872
-1324
-2987
-1864
-545
-1237
-1188
-1419
1608
185
-205
2272
4706
5083
5627
3894
3921
1984
1929
3748
3930
3696
3162
3817
1562
1169
1402
-1474
-1039
1159
2491
1372
1846
1662
1926
1138
687
-150
288
-201
-1594
224
-641
695
3081
2418
1683
944
2045
-321
-41
771
1162
2334
1908
3568
3574
2767
4048
2800
2344
2563
2281
1991
2697
3143
795
1697
1545
3226
3242
964
613
1820
3288
4107
1316
3430
3527
4073
5782
7161
6313
6061
7564
6535
6925
7388
7891
9005
8700
9373
8770
9931
8770
6653
6694
8297
7321
8591
7880
7937
7502
8681
7834
8461
7179
6997
7620
7340
8322
7525
8237
8306
8783
9949
11458
9943
11551
10260
10870
12076
12333
10326
11015
10661
9663
9853
9038
8711
8382
8470
6147
6000
4596
4784
-7897
-8766
-2376
-6288
-3787
1071
1236
557
4144
3940
4654
5429
5171
4510
5873
9244
6682
8023
9166
9192
8111
8705
7141
5023
6482
2403
414
1656
14
-2165
-6201
-7800
-6652
-9043
-10147
-9537
-12353
-14080
-13363
-15775
-17812
-15513
-15781
-17854
-18521
-21023
-22852
-20105
-17315
-20231
-19559
-19790
-22766
-21882
-21706
-20834
-19469
-18379
-20883
-19564
-18125
-21422
-20587
-17090
-20337
-18744
-20599
-22953
-18493
-19136
-19320
-16056
-14306
-16046
-12566
-12886
-15027
-14262
-13292
-11594
-12000
-15278
-16944
-14922
-10319
-9846
-12303
-11946
-10924
-12394
-8922
-6187
-4699
-5775
-6284
-4705
-2219
297
97
-362
-2871
-4008
-5035
-6832
-6464
-9406
-9400
-8660
-9409
-12876
-9218
-11609
-13092
-8420
-10335
-5273
-7529
-5561
-2540
-3804
1182
5335
6405
5469
6258
6190
6359
9871
10748
8954
11345
15686
13454
15022
15044
15477
13914
15290
16819
15713
12736
17364
14929
11905
15333
14712
14805
15455
15984
14325
14086
11667
8920
7389
4317
3683
1526
-1312
-573
-5056
-11450
-14017
-16691
-16682
-18271
-23260
-21653
-19323
-19496
-19923
-19969
-22343
-20970
-21489
-22355
-23221
-18628
-18056
-18766
-16023
-15053
-13882
-13336
-13607
-7761
-11819
-7924
-6231
-12391
-9587
-9548
-13775
-23306
-22764
-21147
-20559
-22125
-21731
-20817
-19784
-16986
-16472
-18284
-18613
-19744
-17974
-14027
-13149
-13656
-14290
-12492
-13791
-13802
-15408
-15255
-11771
-12431
-12323
-10993
-13216
-12715
-10098
-11599
-10359
-9172
-10854
-10170
-9071
-11362
-10619
-9607
-11856
-8712
-9894
-11741
-9381
-11080
-10680
-10426
-14134
-15248
-14738
-16193
-13367
-12526
-15025
-13003
-14615
-15796
-14017
-14458
-14927
-12993
-12630
-15443
-12386
67
-1595
-2650
-2050
-3389
-4960
-6390
-6741
-6687
-8274
-7735
-8226
-11654
-12882
-12270
-12986
-14645
-13612
-14940
-15270
-15114
-16825
-16828
-15332
-16629
-18252
-17007
-19432
-21422
-22892
-21631
-21326
-21620
-22256
-26214
-25221
-24260
-26903
-26920
-28611
-30812
-28366
-28835
-30883
-29028
-28535
-26266
-23973
-23371
-23129
-22503
-25169
-22769
-22418
-22351
-19839
-21731
-23181
-22223
-21256
-21007
-19772
-21805
-23140
-23306
-22764
-21147
-20559
-22125
-21731
-20817
-19784
-16986
-16472
-18284
-18613
-19744
-17974
-14027
-13149
-13656
-14290
-12492
-13791
-13802
-15408
-15255
-11771
-12431
-12323
-10993
-13216
-12715
-10098
-11599
-10359
-9172
-10854
-10170
-9071
-11362
-10619
-9607
-11856
-8712
-9894
-11741
-9381
-11080
-10680
-10426
-14134
-15248
-14738
-16193
-13367
-12526
-15025
-13003
-14615
-15796
-14017
-14458
-14927
-12993
-12630
-15443
-12386
9612
8448
8095
7063
8121
7404
5279
6673
6605
5024
6058
6179
6441
7606
6984
6148
6312
6489
6046
4946
4266
6924
5733
8543
8493
5268
6524
5680
4771
6407
4838
5265
7005
1840
570
2569
488
-470
367
-1367
-2822
-3154
-6193
-5857
-7259
-9941
-6841
-5854
-5673
-4853
-5789
-9529
-9709
-8767
-7525
-6851
-8888
-9598
-7833
-7906
-9815
-11039
-9813
-9791
-9180
-7471
-7687
-7994
-8691
-7957
-7290
-7734
-7156
-7679
-7290
-6186
-6916
-6711
-3987
-4160
-6028
-5091
-5999
-4300
-1525
-3752
-1922
151
-1119
2099
3728
2634
6488
7208
5524
8259
9851
10085
10498
8404
8659
10483
8333
8736
9860
9353
10632
11069
10727
9875
10158
10507
9923
10842
10988
9410
8410
8210
7803
6066
6568
5621
4263
3491
3941
3458
2329
2125
2589
5240
5721
5284
6372
4541
2306
2403
794
-1044
-1855
-3312
-5007
-3314
-1998
-3488
-5694
-4065
-5166
-4493
-5918
-3720
-3483
-1801
402
1335
1958
1502
1074
-6
-664
-1345
-1139
-485
1629
2068
2124
4454
4954
4964
8074
10178
11432
11833
11445
12174
11181
10183
10074
11588
10577
10172
10279
7319
7276
9357
8783
6249
8143
6768
5931
6646
3409
4049
-6300
-5355
-5684
-7385
-6991
-6988
-7251
-7275
-8607
-9228
-8867
-8835
-8737
-8593
-8274
-7000
-5265
-4792
-6290
-6678
-6827
-7537
-8309
-7260
-6668
-8903
-9628
-9860
-10932
-11315
-12206
-12647
-13122
-13535
-12485
-11484
-12231
-13089
-14040
-13831
-12563
-10510
-9236
-8913
-8637
-10157
-8455
-8847
-9341
-7835
-6163
-4637
-3677
-4265
-4348
-4284
-5367
-5495
-6650
-6398
-6666
-6898
-6771
-7261
-15520
-15682
-15830
-15833
-14999
-12946
-12169
-12991
-13209
-12576
-14478
-14509
-13165
-14156
-14349
-15471
-14878
-14254
-15061
-15913
-16660
-17848
-17900
-18811
-18973
-18244
-17488
-17832
-16596
-15753
-16578
-17281
-17257
-18547
-18685
-19024
-19858
-21081
-21951
-21933
-21914
-21523
-22871
-22583
-23220
-23816
-22210
-21690
-22039
-20951
-20186
-20588
-20003
-20904
-21482
-21856
-23746
-25286
-24288
-25087
-25104
-22844
-22565
-22509
-20555
-18522
-18809
-17309
-17618
-17561
-18081
-18585
-17173
-15531
-16226
-17819
-18546
-18940
-18320
-17554
-16410
-16847
-16477
-18127
-16959
-14970
-15157
-14003
-13394
-14386
-12828
-12697
-13801
-14668
-16374
-15777
-14038
-14646
-14320
-13998
-12454
-13550
-14178
-11825
-9558
-9572
-8572
-8818
-9475
-7268
-5388
-6900
-7770
-5937
-7672
-8030
-8107
-8848
-8775
-8745
-8758
-8470
-8614
-8532
-6671
-6398
-6630
-6780
3993
4599
3978
3230
2934
2863
4058
2872
2096
2461
1868
1858
2286
3091
2859
2720
2128
1569
3219
3603
3679
2092
1183
2224
2834
3074
3237
2562
1768
2713
2229
1166
1589
1958
227
-1612
-968
-1050
-1323
-777
-2273
-3448
-5168
-6606
-6563
-6058
-4814
-4394
-3756
-3460
-2047
-1386
-3039
-2257
-483
-672
-355
-1367
-1151
-416
1310
1986
214
-1411
-782
747
569
286
245
1295
819
1120
863
891
746
1243
785
1255
1040
-90
-330
471
1981
3640
4539
5126
6255
7738
7765
7057
7816
8563
9287
10009
11193
10798
11077
10460
11722
13083
13049
12361
11246
9489
9129
8655
8446
8560
9878
9988
9868
9398
9762
10160
9218
7083
6728
7838
8504
9449
11151
11173
12061
12645
11723
12554
12981
12430
11660
11707
13101
13130
13112
13716
14310
15099
14767
14407
14650
14113
15046
14842
13960
13636
13288
13467
13398
13311
12923
12880
13215
12026
11864
12033
11614
10947
11619
11945
11965
11756
11906
11153
10344
10693
9819
8877
10219
10923
10144
10203
9651
9739
9996
8671
7908
7512
6244
7999
7241
5528
4876
4103
3424
3636
3907
4382
5238
4470
4323
4417
4400
3260
-19607
-20038
-18915
-19115
-18451
-18515
-18930
-17799
-16903
-17293
-18393
-17502
-16760
-16684
-17264
-16481
-16576
-16774
-16065
-14984
-14762
-14752
-14951
-15105
-14350
-14895
-15845
-15855
-14332
-14374
-13920
-12434
-12350
-12250
-12285
-11701
-11147
-11949
-11070
-9439
-9975
-10417
-9655
-9009
-7226
-7197
-7667
-7334
-5757
-6181
-6647
-6213
-5420
-7315
-8815
-8690
-8116
-8237
-7716
-8001
-8811
-8469
-9103
-9777
-22470
-21658
-20692
-19844
-19414
-19325
-18638
-19439
-19565
-18028
-17117
-16560
-16342
-15373
-16235
-17265
-18424
-17137
-16503
-17796
-18349
-17962
-17553
-16599
-15748
-16100
-15932
-15570
-15209
-14634
-13650
-12368
-11040
-12523
-13970
-14104
-12772
-12564
-13498
-13095
-13209
-13661
-13636
-13734
-14708
-15032
-14825
-16829
-17880
-18603
-17949
-18646
-20038
-21492
-21349
-18886
-19801
-20463
-20852
-21217
-22021
-21561
-20510
-19478
-19607
-20038
-18915
-19115
-18451
-18515
-18930
-17799
-16903
-17293
-18393
-17502
-16760
-16684
-17264
-16481
-16576
-16774
-16065
-14984
-14762
-14752
-14951
-15105
-14350
-14895
-15845
-15855
-14332
-14374
-13920
-12434
-12350
-12250
-12285
-11701
-11147
-11949
-11070
-9439
-9975
-10417
-9655
-9009
-7226
-7197
-7667
-7334
-5757
-6181
-6647
-6213
-5420
-7315
-8815
-8690
-8116
-8237
-7716
-8001
-8811
-8469
-9103
-9777
-3306
-4022
-4338
-3290
-4133
-4278
-4480
-4912
-4261
-4701
-4240
-3701
-3242
-3230
-2007
-2321
-2600
-2946
-3708
-4048
-4028
-3878
-3057
-3371
-3560
-3683
-2402
-2463
-1648
-2366
-3995
-5061
-5672
-4608
-6854
-7308
-7772
-7675
-7475
-7155
-7369
-7793
-7280
-6259
-5130
-6052
-6196
-5319
-6002
-6724
-6904
-5345
-5245
-5884
-7663
-7633
-8310
-9878
-9371
-7808
-8163
-8884
-8240
-7255
-8072
-9063
-9040
-9445
-9337
-8644
-6569
-6568
-5620
-6925
-6642
-6743
-6531
-6912
-5879
-4101
-3131
-2884
-3307
-3559
-3728
-3836
-4246
-3592
-4154
-3303
-3008
-3565
-3947
-3851
-4799
-4503
-4215
-4983
-5062
-4490
-5537
-5251
-4858
-5604
-5424
-5875
-5522
-5419
-5273
-6073
-5347
-5309
-4737
-4699
-5023
-5315
-3684
-3335
-3585
-4171
-3999
-4411
-5103
-6068
-5224
-4643
-5025
-4033
-5671
-6614
-7472
-7676
-7147
-6879
-6075
-5726
-5023
-5403
-5342
-3178
-3163
-4107
-3743
-4380
-3540
-2759
-3587
-3451
-3603
-3599
-3869
-4245
-4094
-4977
-5581
-4532
-5004
-5875
-5505
-3648
-2624
-3070
-4294
-6484
-7551
-8609
-9359
-9616
-8989
-9729
-9445
-9203
-8533
-8422
-8371
-8246
-7874
-8344
-8393
-7837
-6282
-6110
-7269
-9699
-9619
-7446
-6425
-6743
-7254
-7910
-6728
-7442
-2773
-2021
-1931
-1772
-1043
-1252
-701
-525
-900
-1146
-876
-840
-1078
-678
137
843
420
509
1804
2224
1158
1057
582
1267
821
877
1091
694
-1213
-1803
-1800
-1954
-1113
-1418
-2560
-2389
-1277
-736
-1587
-2673
-3196
-3536
-3425
-2213
-1706
-3074
-3877
-4933
-5684
-6621
-7050
-6312
-5195
-3846
-3622
-4358
-4857
-4975
-5235
-4709
-3879
-4223
-4116
-4408
2589
3060
2586
2092
2242
388
605
1145
703
1159
1403
1917
1985
827
1433
2410
1757
2257
2862
4069
4218
3195
2148
1461
215
684
246
-514
-700
-712
14
-667
6
-69
503
1406
1960
3144
4031
2809
2291
2580
1213
2219
2325
1200
291
465
2512
1961
3283
3064
2481
2517
2172
1783
2224
2162
2678
2618
2910
4705
4568
3463
2941
3136
3246
3758
2275
2379
2311
1664
817
-230
-209
146
-721
-1635
-2578
-2425
-1772
-1599
-1205
-1831
-1626
-1960
-2644
-4473
-5754
-5569
-5015
-5567
-5405
-5955
-6231
-4930
-4621
-3704
-2462
-2255
-2941
-3886
-4949
-4963
-5013
-4905
-4293
-4509
-5068
-5737
-6225
-7126
-7560
-7363
-6289
-6209
-4864
-4667
-4084
-3302
-4023
-4224
-4998
-4692
-4062
-2957
-1987
-2627
-1865
-1956
-1391
-593
-250
-85
-1336
-2039
-1863
-1262
-1208
-916
-2820
-2732
-866
-150
-669
-746
-537
-1103
-561
965
-226
-1417
-1848
-916
-1117
-1179
-152
534
-295
-561
-352
865
808
249
247
766
356
679
1241
938
756
496
-15
203
791
758
-265
625
958
84
-263
-213
1215
1876
2171
1816
2732
4538
6100
5822
4954
4901
2399
1759
1692
907
-84
530
861
960
855
2125
2227
2119
2544
2933
1960
2564
2756
2640
3044
-55
-202
-1054
-1709
-1967
-3687
-4398
-3962
-2707
-2459
-2638
-2361
-1266
-868
175
217
-267
-209
343
1120
52
955
1088
888
1904
2006
2092
2334
394
-1458
-680
-917
-882
-333
32
520
-193
-698
-1705
-2038
-1409
-1704
-2001
-1558
-829
321
102
49
-818
-2473
-1966
-714
-252
-1103
-2228
-3171
-2559
-2315
-2022
-2298
-3251
-3158
-2078
-1534
-329
-1338
-1015
-1578
-1668
-1985
-1325
-1651
-821
8
-1189
-2316
-4043
-3058
-2098
-1912
-2295
-2644
-3000
-3863
-3046
-2195
-1217
-1962
-3072
-3756
-3270
-2903
-2132
-1137
-1652
-1122
-516
-387
-838
-1979
-2372
-3949
-4498
-3582
-2722
-3243
-2481
-1383
-1265
-1781
-1125
-280
-27
316
487
310
-340
-547
-1325
-1526
-1593
536
823
1042
1719
2283
2268
1246
810
575
994
907
-1364
-1718
-1390
-2310
-2669
-2870
-2468
-1283
-1329
-2263
-1897
-1692
-1570
-2734
-2229
-2654
-2989
-2262
-1737
-2610
-4075
-2871
-2782
-3103
-3155
-2773
-2162
-1046
-21
-38
174
-74
1366
1808
231
327
-942
-957
-930
-459
-154
3931
4135
4746
4200
3010
2620
4039
4592
3539
2765
1225
1689
3153
3474
2748
2494
1339
513
1550
660
853
791
-346
-91
1036
1365
2806
2936
3039
4257
3670
3344
3507
3610
1909
2189
537
-1081
-1428
-1655
-1699
-2121
-2166
-1602
-2416
-3755
-2767
-2891
-3600
-2713
-2718
-2838
-1978
-1719
-2385
-4393
-4662
-4809
-4171
-2759
-2149
-1878
-936
-1447
-1781
-1125
-280
-27
316
487
310
-340
-547
-1325
-1526
-1593
536
823
1042
1719
2283
2268
1246
810
575
994
907
-1364
-1718
-1390
-2310
-2669
-2870
-2468
-1283
-1329
-2263
-1897
-1692
-1570
-2734
-2229
-2654
-2989
-2262
-1737
-2610
-4075
-2871
-2782
-3103
-3155
-2773
-2162
-1046
-21
-38
174
-74
1366
1808
231
327
-942
-957
-930
-459
-154
-1823
-3093
-2187
-1378
-1274
-1301
-55
-545
-501
-716
-882
-746
-1527
-2751
-1496
-1443
-347
-360
970
1968
3273
3491
2994
1136
782
2120
2399
1250
2041
2230
3527
2944
1896
2014
3023
2635
2256
3822
3558
2143
2383
3178
3953
4175
2956
3836
4883
4913
4220
4164
4769
4984
5146
3988
2708
3367
3367
3068
775
930
1927
2132
1196
2062
2385
2620
4510
3364
3719
2936
1428
1362
2526
2656
2791
1977
2128
2171
903
415
-98
-882
-751
809
-1231
-1210
2815
3255
2286
2085
915
1341
2505
2246
2122
3226
2956
2887
3297
2396
2345
1137
1356
2576
2934
2821
2109
2198
1975
2148
1288
518
-418
186
237
588
621
913
1566
872
826
1588
963
-476
273
367
-1289
-2054
-1670
-519
-914
-1662
-1333
-1354
-1496
-3109
-3900
-3448
-3044
-3574
-2647
-2110
-3223
-672
-339
-1038
-1447
-780
-519
-398
-129
-229
-891
-970
-1963
-1425
-666
-1727
-1219
-503
709
-1041
-1044
-17
-2138
-2607
-1344
96
578
1650
1554
-1036
-650
-1279
-1072
148
192
31
-263
448
2204
3643
4296
4883
3341
2939
3480
1091
49
-312
-163
623
5267
3167
2698
1015
1495
665
1531
-158
-458
142
1319
-478
1271
1865
197
2472
2499
1934
2724
5806
4781
5047
5782
5842
5456
5151
7227
9812
6603
5150
4998
3970
4627
4436
2478
5465
3714
1293
2628
4606
3213
1959
1151
3426
3151
2147
1539
4766
4589
7125
5498
6972
8383
8080
9203
7198
8149
8036
6077
6257
7986
6778
8850
6259
-522
-1027
540
215
-173
-808
-2756
-3053
-2296
-2166
-1882
-1044
-2162
-3314
-1694
-2550
-2128
-143
2694
-1211
3143
1452
-619
1314
535
-886
-512
758
-1928
-2547
-2478
-1747
-11
-3993
-2074
-2168
-4043
-4357
-1468
-2106
-42
-2849
-1999
-62
584
-1280
-1154
534
1419
-651
503
-91
-1630
-1398
-1551
-2650
-2938
-176
-1048
-1064
-2467
1223
2320
-239
-707
1186
1558
-1445
-772
-893
57
30
106
1786
3206
3025
970
804
1910
-1065
990
1070
-175
705
105
769
1186
3367
3627
2028
-164
190
2498
508
-567
2636
-18
1936
3625
2232
1792
-557
2063
-525
-1699
-1726
1309
-3521
-339
1810
-1298
1858
123
-632
-287
-337
-2109
-856
296
-518
3079
3461
1995
3071
1941
793
182
918
-1754
-328
2912
2615
733
1744
591
-1943
-1085
-59
-905
407
930
825
815
-2111
-1334
-875
-1743
-685
719
1126
551
1010
136
1213
1645
-198
1336
872
-967
-100
-1874
-3055
-1237
-2599
-1775
-1741
-371
-382
-1484
396
-1229
-1557
-835
-266
98
552
2952
2658
2080
1475
3050
2867
3107
3936
4166
4027
2145
2323
3782
2060
1446
1990
735
14
2632
1024
-1195
-1423
126
379
1544
1129
331
876
682
-251
2315
3763
5030
4622
1937
2522
3452
1788
2298
3729
2692
2185
2456
2037
1466
2251
2707
1070
-518
-57
-556
-485
-162
-1201
530
369
129
3642
3554
2267
1844
3852
4748
5841
5322
5486
4996
3916
2763
2323
2450
4205
3940
4167
4730
3975
3135
3467
1567
198
1449
1054
508
1024
2203
1395
-921
1031
4235
4566
2718
2675
3068
3783
2321
3009
4570
6752
6517
6934
6685
5017
3492
1668
2357
3589
4659
4735
3338
3200
2956
3768
5867
5587
4049
5603
4802
5530
7391
5036
4609
4726
3422
2846
3462
4569
5607
3927
3670
4056
3388
5177
4009
3007
2750
3359
1488
2059
3257
1474
1358
3046
4182
4576
-5278
-4367
-3515
-4273
-3870
-3519
-3023
-2932
-2492
-567
280
158
-873
-478
-1157
-1772
-2508
-2863
-2474
-2381
-2040
-2957
-1795
-1409
-1784
-1736
-1578
-1048
-1409
-1807
-3721
-2484
-1735
-2235
-2720
-1148
468
752
1231
2673
3384
1584
850
1549
1513
1605
849
-1030
-1621
630
987
-1837
-1476
-224
-2021
-2199
-1404
-1902
-105
-426
395
804
1809
2312
684
223
-1759
-2367
-1447
-2030
-2018
-2590
-1774
-751
-1634
-3915
-3376
-4056
-2317
-1696
-2965
-858
170
-1192
-1815
-602
-1210
-1796
-3443
-2590
-1253
-2849
-4087
-2993
-2436
-3901
-3333
-2102
-2077
-697
-2654
-2473
-969
-651
-2691
-2020
-1355
-2203
-1158
-2616
-3160
-1286
-928
-1592
425
-966
-2983
-1791
-4276
-5757
-5887
-4677
-4809
-4830
-5062
-4952
-4974
-5754
-5278
-4367
-3515
-4273
-3870
-3519
-3023
-2932
-2492
-567
280
158
-873
-478
-1157
-1772
-2508
-2863
-2474
-2381
-2040
-2957
-1795
-1409
-1784
-1736
-1578
-1048
-1409
-1807
-3721
-2484
-1735
-2235
-2720
-1148
468
752
1231
2673
3384
1584
850
1549
1513
1605
849
-1030
-1621
630
987
-1837
-1476
-224
-2021
-2199
-1404
-1902
-105
-426
395
804
1809
2312
-4650
-4271
-4585
-4730
-3481
-3760
-5525
-5886
-5956
-5108
-4213
-4556
-3924
-4019
-3954
-2947
-3862
-3052
-2033
-990
-2661
-727
-354
-2017
-3994
-4897
-4241
-3715
-3009
-718
-525
-2017
-2025
-958
-942
-985
-9
1387
2381
1061
2591
3736
1984
2121
1932
1553
1892
1753
2057
-34
-1251
168
1211
1246
1139
1173
1840
2097
2964
2875
1933
1652
1226
893
-420
-227
-1135
-2537
-3770
-3062
-2774
-1276
12
-1239
-1117
-1366
-1803
-1735
-1101
-2138
-3289
-3354
-2381
-2221
-3869
-4968
-4742
-3088
-2513
-1772
-445
1020
644
770
1417
2132
1628
2133
1753
2095
2551
2578
1246
1599
1626
1239
1682
491
1285
2034
1991
2185
2017
1733
2262
2273
3315
3414
1304
-130
-77
-426
-700
33
2045
2224
1670
2958
2103
2048
1582
1548
795
43
-571
2060
4178
3308
2318
2875
1974
-619
-924
-945
-499
118
307
90
226
557
1552
939
588
620
1988
2607
1470
3954
5494
3518
2337
3166
3747
1403
696
431
302
-282
-919
-1000
-245
1073
-182
663
1469
3449
3807
3785
4827
6234
5162
5318
5569
3924
4023
4445
3224
2672
1859
771
2208
4664
2632
1779
1355
1849
1719
1554
-124
-310
620
712
3044
2917
2875
2051
-810
-1873
-428
-2159
-2557
-2095
-1960
-2826
-2597
-1791
-2571
-3192
-3150
-2801
-3936
-3663
-2491
-3983
-2416
-2905
-3776
-4357
-5042
-4971
-3765
-4147
-3341
-2437
-1691
-1799
-3055
-1785
-1553
-1649
-1377
-3274
-3612
-3639
-3945
-3879
-3545
-4546
-5916
-6237
-3481
-2682
-3917
-4036
-3218
-2052
2922
2958
2853
4192
4019
1857
2700
4042
4456
2991
4252
5048
4983
6025
5795
5025
5594
6804
6374
7389
9006
8684
9555
7571
8068
10101
9974
9919
7676
6597
4569
4099
4477
5496
3511
2499
2075
2795
3314
3055
2231
1147
863
786
997
2921
3186
3608
4050
4137
3308
3256
2871
1993
2738
2032
2076
645
321
1208
-13
1162
1824
1538
1419
1380
3198
3681
3658
3014
1358
116
-471
-1282
-1166
7
-1200
-2378
-1728
-1117
-2609
-4581
-3678
-2897
-2336
-1310
-1080
-3364
-1909
-2552
-2837
-2147
-2652
-2198
-390
501
2209
3657
2884
1237
1700
4067
4401
3802
3548
2362
2241
1816
2440
2360
1690
914
182
-497
-203
602
-1900
-2100
-1555
-911
-1201
-2968
-2988
-1342
-195
-358
-793
-1516
9404
9954
11503
10871
9313
8203
9310
8889
9064
8350
8401
8328
8454
8774
10083
11374
11413
11863
12853
13710
12739
11887
10235
9823
10015
8612
7296
6380
7211
7358
8912
10119
9943
9505
9822
11135
10389
11373
11214
11757
12823
10802
9314
10043
9737
6155
5046
4838
4348
4692
4531
5290
5257
5866
6700
7491
8803
9049
8727
7775
7643
9215
10712
10350
9328
8888
9123
8534
9605
10668
11202
10212
9670
11765
11339
10770
10599
9960
8960
9822
9780
8561
11457
10456
9008
9381
10027
9563
7949
7621
11117
10822
9667
8855
9056
7934
7876
8591
6728
5654
6002
5716
4174
4356
4503
4990
4937
4095
4244
4263
3785
1924
554
2603
3041
2939
1691
1628
2200
1234
823
1175
683
351
826
1660
2111
2011
1013
198
-988
-491
-36
-1190
-143
575
-14
-932
-549
-348
716
204
395
1277
2705
2409
328
-817
251
1257
2052
1494
2488
2402
1562
2409
2851
3636
4438
6037
5196
4404
4602
4285
3418
4192
5312
4515
4370
3896
3975
3343
1948
2670
2554
2470
2556
2092
1640
1492
1632
669
-1200
-466
-799
-2124
-1441
-1216
-2126
-2537
-3232
-2109
1563
1159
-72
1883
2617
1934
2689
4069
4575
5516
5563
2756
3186
2855
4955
5034
4509
3949
3296
5149
4150
4616
6641
3766
-863
2309
5736
7143
4605
754
-1820
-1412
592
2117
1337
105
-663
-779
-535
-1878
-4046
-2780
-867
6
-1394
-2491
-3934
-4810
-4168
-3230
-3116
-3150
-3253
-1899
-1982
-2665
-5187
-8533
-8015
-7202
-6547
-6889
-7535
-6593
-5221
-5897
-5834
-5301
-4471
-5049
-5750
-7734
-8976
-12089
-14790
-15397
-15299
-12819
-13340
-14008
-14742
-13914
-13674
-15678
-16233
-16055
-17322
-17705
-16625
-16418
-17727
-19505
-18253
-18578
-19530
-18375
-17257
-15700
-14259
-13946
-10196
-8387
-10565
-11732
-10269
-8077
-8859
-8499
-10203
-10726
-10323
-7253
-7564
-6354
-4909
-7111
-8924
-8063
-6065
-7155
-8362
-6195
-2995
-84
-1760
-2315
-501
829
1563
1159
-72
1883
2617
1934
2689
4069
4575
5516
5563
2756
3186
2855
4955
5034
4509
3949
3296
5149
4150
4616
6641
3766
-863
2309
5736
7143
4605
754
-1820
-1412
592
2117
1337
105
-663
-779
-535
-1878
-4046
-2780
-867
6
-1394
-2491
-3934
-4810
-4168
-3230
-3116
-3150
-3253
-1899
-1982
-2665
-5187
-8533
-8015
-7202
-6547
-6889
-7535
-6593
24634
25422
27069
25404
23335
23804
24953
23670
22604
25448
25799
22049
22374
20189
18289
17428
18531
18856
18444
18665
18338
18737
20837
21394
20826
19467
17867
17848
19222
15234
15327
17573
18637
18846
18513
21318
19548
18138
20049
22043
19356
20019
21704
21823
24395
22502
19851
19072
19217
17954
15490
16135
14741
13201
12785
13029
13032
11162
8432
8651
13596
15909
12476
11759
15572
13762
9960
8813
12905
12757
11876
12687
10410
9777
12216
10475
10500
9933
9625
6836
4610
4104
1230
-4050
-4258
-2340
-3283
-5285
-5457
-7673
-10366
-9763
-10306
-9916
-7289
-7291
-11034
-8618
-4429
-7404
-11210
-6666
-7022
-10898
-9026
-6993
-7504
-7941
-8245
-8634
-7501
-5207
-7906
-9418
-4512
-4786
-7260
-7903
-7132
-5534
-5172
-6557
-7953
-4698
-3921
-5407
-4774
-2001
-2095
-4314
-3128
-2825
321
1716
920
181
1638
2231
-857
3893
4864
4028
3187
3424
4990
5592
6064
3564
5192
7784
5427
5135
7748
6371
5547
3624
5619
7085
2709
-27
1070
2179
1462
-383
2619
4498
2080
-651
-395
-2595
-2069
-1523
-2775
-804
356
241
-3564
-615
2039
-1041
-3555
-3163
-3042
-2403
862
-1612
-1009
2048
480
-2383
-884
-1201
4288
3294
3091
3674
3415
3247
4646
1812
2305
961
820
1189
1267
1703
754
3181
2902
3138
3402
3927
5159
2914
2128
2739
2904
2298
1205
1413
2253
2336
2307
1239
1684
1589
2969
3230
2697
3456
1747
456
1345
-790
-2203
-3421
-3131
-2422
-3140
-2819
-2235
-1482
-2205
-1451
-215
1513
1904
-600
-1673
-788
-825
1085
2510
1750
2712
2744
5754
4477
7289
7918
6479
7523
7155
4878
2341
2638
4961
4773
3598
2253
4422
5591
4724
5175
5150
5233
6660
5161
3696
1560
2969
413
710
1808
3289
4043
4016
4546
1784
2633
1983
2296
1425
3031
4373
4103
4992
3727
3664
4230
4334
5311
6303
4886
2639
3704
4382
2729
2901
2977
1087
1874
4873
3890
2336
1656
981
499
1562
349
-1668
-1036
532
-1463
-1183
-1359
-1493
-517
-2784
-986
1286
3140
1469
2158
2311
1451
62
1293
211
-1119
-973
1079
-321
-1125
-478
-178
-2756
-2000
1645
1771
826
1192
178
1958
1125
1984
658
449
1110
8
-1737
-591
525
-338
1478
2942
3986
4052
4890
5753
4274
5330
5223
5560
4345
2928
4824
5347
4851
3652
2199
2425
1111
1469
-25115
-29348
-28308
-30199
29942
28957
25115
23867
26343
22205
18077
15398
12016
7813
5705
2848
2526
3273
2252
3380
7732
9559
11694
15465
17532
22371
29593
27337
27572
29078
26970
29386
31162
32023
-31932
-32684
31588
31613
32581
32522
-32294
32516
31755
31231
31118
31058
29493
29421
31964
31057
31709
-30539
-27873
-24924
-23716
-21812
-18137
-13000
-13543
-8134
-4862
-7842
-5513
-983
30079
31428
-31385
-24945
-17586
-16433
-13119
-10107
-15124
-13280
-9188
-4798
-2202
-7004
-5950
-1235
243
4168
8068
5096
5015
2676
-2004
-2476
-2692
-280
1583
1602
1441
2510
-1649
-3256
-1516
-8598
-10949
-12896
-17446
-22980
-29279
30636
28110
19897
16960
14745
10931
11687
8555
5639
5799
4670
3798
7252
9418
7460
15284
23176
25446
-31712
-19241
-15268
-9771
-6167
-9722
-9180
-8066
-7143
-379
3222
3335
10192
11501
10143
10501
9100
9507
9990
11107
14203
16921
16978
19611
18518
18178
17762
10208
5167
3733
-1160
-2298
-4331
-10995
-12095
-14665
-17820
-14544
-20943
-23830
-26445
32697
32284
-24553
-28861
26680
27324
28404
30532
-29564
-24650
-17793
-5680
578
9203
20733
27517
31251
-32353
32457
31312
28058
25235
24899
21661
20105
17117
10861
8180
10178
6284
18234
13677
10111
7576
5150
3212
3602
-229
-4152
-6338
-7356
-10360
-11695
-12429
-16823
-18814
-18707
-23180
-25190
-25917
-30158
32051
31152
24847
24492
24453
23506
26486
27617
28791
30783
29937
31384
-31623
-28851
-25047
-21587
-18221
-16050
-14675
-12439
-13163
-17727
-21250
-23529
-24927
-23562
-22520
-25806
-25659
-21739
-23276
-23351
-20966
-23866
-26156
-25557
-25191
-20435
-17220
-15873
-12786
-8557
-4565
3952
9889
12883
20738
26993
-32155
-24919
-19582
-15791
-11241
-10174
-10048
-7106
-3674
-2994
-784
3391
7697
13944
18695
20415
22485
22851
23640
22595
20116
17126
17959
16125
11518
11059
8188
3358
2942
225
40
-1755
-5566
-7477
-8132
-9374
-8406
-10634
-16837
-16837
-18043
-21344
-24034
-23301
-21353
-16806
-12395
-9985
-4760
-3031
-4407
-4642
-6578
-9028
-11725
-17490
-26371
32644
25209
18971
20242
21402
19798
24752
29176
31937
-25729
-21016
-18893
-11720
-3834
3064
9629
11015
15695
20829
20201
20324
19493
18215
16013
11197
9351
6426
4200
4601
3687
5267
6875
4363
2974
-1340
-7243
-7795
-8117
-8933
-9151
-10128
-11864
-14696
-15529
-19566
-22954
-24243
-27746
-30051
-29440
-31047
32174
31012
28582
28727
29373
22393
17512
16251
8528
3985
4091
1861
-113
-249
-5232
-7202
-4599
1276
3616
7994
13557
19759
25684
31680
-29533
-26685
-24717
-23787
-23367
-20837
-18317
-17058
-17002
-16826
-15496
-15689
-18061
-19868
-21589
-22197
-25746
-28666
-29775
-32299
29758
26223
24651
21804
18618
15987
13490
10610
9621
8291
9936
9001
6635
3715
2807
1088
-1130
-5438
-9571
-12831
-18021
-21358
-24303
-30502
29334
26881
22473
17377
12152
7635
3171
11
-2774
-5431
-5773
13250
10983
11653
14103
19365
25972
-32444
-25538
-20713
-17980
-13126
-10083
-8523
-6915
-7002
-5687
-5187
-6227
-4908
-2692
-2413
-481
1412
2387
4186
6032
5618
7220
9359
9319
10949
12192
11024
11544
11557
12776
13360
12528
13141
14224
14946
14940
16084
14921
13661
12498
11222
11425
10331
10626
11374
12343
12382
12686
12750
13879
18561
20332
22372
25612
25907
27746
32161
-29511
-25735
-22533
-21683
-20534
-16647
-14908
-14231
-12757
-9822
-8024
-5613
-5780
-3692
-2848
-5053
-6055
-6355
-5927
-2800
-3782
-3350
-2725
-3066
-3624
-4512
-5317
-6335
-6289
-7412
-8231
-10253
-13382
-14042
-16617
-18414
-17669
-21735
-26120
-26223
-27894
-30898
-30261
-27576
-25101
-19343
-14422
-10956
-6258
-2362
2785
6626
8194
10519
11308
11276
11595
11953
11485
10772
11773
13591
13063
13033
15918
-20989
-22844
-23421
-25350
-27117
-28423
-29442
-31498
31385
30462
29630
28046
26176
26643
24849
23681
24354
23712
24127
23058
21661
20998
19513
18738
18111
19716
19639
20072
20516
19895
18401
17710
17406
17370
16921
15656
14632
13518
12812
11657
10049
10341
10758
12222
13943
14407
16621
19033
19683
22263
24323
27298
30059
31349
-32273
-29514
-26025
-21098
-17744
-16014
-11897
-6615
-2817
-1745
969
2028
3375
5583
5776
7274
8444
8989
9530
11135
12026
11788
13247
14686
16697
17739
18018
18917
20034
21082
21636
21131
19631
20235
21895
22355
20671
19961
19528
18131
17100
17472
17738
18902
19445
18625
18569
17791
18305
18304
19524
20309
20797
20226
19580
20053
19323
19254
21031
23602
25244
24190
24003
22901
21543
22819
22575
21819
21038
20853
19957
18601
17851
19272
20020
21384
21461
20786
20223
21083
20714
19869
20308
21069
20295
19495
18695
16852
16401
15717
15836
15909
14973
14844
15435
14971
13917
13769
15786
16349
15741
15321
13710
13407
13541
12809
13973
13953
14650
14370
13365
15443
15488
15046
15674
15073
15350
15240
15980
16432
14975
14941
13176
13562
14214
13809
13212
13348
12466
12793
11832
12538
12289
11394
11294
11557
11016
10668
2449
1197
981
595
1273
8
-1858
-1409
-1414
-1435
-1087
-1826
-3102
-3472
-2586
-2628
-1954
-1079
-1480
-1720
-1824
-1902
-2448
-3551
-5008
-5073
-5040
-5548
-4840
-3193
-2995
-2558
-230
1307
-356
-1159
97
2577
2535
2179
3043
2960
3170
3953
5030
6197
5170
5181
6373
7572
9700
11079
13500
15916
15403
17789
20257
21520
21738
21887
22435
22196
23524
24392
-11473
-10305
-10879
-8907
-8560
-9574
-10960
-10136
-8505
-8781
-8423
-6472
-5911
-4303
-4158
-3748
-3963
-4853
-5854
-5468
-4678
-4486
-5140
-5398
-5193
-4022
-4628
-4749
-4335
-4172
-2865
-2351
-909
230
436
226
1272
1810
204
1549
2200
1596
1105
1130
2279
2723
2934
3261
3282
5338
6620
6806
7124
5305
6358
6504
7491
7421
5207
5273
4972
4817
4632
5154
6207
6222
6423
7113
6669
6543
6277
5565
5363
4887
4129
4927
5198
5111
6344
6757
6091
4569
5616
5845
5610
5933
5280
4601
4526
6485
8136
10324
10471
11298
12301
13303
13836
13340
12628
12950
14009
15827
15136
15870
14750
13297
14483
16021
16425
15995
15857
17287
19382
19841
19154
20472
20563
21287
22220
21826
21358
21685
22768
23576
22845
23312
23829
23040
11786
11301
10771
10596
11579
11746
12170
13139
12880
10916
10298
10036
8345
8539
9487
10680
10376
8637
8123
8546
7957
6643
6699
7212
7233
7659
8087
6616
5097
4901
5321
3671
3552
3680
2934
2540
3331
3602
3762
3398
2641
2412
1835
1451
1596
645
380
847
509
465
1647
1581
2086
1633
1846
783
-1235
-632
723
698
1789
1460
1957
1289
-326
-856
-887
222
818
962
-218
-289
1536
287
418
1143
2106
1200
159
891
-701
-1559
-1020
-1231
-2915
-3428
-3584
-4347
-4908
-5427
-5678
-5594
-5174
-4007
-4850
-4351
-4468
-4298
-4705
-5525
-6064
-6525
-6122
-5290
-5806
-6178
-5291
-5659
-6153
-7339
-6952
-3955
-2139
-2807
-2450
-1068
-1439
-908
-169
-783
-1363
-2610
-3266
-3125
-2778
-2631
-3762
-4377
-3602
-3255
-3104
-2623
-2177
-2904
-3041
-2950
-2099
-244
697
-284
-1835
-1907
-1610
-2616
-3349
-5029
-3862
-1279
-1749
-2697
-2217
135
1838
1495
921
1366
576
232
40
324
-164
-527
60
746
1495
398
-488
88
1445
1721
1275
2134
2711
3017
3035
2138
1439
1904
1920
622
511
232
668
66
-491
-1039
-71
691
-1458
-1208
288
-363
2864
4291
4212
3512
4005
4365
4368
3726
3975
4163
4072
3777
4085
4983
5298
5135
5651
7446
7146
7245
7186
5638
6017
5444
4100
3658
4541
4852
4647
3430
2157
2770
3711
4633
4378
3738
2760
2516
1919
1491
1456
157
-139
-87
-124
106
933
1769
3067
3677
3572
4039
4318
5008
4165
4579
5511
5735
4931
4156
3043
2799
2409
2239
-2063
-2788
-3131
-4603
-4194
-4744
-4262
-3618
-5156
-6287
-6698
-6787
-6236
-6363
-5211
-4281
-5459
-6023
-6499
-6261
-6491
-6594
-6226
-5724
-4771
-3889
-3252
-4273
-5600
-5829
-5515
-5362
-5101
-5769
-3942
-2590
-3881
-4544
-4035
-3212
-2079
-2728
-3670
-3138
-1353
-2004
-3621
-3011
-2861
-3035
-1375
-881
-1140
-1855
-1443
-21
181
162
-248
43
-1049
-1562
-1149
-1260
-1243
-1038
-570
-384
-747
-1330
-2805
-2398
-871
-395
-442
-339
194
185
299
1474
1134
1086
1048
1218
485
475
-1436
-1379
-1224
-1386
-530
-487
-426
-492
-2390
-2395
-1330
-1420
-1249
-154
366
-132
628
1157
183
-1037
-950
203
268
-337
-1610
-1881
-1631
-1615
-1456
-569
44
695
-63
-545
87
-315
-218
-644
120
1445
1470
1194
6757
7287
8763
8403
9550
10390
10127
10824
11249
11034
9697
9431
9742
9375
9180
10405
11806
11680
11921
10948
9301
10179
11596
12375
12152
11650
10891
9736
8197
6685
7335
8873
9348
8083
7122
8990
8867
8084
8405
8020
6752
7286
7023
6520
7840
7364
6842
6709
5943
5594
6306
6547
6815
8136
8727
9611
8439
8260
7599
7864
8624
9000
9275
8986
9909
10364
10881
10641
9598
8884
8504
7796
9152
9586
9451
8341
9437
9087
8586
8705
8208
8811
8950
8755
9448
9581
9007
11197
11294
11154
11610
13751
12897
11728
11247
12583
12904
11539
11058
10708
11873
11466
11100
10053
11041
11876
12199
11571
10590
10924
11608
10810
9909
8959
8881
8452
8236
8250
8795
9042
7779
7368
9289
8964
6888
7507
8276
9104
9341
7962
7152
7646
7249
7937
8151
7343
5885
5867
5647
5111
5874
5637
3090
4031
6023
6387
6047
6723
7147
7378
7819
9254
9351
9823
10065
9978
10536
9440
9829
9227
9969
11197
10389
10075
10350
10683
11063
11316
10752
11252
10684
11369
11430
10002
10363
12859
12222
11582
10753
10858
12584
12535
12088
11167
11726
11724
10797
9799
10082
9366
10081
10487
8534
7220
6200
8549
6420
4541
7581
3252
1320
4444
3869
3730
6410
5837
5588
6482
5917
3944
4524
4001
6369
4942
3083
4534
5172
7001
5680
4362
6145
6966
5350
6209
6750
7732
6662
3555
5212
7227
5861
4332
4192
4676
4268
2731
3050
2259
3774
3292
3290
4882
6354
5052
4420
5575
7378
6752
7601
5704
3344
2987
3925
3352
4991
6761
16567
17032
15065
14679
14561
14133
13116
13750
13122
14881
12873
11879
14158
13094
12562
12960
12619
13506
14120
11942
11013
12581
11547
12274
11966
9909
9292
10012
9589
10284
10647
11024
11995
13324
12636
12445
14416
12071
10280
12371
12993
14345
14027
10489
12261
13290
12058
13673
15422
13052
13344
15508
13518
13574
14859
14045
13437
15106
16190
14222
15492
16233
16387
17390
17111
17535
15296
14888
17813
16961
17022
17473
16221
15427
16040
15252
13896
13934
13409
13951
14176
14228
14681
16052
15945
15360
15497
18373
18979
16610
15128
13512
13013
11928
12246
12512
13588
14251
12669
11361
11619
12914
13866
14335
11603
10918
12150
11956
10719
9071
8845
9339
10445
10465
9298
10450
9173
8157
9801
13287
10072
9195
7053
6720
4729
4372
3804
4695
629
-335
1024
1862
1030
3320
3163
-1095
824
1413
-1847
-909
-1154
-1940
-2041
-3689
-3250
1815
111
-2445
-1443
-1552
-1756
-1675
-1722
-1999
-1822
-9
126
-922
-662
-408
-1301
-2190
181
-1103
-1990
-146
1552
2350
2878
2686
1920
2433
2453
1822
2378
3031
2641
3246
2745
4494
4085
1022
2106
4021
2720
4283
4767
4565
5463
6788
6263
7186
6975
4749
5003
6032
5565
4178
6077
7369
5801
5635
6807
7287
8191
9877
10113
7949
6774
10551
11312
9368
9032
8471
6178
7485
8319
9561
9950
7932
8642
8346
6473
5191
6389
5148
4914
5302
3772
6198
6198
6936
7598
4952
5987
9052
5452
4445
9243
9202
6009
6312
4130
5054
4383
3806
4686
4156
4951
4984
3539
1996
83
70
1496
3185
2691
1357
1307
729
534
1735
1421
2351
4142
3411
3066
2851
1393
3028
3013
1352
1826
2759
705
1628
951
-1261
405
1229
928
1295
1362
743
1670
808
1189
2267
2580
2227
1627
862
856
391
325
2378
1836
1532
3935
4884
3627
2265
2135
4506
4417
4787
4030
3158
4423
3031
1864
2062
593
1088
2050
1885
1574
3662
3381
2726
-1391
-786
-1431
-2518
-4021
-2439
-2832
-3190
-2066
-92
1088
-728
-754
833
2240
1769
2539
3538
3437
5924
5666
4668
4675
4682
3277
3055
3271
3881
2438
2406
2884
4379
3768
1788
49
-2476
-2380
-3114
-5061
-4446
-4248
-2556
-2723
-2853
-2207
-2919
-309
-281
-988
-735
-1537
756
76
-1214
-105
-2095
-3665
-3463
-4305
-6467
-6988
-4798
-3148
-4550
12124
9925
9871
13270
11444
11026
12292
10683
9594
9572
9021
9079
12231
12631
12028
10864
10372
10402
9394
7578
6573
6735
6574
6580
7194
7263
6417
5613
3543
3471
2698
3729
4155
3271
4122
4528
4294
4522
3907
2065
2682
3939
3779
6240
5326
3207
4685
6840
6843
6942
6370
7944
9931
10079
9179
10727
10627
9088
7928
8105
7219
7071
8916
8759
9125
8291
8671
7932
6607
7012
8057
8395
8391
9980
11456
11657
8837
7907
9338
8164
8519
8752
6319
6616
5912
6436
5435
4609
5684
4788
5867
7351
4133
1809
5075
2387
1611
3725
4484
3920
3287
4220
6760
7419
6036
4749
6027
7125
6794
6983
7634
7070
8023
6484
4830
5552
5740
4551
5191
3428
2876
3751
2630
3554
4598
3393
4796
4818
4158
1513
2044
1602
-1171
-2297
-1853
-2064
-812
-2093
-2729
180
-759
868
2601
1856
2500
5269
4929
5446
5719
5155
7159
6929
3679
3707
4224
3535
3943
3695
4184
5220
3708
3478
3381
1173
554
3057
2181
2311
1873
770
847
-1169
-1535
641
286
704
1710
2098
1818
280
759
670
1518
505
2699
3045
1212
-2040
-78
-534
-1662
-141
507
-420
-757
-1743
617
171
-1336
-1632
-4074
-3530
-2534
-3103
-6239
-7363
-7394
-6811
-7325
-9676
-8204
-5981
-7042
-6997
-5083
-4585
-6060
-5428
-5457
-5315
-4410
-4307
-5205
-4989
-4136
-4549
-5955
-3790
-2596
-3455
-4427
-3753
-3465
-3540
-3359
-4000
-6955
-9123
-8070
-8198
-7505
-7514
-6898
-6622
-5813
-5505
-3254
-2391
-5508
-5066
-3806
-3549
-2800
-1673
173
-2451
-2989
-508
-1057
-1847
-2654
-5139
-5955
-4223
-6249
-6752
-7218
-5512
-4762
-6002
-5673
-6025
-6543
-5816
-6478
-7984
-7171
-8535
-7668
-7234
-7999
-6292
-7569
-6977
-4855
-5740
-6125
-3740
-3925
-5239
-3738
-4156
-3532
-3889
-3342
-4421
-5446
-4727
-5108
-4291
-3505
-4335
-4272
-956
-324
-1620
-1372
-2461
-1015
-2224
-3980
-4060
-4385
-6719
-6632
-5152
-3962
-4069
-3551
-2614
2957
4394
4488
4169
4253
3859
4222
4078
2025
3163
4322
2413
3671
5840
5135
3790
4438
5821
4589
4534
6355
6026
4631
5230
5966
6510
6368
6889
6864
7187
6615
6215
6962
4842
6095
6725
5245
8308
10032
9073
9880
11573
9175
8331
10078
10031
9975
11144
12356
12693
12019
11796
12168
9131
9312
10276
9785
10629
9522
8524
10823
9061
7757
8900
-6570
-7100
-8398
-7126
-7230
-7037
-7137
-9293
-7201
-7423
-7677
-6378
-4435
-5587
-6622
-6096
-4275
-760
-34
-627
-66
-1782
-1540
-868
-1069
-962
-1929
-2409
-1962
-1411
-2293
-3979
-6090
-5478
-5902
-5385
-5640
-6014
-4330
-3973
-3047
-3489
-1730
-1311
-3758
-4206
-3744
-2492
-2190
-4128
-2194
855
472
-352
88
665
1670
1960
-360
-1029
-1136
-3910
-3508
-2448
-3343
-4138
-3343
-3082
-2718
-4128
-2879
-2561
-4084
-4190
-2007
-1833
-1237
-1270
-947
1544
29
-54
524
838
-130
1644
1614
868
2380
1682
-1625
-769
-331
-1085
-532
769
384
78
-942
-762
305
318
-1391
-1122
-858
-1539
-520
-760
-237
457
-286
701
1508
1512
2250
1571
477
2165
3431
3329
2786
2759
2231
3079
3423
3052
4123
3854
354
1863
1476
1654
957
699
1117
1026
1636
1255
762
1244
2512
3610
4769
5744
5644
5163
5655
4872
5460
4471
3442
3014
1935
1006
489
1152
1287
740
361
1701
2566
2789
3367
4455
5207
5877
4460
3385
2358
1693
3267
2360
1307
1628
1440
113
1782
2325
1883
1231
405
1716
1428
1241
800
2243
2478
2397
2280
3526
3081
2614
733
-804
-642
-1464
-1197
-234
-543
-1765
-303
-224
-1810
-2710
-778
-352
-1721
-1695
-413
-335
-1438
-1686
647
-434
-1081
-640
-554
486
-560
-649
-380
756
2446
1950
1583
2122
3058
1787
-694
90
301
-424
-699
646
1433
1516
863
-261
-8
-451
-483
-928
-445
621
-137
1032
389
768
998
2240
2528
1755
1628
1417
736
1421
-80
-887
-1047
-1214
-81
540
653
51
2062
2655
2519
1553
1122
1108
-23
-53
-486
-137
201
-807
-1665
-2086
-978
-686
-1124
-92
375
597
218
388
-455
-1632
-1943
-1601
-2645
-2019
-1126
-674
-343
-121
249
1507
2173
2389
1502
565
1050
2047
2554
2121
2544
1704
1118
1129
1161
339
-1210
-416
1646
2458
2294
918
-258
996
1387
1385
1009
1287
879
289
1378
1397
919
792
901
1649
2141
3531
4473
4804
3880
3550
3234
3028
2393
877
553
681
1613
1336
1355
2759
3771
5233
5797
4943
4191
4668
3336
4153
3001
2749
3487
3063
4955
5249
3295
2467
2836
3168
3651
3867
4800
5635
5935
5053
4106
2529
1425
1882
3586
5183
5873
5380
5155
5333
4898
5294
1443
848
44
228
170
1414
1522
1559
289
-358
-8
-568
899
1935
2046
3258
3583
2066
953
775
-392
-1476
-1510
-1503
-2141
-2590
-4183
-3583
-2614
-3014
-3190
-2533
-1465
-591
-687
-1747
-1275
-647
-89
-326
-367
-411
-2158
-3908
-5168
-5294
-5864
-5503
-4550
-2650
-2326
-2490
-999
-173
-533
-1430
-2320
-1852
-1870
-2283
-2142
-2886
-1870
-1562
-2184
-1585
-1543
-1682
-708
957
1698
1765
1252
1194
1489
1801
2320
1809
2067
3586
3183
3106
2772
2618
4054
4849
4914
4869
4385
4688
3558
2255
2423
3104
2896
3604
3377
4014
2915
2015
3578
4578
4959
4270
5828
4832
4849
2850
1687
620
-528
-130
1310
2243
1934
1396
2452
4025
2869
754
842
1034
803
-556
-101
272
-713
-287
-5751
-6575
-6558
-6635
-5986
-6401
-6911
-6176
-7983
-8231
-7012
-8100
-6968
-5818
-5274
-5219
-5700
-5540
-4499
-3048
-4141
-6046
-7112
-6609
-6069
-5650
-6328
-7026
-5590
-6483
-6895
-6303
-5790
-5129
-6185
-6517
-5636
-6266
-6668
-7823
-7846
-7034
-7954
-9051
-8523
-7792
-8978
-9072
-9676
-9563
-9055
-9251
-8569
-9403
-9529
-8053
-7602
-5942
-6087
-7128
-7352
-7275
-6893
-6891
-6564
-5571
-4655
-4318
-5061
-4960
-4012
-3316
-3808
-4452
-3611
-2748
-2473
-3269
-4290
-4820
-3846
-3023
-3376
-4960
-5180
-5578
-4033
-2813
-3202
-3948
-4857
-4711
-5135
-5765
-5974
-6435
-6743
-7290
-6910
-6719
-5911
-5859
-6047
-5026
-5396
-6642
-6129
-4335
-3371
-3476
-4455
-3063
-2466
-2093
-1848
-2806
-2829
-3189
-3917
-4455
-4386
-4339
-3784
-2944
-3741
-3657
-3180
-2950
-4467
-5014
-4768
-4793
-4390
-3959
-2859
-2639
-4761
-5953
-4626
-4008
-4183
-4951
-5553
-6290
-6292
-5722
-5678
-5197
-2916
-1802
-1693
-1702
-1537
-2068
-2775
-2846
-2340
-2695
-3093
-3143
-2738
-1819
-1947
-957
67
-215
298
516
656
1399
279
140
1177
1979
2463
1278
29
-979
-1787
-1875
-1450
48
145
-832
-944
76
11
126
-1274
-1730
-496
-195
-3558
-3329
-1314
-1249
-2660
-2873
-1805
-1725
-1897
-1527
-1856
-2543
-4011
-3176
-2430
-2577
-3100
-1605
-409
-496
-1543
-2596
-3783
-4548
-3835
-3869
-3915
-4122
-2939
-1701
-2179
-3434
-4212
-4620
-5033
-4957
-5041
-4995
-5094
-4415
-3655
-3161
-4281
-5290
-4746
-5328
-6347
-6716
-6051
-5871
-5461
-3397
-3048
-3602
-4576
-5791
-5906
-5057
-5136
-4133
-3537
-3094
-2978
-4758
-9238
-8562
-8274
-7710
-5533
-6371
-7501
-8472
-8561
-8588
-8513
-8078
-6828
-7799
-8112
-7274
-7959
-9483
-10134
-9401
-9752
-9740
-8928
-8444
-7475
-7792
-7985
-7848
-7450
-7108
-6357
-6075
-7417
-6456
-7469
-8696
-8074
-6905
-5743
-6248
-7033
-8170
-6708
-6880
-7753
-5533
-5818
-6952
-5662
-4905
-4849
-5689
-5346
-5634
-5480
-5110
-5714
-5099
-4964
-5841
-6683
-8197
-8321
-9353
-10932
-10829
-11022
-10923
-11031
-11401
-11684
-12028
-10382
-9652
-10172
-10677
-8780
-8043
-8797
-9554
-9866
-10058
-9581
-8576
-8476
-9317
-9923
-8601
-8568
-9099
-9353
-9401
-8865
-7605
-6457
-7048
-8546
-9447
-9091
-8669
-9485
-11024
-9742
-9603
-8376
-8330
-7652
-8810
-9450
-7405
-7067
-7241
-8052
-7875
-7526
-7045
-8053
-7168
-6539
-6702
-7399
-6697
-6441
-6072
-6133
-5310
-4563
-3495
-6389
-6196
-5647
-4714
-4799
-5092
-5345
-5856
-6026
-4711
-4149
-3894
-4234
-4957
-6723
-7186
-7103
-8210
-8059
-7170
-8429
-10381
-11225
-11055
-10133
-9397
-8476
-9510
-10739
-10938
-10011
-9871
-9770
-8781
-8539
-8045
-7183
-5400
-6047
-7079
-7308
-7412
-7916
-9583
-9983
-9137
-9341
-9760
-9426
-9858
-9241
-8663
-8266
-7735
-8676
-8348
-6714
-4912
-4847
-5659
-6578
-7896
-8888
-8230
-8267
-9152
-10909
-10744
-10702
-11183
-10666
-9322
-7908
-7670
-7218
-8162
-8615
-9009
-9317
-9624
-8942
-6385
-7431
-7984
-7504
-6951
-6295
-5975
-5197
-5895
-5145
-5180
-6154
-6671
-6622
-6438
-5748
-5267
-5142
-5803
-5965
-7181
-8162
-7801
-6612
-5679
-4777
-4428
-5212
-5072
-5571
-6018
-6577
-6523
-6566
-6510
-8169
-7559
-5240
-4424
-3891
-3938
-4166
-3783
-3953
-3027
-1534
-1657
-752
-1889
-1890
-1271
-1115
-2088
-3838
-3803
-2241
-2455
-3077
-3715
-5081
-6189
-7039
-5833
-5065
-5145
-4004
-4885
-5341
-5850
-5707
-4915
-5492
-6967
-7713
-6873
-7326
-7185
-7309
-7532
-8463
-7629
-5598
-7159
-8182
-9155
-9275
-7801
-7806
-8265
-7988
-7345
-9024
-7827
-7124
-8421
-10040
-10638
-9091
-8365
-7934
-9494
-9483
-8019
-7057
-6290
-5671
-4569
-4390
-4519
-5325
-5332
-1301
-69
1202
2134
3100
3772
3314
3353
3513
3031
2410
2135
2372
2678
2118
1968
1873
1682
2639
2994
2021
1152
1497
-40
-821
-987
-1029
-1964
-2446
-3297
-2716
-1491
151
199
-1070
-1572
-2003
-1142
-286
-199
-758
-731
90
1461
420
-1175
-2097
-1933
-3138
-3384
-3692
-3061
-3252
-4177
-3734
-2774
-2141
-1353
-253
-821
-49
450
633
960
-444
-799
-37
2010
2134
994
943
2043
2293
787
275
965
119
-303
-1140
-1219
156
-442
-1160
-2394
-3547
-2980
-3119
-4361
-3433
-2961
-2413
-3173
-4756
-4709
-3374
-2951
-3494
-2940
-3113
-2306
-1684
-1878
-1153
-915
-966
-739
-1072
-924
-915
236
748
-1096
-2607
-2513
-1722
-1385
-1148
-2777
-2799
-2747
-2789
-2272
-2841
-1941
-2093
-1887
-1966
-3161
-3375
-3329
-3278
-3691
-3913
-3074
-1832
-2112
-3171
-3863
-4842
-4801
-4485
-4486
-4209
-5044
-4600
-3479
-3360
-2028
-17
-1368
-2495
-893
-1600
-1701
-1243
-1081
-213
21
-309
-508
282
1043
617
1018
1250
-359
-784
-694
-1545
-1707
-376
509
90
11
623
-73
-922
-1957
-503
-267
-165
1710
1582
891
308
818
781
975
1732
1380
1859
1653
5481
6158
5677
4297
4679
6598
7153
6054
5259
5956
6450
6673
5099
4999
5185
5385
4415
4750
4732
3986
4661
5038
4194
4886
5754
4663
4406
4257
4898
4657
5110
4793
4230
5581
6475
6849
6158
6008
5587
6230
6847
8059
8759
9308
9717
10857
10387
10564
9504
6905
4564
4121
4341
2925
2436
2781
3130
3653
4437
4498
3609
2913
2947
3266
3946
4728
4246
4547
6142
7057
6176
5298
7065
8113
7987
6440
5960
5976
7716
8292
7050
7657
6931
6516
6105
5083
5062
4696
4803
5766
6782
7588
6647
4675
3407
3314
2149
1682
1194
1237
1045
576
1000
518
845
503
646
1174
817
2400
2482
3587
3220
2625
1601
1702
410
362
864
-234
-693
-1970
-2705
-2992
-4076
-3688
-2919
-2408
-2511
-2786
-3308
-4682
-3723
-4419
-5867
-5928
-5162
-4630
-4212
-2880
-2859
-3527
-4415
-4150
-4118
-5114
-4510
-4748
-5212
-4662
-4533
-3355
-4941
-5455
-5600
-6039
-4695
-4039
-3922
-3949
-2840
-2209
-1980
-1840
-1957
-2661
-4017
-4601
-4402
-3493
-2876
-2277
-1366
-1346
400
769
1000
2602
2767
2237
2269
2579
2340
2464
2523
3291
3114
3090
1579
332
639
430
-23778
30004
30852
-24605
-18036
-15089
-19035
-24356
31626
32747
-28153
-27379
-28861
-25945
-17358
-4005
15509
22685
23612
29958
29685
31460
30882
24954
17515
15472
9099
942
-2155
-8317
-12318
-11498
-12360
-8784
-4664
-6533
-3036
-2871
-74
6183
8481
10166
10952
8430
6345
6842
5861
3557
3933
5018
4151
6773
5996
2990
1882
2419
36
-2762
-5435
-12297
-19829
-26159
-29303
31479
24869
22519
22269
26511
28811
-32465
-31284
31983
29324
25524
23762
24713
23421
21928
23634
21307
22352
24328
25841
28779
29328
29950
29498
28065
21951
25018
28712
24970
28863
-28065
-28417
-27286
-24972
-29762
-29871
-32712
-32346
-32251
31030
-31327
-30971
-27579
-26331
-32117
27898
22230
22958
19122
17917
21447
26990
-28262
-21885
-18473
-14600
-10462
-8432
-9184
-7260
-4820
-9588
-16219
-22897
-29739
31613
28502
21699
19309
18530
16351
13737
11532
7869
9066
12482
14750
18425
20037
19111
18186
15642
12598
10846
9120
3023
-4188
-6809
-5987
-7464
-11862
-11343
-9011
-7356
380
10150
19431
-32697
-22067
-13443
-4471
2684
3212
-207
-2946
2049
11433
16354
23181
30993
-29271
-32748
24551
11603
4042
-838
-5646
-8169
-8425
-9105
-7890
-8305
-4101
-1633
1702
8679
13566
15673
16065
-9962
-8112
-7449
-5725
-8094
-10843
-8532
-4849
-5001
-6048
-7341
-9237
-7426
-6969
-8521
-6020
-3954
-4008
-3783
-1691
-4800
-7812
-7243
-8412
-9940
-10158
-13150
-16576
-17215
-16379
-16199
-15767
-16031
-16825
-15922
-19665
-23539
-23824
-25574
-27167
-25825
-27400
-31253
-31995
-31626
-30732
-28546
-29125
-30401
-32255
32050
-30311
31390
26792
26084
21334
19808
18764
11833
13338
14568
11551
12324
14932
-2710
-3258
-4989
-2482
-1651
2256
6197
7086
11241
14468
17450
20962
21684
22078
25248
23147
20453
18977
16590
17621
22160
23230
26488
31131
-30492
-24593
-21821
-22803
-20756
-18258
-15849
-17215
-20331
-21294
-24116
-30231
-27354
-28133
-28076
-27933
-27440
-28535
-31746
28994
24980
25678
26460
27003
25146
23532
21258
15607
15413
12236
7849
7328
1581
-2395
-1728
-1211
1396
7698
13613
19466
24623
31571
-31892
31983
31889
30927
30138
31634
31009
32717
-32618
31963
31385
-32046
-25109
-19043
-13948
-8031
14
6366
13754
22480
24990
27245
30620
28688
21524
17280
11655
10654
14680
18345
20968
27630
31982
31446
31640
-32754
-32631
-31559
-28434
-30071
-31214
-31076
-29873
-29582
-30566
-32636
-31214
-28998
-29950
-28034
-26360
-27983
-30178
-29393
-28753
-28459
-25924
-25297
-25709
-24841
-25588
-25680
-7606
-6800
-5742
-8911
-13156
-15216
-19517
-21906
-21568
-24804
-28162
-30471
31164
29522
27483
22201
19799
18214
16775
17075
15914
18377
18136
19921
26364
30257
32162
-31137
-29245
-31258
-32684
-30982
-26032
-22067
-20104
-19307
-20329
-24108
-28163
-31640
31059
24361
19214
18706
19547
19895
21503
23904
27697
32548
-28365
-24094
-18698
-12282
-4902
1868
6488
8689
13138
15146
16596
21537
23680
22562
23191
21433
17789
17529
15873
15423
18809
19571
18843
19216
18809
16998
14996
13824
12645
9378
8630
7314
3677
66
-3568
-6562
-10852
-14592
-19239
-23782
-25088
-27498
-30853
-32720
28002
26979
26922
23543
19948
16188
11286
8894
4128
1114
-902
-6283
-9687
-10468
-10591
-8242
-8613
-10404
-8584
-7942
-8510
-8148
-10522
-13762
-13834
-14433
-12526
-11726
-13914
-12901
-11264
-8465
-6093
-9643
-6772
1372
8675
13508
16705
21840
26632
30895
-24568
-16570
-7844
-2154
-6707
-11362
-16964
-23500
-27896
-28148
-25843
-22607
-19995
-18205
-16832
-14882
-12662
-10998
-9921
-9639
-10745
-13215
-13280
-13447
-13037
-14600
-17726
-20167
-21563
-24997
-26815
-29542
31587
27262
24178
18996
16026
14984
11953
7603
5502
4008
4084
3609
1623
1362
314
-523
585
125
-2291
-2471
-3914
-4480
-6241
-7471
-10616
-10201
-10707
-8802
-7735
-6640
-6319
-5263
-4740
-5440
-7823
-7368
-5682
-4541
-1428
3678
9202
13210
16421
20364
21641
22563
24104
26839
28032
31428
-31240
-27388
-25376
-22575
-20435
-19111
-17441
-16887
-17920
-18590
-18229
-17481
-17320
-16673
-15467
-15957
-16616
-17771
-20795
-23178
-24815
-25397
-23775
-21452
-20988
-21078
-19814
-20137
-21105
-20101
-22024
-20870
-19274
-17806
-17858
-18687
-20854
-21049
16070
16380
18819
21514
24538
25785
25409
25269
26510
23714
22157
20718
21452
20608
20584
19988
20486
18821
16519
14429
12753
10190
7936
4825
1974
-1190
-4421
-7949
-13333
-17029
-21434
-23787
-28294
30745
27033
24635
21873
16948
13166
10796
9280
7501
9617
10096
6402
5792
6444
6384
3271
302
-994
-3251
-4675
-5448
-4330
-5115
-5305
-2705
-2898
-5630
-5903
-4084
-5603
-7818
-10616
-10201
-10707
-8802
-7735
-6640
-6319
-5263
-4740
-5440
-7823
-7368
-5682
-4541
-1428
3678
9202
13210
16421
20364
21641
22563
24104
26839
28032
31428
-31240
-27388
-25376
-22575
-20435
-19111
-17441
-16887
-17920
-18590
-18229
-17481
-17320
-16673
-15467
-15957
-16616
-17771
-20795
-23178
-24815
-25397
-23775
-21452
-20988
-21078
-19814
-20137
-21105
-20101
-22024
-20870
-19274
-17806
-17858
-18687
-20854
-21049
-27833
-27696
-28330
-32023
31172
30237
29744
31221
32730
32098
32529
31225
27857
25901
23895
25473
24921
22698
19910
18393
18873
18847
19565
20764
18717
17828
16153
13586
15660
17523
16985
16303
15549
15547
16322
15953
12938
12112
10586
9308
6543
4142
5280
7616
8839
7593
6159
5559
4781
5012
5710
2267
-611
-2820
-2631
-2882
-3804
-4128
-4718
-6706
-4932
-4356
-3857
-2104
-2768
-1441
-2479
-3007
-3243
-650
902
-499
-3518
-4450
-5730
-5629
-1770
-4817
-7522
-7147
-3342
980
3174
5269
5828
5583
6366
8631
6699
3677
3887
5882
8453
8784
8033
4022
4792
7483
10891
9640
8224
8237
13640
17393
18325
15650
10018
11678
11814
12736
12029
10409
12768
15370
17264
17287
15922
12930
12106
16715
18171
15022
14086
16402
18276
19874
20725
21054
19625
17768
17767
19664
19135
18900
17687
18625
21622
20622
15806
12201
9973
7800
6287
5001
3838
4045
3036
768
-2804
-4248
-5529
-8897
-10452
-14344
-19474
-22693
-22979
-22456
-25001
-28520
-29859
-31957
29500
27149
23299
17713
16576
16294
17201
13545
11473
9006
3793
4243
4098
2472
-946
-1912
-615
631
-1634
-1595
-1454
502
1702
785
1817
597
1538
4930
7286
6850
18612
19654
19135
20811
22804
23208
24275
24944
24953
24733
24113
24896
25867
26629
26520
25353
25820
26205
27729
27034
26628
27020
25892
24753
26329
28522
28477
28532
28472
26095
24516
25232
27617
26581
25925
26772
27433
28818
28718
28475
28392
28594
27700
29805
30240
29251
30983
30451
29385
29367
29657
30663
-32609
32547
-31474
-31105
-31341
-32244
-32567
-31225
-31249
-31972
32693
32104
7275
6958
7362
7592
7390
6373
6630
8670
10700
10048
10496
10127
9532
9169
9987
8923
8989
10157
14264
14843
13821
10797
11034
13240
13130
13185
11881
13726
16688
18606
19460
18592
16237
15142
15544
18039
19831
19400
19189
20678
22124
23188
22426
20149
20058
23741
27120
27594
28664
28673
28705
29695
31799
29928
28405
28994
32501
-32280
-30663
-29875
-29065
-27975
-28384
-26402
-25523
-25637
-26984
-26504
-25722
-24479
-24016
-25209
-24886
-22718
-21590
-21625
-21220
-20206
-19224
-19643
-18388
-17152
-17704
-18108
-15950
-14164
-14455
-16035
-14616
-13663
-11747
-11483
-12635
-10293
-8577
-6970
-6526
-7533
-6823
-6326
-5592
-4764
-3153
-4601
-6264
-7003
-6022
-4684
-4570
-3080
-3564
-2845
-1626
-2571
-1343
-297
-975
-3193
-1419
1663
2141
3027
1324
-193
453
2375
3160
1761
31239
30399
31133
-32471
-32211
-32000
-31048
-29935
-29804
-30230
-31401
-31152
-30993
-30961
-31479
32675
31837
31546
-32711
-31101
-30378
-30824
-31519
-32032
-31319
-31369
32505
32310
-32389
31920
31512
31583
32762
-31963
-32215
32728
-32205
-31845
32132
-32493
-31900
-31715
-31579
32447
32351
32359
31076
31838
32133
31582
32103
31763
32446
-32011
-31045
-31278
-32404
32588
-32183
-32073
-31879
-32314
-32115
-31614
-31736
32392
30813
31548
-32087
-31942
-32512
-31838
-32754
-32560
-31599
-31080
-31644
-32480
32495
32229
31912
32057
31397
31048
31364
31772
31762
31799
29985
29930
31656
32658
32628
-32320
-32139
-31683
-31228
-30829
-30830
-32108
32243
32644
32710
31589
31001
30563
30241
29945
30377
30391
30455
30189
31442
-32449
32675
32644
-32075
-31177
-30500
-29669
-29013
-29423
-30198
-31200
-31219
-30852
-31838
-31762
-31317
-31696
-31666
-32042
-32356
-31717
-31490
-32112
-31991
-30155
-30636
-32377
-31718
-30676
-30806
-32029
-32638
-32388
32355
31616
30611
30153
30684
30146
31281
32037
32546
-32135
32700
32499
31963
31214
30487
30351
30083
29643
30251
29876
29145
29206
30014
29457
28900
29272
28541
28745
27981
27445
28617
29182
28871
29372
30679
29733
30179
29460
29114
27055
27280
27136
27496
26998
27040
27482
-2915
-3244
-5501
-5952
-5188
-5127
-4556
-4253
-4007
-3588
-2727
-2329
-777
-244
-286
-285
-399
-3288
-3755
-3811
-3419
-1716
-2462
-1911
249
1309
108
-314
-224
-1021
-709
-468
-1135
-37
1699
486
404
2471
1867
2347
1844
2384
2594
2318
4381
4248
4095
3053
3825
5227
3303
4449
4887
5863
5897
4086
4711
5606
3277
3596
4288
5909
6346
5783
-9310
-9526
-10842
-10333
-10602
-10293
-8116
-6958
-8490
-7733
-6869
-8707
-7259
-9175
-12212
-10189
-9705
-10815
-11398
-11195
-12139
-9999
-10514
-10795
-9560
-9506
-10104
-11538
-11769
-10455
-10900
-12496
-12116
-11600
-13342
-13280
-12846
-11562
-8281
-8864
-10950
-10560
-10972
-10219
-9884
-8309
-7325
-9036
-8987
-8227
-8459
-8992
-9045
-9529
-7041
-4472
-5196
-7035
-4804
-5423
-6150
-4506
-3462
-4132
-2915
-3244
-5501
-5952
-5188
-5127
-4556
-4253
-4007
-3588
-2727
-2329
-777
-244
-286
-285
-399
-3288
-3755
-3811
-3419
-1716
-2462
-1911
249
1309
108
-314
-224
-1021
-709
-468
-1135
-37
1699
486
404
2471
1867
2347
1844
2384
2594
2318
4381
4248
4095
3053
3825
5227
3303
4449
4887
5863
5897
4086
4711
5606
3277
3596
4288
5909
6346
5783
6620
5950
7561
9162
7910
7943
6951
9459
8488
8621
8142
4636
5354
5656
4392
5103
5698
6886
7500
8147
9231
8569
6350
7206
5387
4068
5159
5230
4825
7556
4586
5859
6395
4603
3685
4184
3829
6141
6646
5390
7983
5844
5843
9920
10174
7462
8860
8853
9656
8994
7716
9641
8407
7697
9133
7664
6762
7101
4788
5769
5801
5757
7800
5119
5211
8345
6594
4514
6239
4682
3879
7022
5041
4505
6330
3976
6108
9636
6182
7011
6098
4748
7105
6800
5866
6842
7744
8969
9173
8095
9269
9712
7559
7758
8735
5751
5120
6266
3193
5465
6586
6608
8066
6380
2530
3064
3034
3701
3463
4772
4078
3149
3927
5333
6326
4395
4711
6446
7548
8454
10325
9834
10155
11832
10895
12105
13380
10508
11458
11406
10370
10834
11997
10140
10831
12486
10727
11113
13193
11634
9838
12387
12453
9676
11232
9828
7441
9366
8905
6848
6346
7655
7262
9368
10644
11208
10400
10923
11640
10396
11244
12325
9239
10635
9051
10589
9687
9930
8206
8670
8299
6044
7888
8517
5109
5528
5831
5041
5756
7182
6869
4570
6482
8365
8273
9056
10137
10237
8964
8244
7192
6455
-8813
-4181
-4274
-3148
-3508
-4558
-5514
-6326
-8192
-8742
-9501
-12747
-13001
-12622
-12097
-14484
-15109
-12893
-15050
-14258
-11205
-9467
-9037
-6273
-8273
-9776
-8367
-6847
-11102
-11750
-13709
-15390
-15590
-15878
-14400
-14001
-14773
-13411
-12327
-11463
-11131
-10476
-9442
-6695
-7051
-8458
-7073
-7928
-8131
-9385
-11873
-13640
-14696
-15353
-13172
-13003
-11815
-12808
-10092
-6100
-3760
-3794
-4066
-3107
-1582
2717
5193
4637
3070
4894
5861
7903
10639
8408
10762
9150
7435
9670
7957
1605
948
1010
-3972
-4298
835
1007
1381
3934
7327
9973
13536
13901
12368
13555
12905
13538
11874
8389
4926
4198
4999
2986
913
487
316
-1411
-1554
2107
4134
4437
7837
7473
6877
9096
9085
5841
5610
607
758
550
-2991
-1131
299
-1480
1001
2588
2156
2843
4217
5560
6706
8780
8532
7829
4672
2967
-1146
-751
1225
-816
-4574
-2147
-3269
-3708
-3480
-1013
1197
2284
3584
4557
7924
4234
4128
3170
1675
-170
2489
2982
468
1318
1803
3148
2641
5454
5808
5011
6595
8730
10836
8574
7801
6149
4290
2896
1339
-1486
-1396
-3994
-2188
-1880
-2784
-139
-247
-118
1682
-104
-1908
626
1627
-1942
-1153
-907
3902
3844
4822
5426
7579
9435
8423
7503
6356
4585
3469
4101
5118
4876
5148
4656
4724
5164
5382
3841
2211
-716
-1434
1457
4675
5721
5619
4047
946
3025
1872
-1001
-2606
-1764
-71
1158
45
295
-789
-1219
-1910
-1632
-2879
-3823
-1143
500
-496
-1442
892
-266
-1446
486
-804
-1046
-3635
-4013
-5138
-6029
-6462
-5897
-4558
-2129
-285
-1129
-1702
-1678
-2060
-2835
-2637
-2425
-1196
-2064
-2813
-130
310
56
-2141
-3970
-2542
-3492
-4321
-4825
-2285
-1758
-1289
-116
1050
272
-732
3916
4647
1610
-400
-1074
1106
1987
1087
1816
-180
-2018
-3968
-3836
-4627
-4175
-41
90
2868
6518
6527
3932
4231
4365
73
-981
32
3366
632
-3900
-3653
-4336
-5810
-5104
-5772
-6340
-3762
-2178
1074
3077
3768
2501
1293
1112
1344
1703
677
-558
-3520
-5788
-6640
-8785
-9785
-11096
-9297
-7614
-5080
-2846
1271
918
1630
2224
545
-553
1167
2564
633
363
-474
-3194
-6871
-7504
-11644
-12891
-11589
-9411
-9715
-8049
-4534
-904
-525
521
1153
894
3667
3909
2349
-454
-1850
-259
-1979
-7158
-5756
-7009
-10884
-8848
-6248
-5777
-2842
-1902
-1238
1371
1449
2022
-2098
-2288
-3098
-7078
-4999
-5561
-9287
-7127
-4685
-2985
233
4494
5184
5923
4592
1835
-587
-3686
-3537
-2196
-745
2172
4020
2894
1524
1372
1185
4062
5255
4283
3785
4820
4314
6937
6976
3339
552
2558
3571
1678
820
99
-239
-1151
-661
1937
2019
1255
299
642
-1067
-1551
-1333
-2013
-2032
-498
-222
1185
4729
4544
3196
2337
-1858
-2082
524
1189
-554
-719
-1782
-1474
721
-631
-237
-2088
-5850
-6162
-4396
-3960
-2751
-1345
502
5208
6343
4155
2245
1232
-349
1572
3042
3535
1982
-979
-1067
-3044
-3257
-6098
-8252
-8002
-3724
-1835
423
196
84
116
-590
776
2936
1491
491
1033
507
-1465
-7053
-9317
-7336
-7138
-7648
-4522
-2207
-785
1513
2664
2185
2317
993
146
-838
-1690
-2098
-2288
-3098
-7078
-4999
-5561
-9287
-7127
-4685
-2985
233
4494
5184
5923
4592
1835
-587
-3686
-3537
-2196
-745
2172
4020
2894
1524
1372
1185
4062
5255
4283
3785
4820
4314
6937
6976
3339
552
2558
3571
1678
820
99
-239
-1151
-661
1937
2019
1255
299
642
-1067
-1551
-1333
-2013
-2032
-498
-222
1185
4729
4544
3196
2337
-1858
-2082
93
-356
-1910
-1330
136
291
1785
39
-768
-113
-1789
-4336
-5194
-4482
-4469
-4502
-6133
-6168
-7358
-4794
-3703
-1860
-2909
-5063
-5774
-4085
-3676
-5969
-7313
-7800
-6972
-4521
-2509
-1836
-4563
-6589
-5769
-5389
-4675
-3611
-3624
-2940
-2337
-686
997
656
-1676
-2969
-3204
-4189
-4245
-5078
-4103
-1672
-1207
864
1993
2834
2859
1392
1949
1886
1836
2654
1226
-339
-1261
-1512
-1678
-2130
-1977
-3540
-1413
-970
-1577
1222
3545
2865
3714
3152
2415
1200
636
702
-1271
-1186
-137
-67
266
-144
-1479
-2186
-1255
-1422
-1455
602
941
-996
-822
-1118
289
-67
-1789
-2526
-2154
385
1514
2458
2072
2317
2865
3434
3344
4201
3480
3245
2301
533
1128
713
-108
354
-291
-595
-126
950
1407
1968
756
558
680
312
469
-69
-449
440
1819
2895
1503
1220
1423
117
-107
1313
1994
1176
785
2055
2866
2695
3127
3238
1789
955
2762
2043
1600
1262
1100
1232
681
1335
2656
2149
-1080
-1521
-1141
-156
1596
1837
1446
-43
-1204
-894
-108
-982
-2507
-5217
-8309
-8014
-7049
-8106
-8293
-7551
-5128
-3111
-3067
-3217
-2572
-2396
-2413
-2333
2049
646
41
885
1588
1250
1794
1940
1701
430
-1207
-1578
-839
-1192
-1484
-928
-472
-1375
-1429
-1474
-2234
-4150
-4600
-2571
-1492
-1441
-1908
-772
-57
621
30
-1877
-1274
-291
-166
-1813
-2545
-2841
-3970
-4202
-3501
-3685
-4305
-4784
-3007
-2660
-1363
-2877
-3814
-3302
-3968
-3590
-2264
-1994
-1988
-1180
-1691
-2077
-3175
-2310
-1463
-1365
-720
-1122
-3514
-4107
-3303
-2993
-3731
-4674
-5140
-6125
-6117
-5166
-5862
-5970
-6547
-6542
-7034
-5913
-6173
-6411
-6143
-8830
-10644
-8601
-8448
-8793
-10051
-9462
-8840
-9408
-9043
-7164
-5603
-5476
-6549
-5405
-4345
-4497
-4004
-3907
-3526
-3773
-4476
-3805
-3422
-3309
-4460
-5560
-5304
-4215
-4431
-5855
-6992
-7116
-7081
-7868
-7735
-8455
-8749
-9027
-8589
-8462
-7791
-7763
-8601
-8679
-8555
-8521
-7239
-7157
-8221
-6960
-6248
-5793
-5546
-6727
-8182
-7101
-7610
-7179
-6232
-7017
-7658
-6872
-5334
-4576
-4857
-4098
-4557
-5998
-7529
-7715
-7273
-6497
-7674
-8429
-8204
-7741
-7331
-5773
-6306
-7007
-8219
-8652
-10785
-11623
-10951
-12012
-12591
-12223
-12762
-12556
-11597
-11498
-10647
-10424
-9119
-8798
-8501
-8256
-8497
-8533
-7915
-8080
-8618
-8199
-8112
-8287
-9042
-8905
-4884
-5798
-6129
-6636
-5635
-4961
-5302
-5541
-6311
-6714
-5068
-5706
-7147
-6573
-6270
-6131
-6490
-7362
-7388
-7470
-8082
-8263
-7535
-7461
-7869
-7266
-6136
-6090
-6882
-6112
-7312
-8341
-8820
-10311
-10597
-10364
-9753
-10018
-10680
-11173
-10567
-11054
-11134
-10783
-9714
-9139
-8105
-9006
-9140
-7125
-5721
-5640
-4590
-2663
-2146
-1383
-1777
-2337
-1866
-2796
-2914
-3523
-4209
-4433
-4889
-4704
-4774
-4750
-3799
-1871
-1980
-3558
-2527
-2753
-4674
-4817
-4874
-4565
-4970
-6402
-6972
-7581
-7900
-7720
-6094
-4663
-4271
-3833
-3664
-3334
-3585
-3515
-5261
-6445
-4830
-4914
-4639
-4719
-6088
-6666
-6192
-5720
-5540
-5080
-4317
-3876
-3899
-3431
-3269
-3979
-3578
-3082
-2237
-1982
-1747
-1086
-2403
-2614
-3102
-3075
-3159
-3664
-3595
-2519
-1189
-1865
-3149
-4118
-4238
-2949
-2627
-2963
-2926
-2893
-1576
-1573
-1814
-1875
-1700
-1331
860
918
580
-343
-676
-1447
-1777
-2834
-2273
-2647
-1657
-798
-327
-743
-493
908
1777
1489
1369
1497
2239
2078
3299
4100
4281
4694
5428
6002
6037
5701
6605
7119
7295
5182
4596
3837
2868
2747
3951
2795
2909
4534
3973
2800
3779
2275
1477
2589
1385
674
-329
41
-7194
-6480
-6695
-6938
-6901
-5625
-6859
-7012
-7322
-8510
-9138
-9714
-10802
-11242
-10670
-9246
-10129
-10197
-11059
-9951
-9890
-9730
-7876
-6336
-5779
-7158
-6859
-6643
-8132
-8201
-6669
-5733
-4875
-5356
-4611
-2956
-3082
-3014
-3238
-3470
-2273
-2820
-3362
-2270
-1394
-1416
-1647
-1846
-1286
-2168
-3529
-5279
-5656
-4552
-4280
-4147
-2472
-2524
-2443
-3678
-5327
-5444
-4112
-3228
-9439
-9697
-9726
-9476
-9375
-9091
-9613
-11165
-11677
-10327
-10314
-9973
-9624
-9680
-8890
-8526
-6856
-7353
-7932
-9240
-8896
-9105
-8291
-8453
-8360
-8186
-8348
-6796
-7357
-8178
-6860
-4580
-4827
-7726
-9424
-9961
-10011
-9916
-9745
-9817
-9483
-9708
-8844
-8424
-8599
-7445
-6836
-6298
-6476
-6926
-7051
-8475
-7032
-6404
-5857
-5996
-6867
-7760
-7712
-8704
-8634
-6891
-7371
-7097
-7194
-6480
-6695
-6938
-6901
-5625
-6859
-7012
-7322
-8510
-9138
-9714
-10802
-11242
-10670
-9246
-10129
-10197
-11059
-9951
-9890
-9730
-7876
-6336
-5779
-7158
-6859
-6643
-8132
-8201
-6669
-5733
-4875
-5356
-4611
-2956
-3082
-3014
-3238
-3470
-2273
-2820
-3362
-2270
-1394
-1416
-1647
-1846
-1286
-2168
-3529
-5279
-5656
-4552
-4280
-4147
-2472
-2524
-2443
-3678
-5327
-5444
-4112
-3228
910
609
-570
-780
-1026
-1338
-1874
-171
921
538
543
329
1075
-904
-5
1426
510
697
2362
3694
2666
2052
2688
1951
-126
32
-198
-1245
-1205
-696
731
2523
2053
1682
1114
589
894
550
-922
-807
-822
-1560
-1329
-394
570
154
-621
646
995
599
1129
1131
1654
2310
2178
1643
2899
2537
1720
1884
2244
3612
2887
1910
1652
2523
3612
4422
5023
4869
5792
5963
5118
4250
4766
5583
4609
6258
6943
6618
5818
6361
6911
6045
5463
5536
4924
6067
5826
5672
6302
7220
7202
6547
6439
4805
4861
3965
2018
3183
4513
4234
2922
3853
4218
2784
2544
3063
3326
3488
4502
5812
5472
5582
4664
4157
2391
622
2304
2093
2445
2415
2338
1201
906
1095
1405
950
1786
1050
-504
-489
259
-90
-717
-44
256
-919
-1201
-1621
-586
875
1252
824
1130
47
-591
-1393
-1486
-1420
-2200
-1759
-2375
-3586
-4038
-4468
-2255
-1358
-2389
-2324
-2025
-1864
-1367
-2247
-2034
-2124
-2156
-2746
-2130
-2835
-3997
-3318
-2867
-3228
-3098
-2654
-1475
-669
-202
-804
-1923
-2017
-1152
-1288
-2129
-3521
-4075
-3842
-3677
-4142
-4305
-2605
3147
4428
4852
4684
4942
3783
2770
2366
2769
3434
4863
5011
4238
3773
3357
4140
3991
4716
4870
3731
5127
4463
2577
2247
2114
2887
2973
3317
3436
2584
2398
2361
2184
1738
3050
3981
4053
3920
4254
2800
2988
3798
4744
3400
2583
3007
2872
2758
3311
1737
2144
2002
1973
2958
1814
879
174
3
80
354
672
1465
-66
228
8402
9084
8626
8002
6672
5557
5986
5390
5367
4689
4201
4163
3300
2655
2153
1476
2013
3023
3750
2246
1511
792
245
-630
-530
675
637
405
-1248
-2195
-3286
-3988
-2273
-1128
-670
-1243
-875
-550
737
977
1763
2862
2706
3000
2602
1676
799
-797
-1463
-2179
-2034
-2327
-2092
-1686
-1983
-1327
-2061
-2157
-518
573
1355
885
306
81
535
433
-958
-2280
-1748
-974
-1026
101
68
314
1305
3554
4163
5263
4971
3865
3519
3257
3411
3970
3690
3839
2756
2187
2032
2357
2006
1641
1677
2005
1377
-520
-142
298
-2114
-2255
-948
-2
-1265
-786
-178
-147
-1175
-818
-197
-274
765
2074
3671
3491
3940
2872
2207
2012
2739
947
164
-510
-2324
-1981
-1223
163
438
1630
3229
4318
5165
5192
5303
4395
5594
6119
5539
5142
4312
4920
5309
5135
4868
6049
6517
6049
4584
4973
5992
7265
6258
6539
7334
8403
8319
7613
7267
8070
8205
8749
8412
7871
7139
7518
8036
8859
8568
8145
8149
8525
7935
6736
6223
5146
4447
4566
5069
5729
5217
5924
5817
6051
6125
4949
4721
4826
5034
5049
4370
2980
1658
2018
1519
-68
181
612
1510
1409
2333
2694
1395
505
365
778
1856
2608
2333
2364
1682
1180
453
-1076
-2225
-2652
-2161
-1562
-2247
-1414
-1074
-2132
-2075
-1124
-1281
-2244
-3204
-4171
-3818
-2644
-2506
-2303
-1717
-2358
-3409
-3307
-2105
-489
-608
-1190
-1394
-1498
-1523
-782
197
-59
-47
889
690
304
183
1607
637
991
299
-1121
514
1141
1172
776
951
1550
1460
-479
-909
-1399
-2049
-2796
-2695
-3086
-3882
-3054
-3598
-4560
-7373
-7463
-6287
-5496
-5400
-6128
-6935
-7583
-8348
-7916
-7907
-8343
-7921
-7674
-6862
-6534
-5838
-5394
-6614
-7628
-8660
-10189
-10545
-11390
-11022
-12316
-11734
-11649
-11236
-10697
-10705
-10675
-9835
-9019
-7431
-7296
-6940
-5469
-6766
-7498
-7136
-7189
-7528
-8468
-6353
-5383
-5923
-5476
643
513
2222
3274
3632
4142
4704
3108
856
951
1552
1420
554
638
765
683
1357
2594
1739
1668
3718
2887
1623
2165
2721
2541
1831
1271
1866
1157
154
-336
-157
-843
109
1608
141
-1614
-338
47
-1601
-1762
-1353
-1327
-558
204
-566
-1210
-679
-241
-804
-1576
-3484
-2637
-2047
-2855
-1516
-1643
-2716
-2403
-2136
-3801
-2795
-301
-2108
-2051
-1109
-2423
-2513
-3117
-3858
-3297
-2054
-1782
-2068
-910
-899
-221
-1008
-1298
-643
-113
-1393
-2604
-2979
-4063
-5192
-4950
-4503
-4375
-2317
-1645
-805
-2069
-2761
-3576
-2235
-1475
-1188
-2793
-3624
-3707
-4462
-6291
-6240
-4167
-3204
-1516
-1078
250
-36
462
1324
1851
2678
2848
4164
4212
2607
3355
3110
3092
2477
3302
4576
3480
3504
1769
643
513
2222
3274
3632
4142
4704
3108
856
951
1552
1420
554
638
765
683
1357
2594
1739
1668
3718
2887
1623
2165
2721
2541
1831
1271
1866
1157
154
-336
-157
-843
109
1608
141
-1614
-338
47
-1601
-1762
-1353
-1327
-558
204
-566
-1210
-679
-241
-804
-1576
-3484
-2637
-2047
-2855
-1516
-1643
-2716
-2403
-2136
-3801
-2795
-301
-23832
-21916
-23143
-25481
-29776
-32443
32604
-30667
-23887
-15292
-7831
-4107
-3712
-2949
-845
-813
-3652
-5235
-4954
-2428
-453
3908
10650
10742
11748
14032
15509
16642
16192
14057
11874
11761
10696
9258
7488
4754
2088
-137
-1048
132
2252
2344
-491
-1902
-2743
-2082
-2196
-3419
-3345
-5038
-6288
-6961
-8815
-9196
-9989
-10625
-11396
-12214
-15303
-16164
-17784
-20041
-21667
-25888
20351
19265
22131
25420
24153
21870
17355
10770
6969
1943
-3661
-9676
-13552
-15478
-19218
-22414
-25459
-28710
32749
29630
23572
17756
16573
13723
6110
-115
-4298
-6932
-11767
-20788
-28588
32652
25336
18830
14490
6706
1384
757
-5335
-11306
-14119
-17125
-19893
-20289
-21894
-17926
-9856
-434
2782
1910
-3555
-14393
-16395
-16753
-21253
-32546
23080
16689
15726
23003
30662
-30362
-30445
-31007
-27567
-23191
-17506
-12282
-9434
-9552
-7354
-8577
-7732
-5125
-4162
-3720
-3145
-3176
-6582
-8499
-8921
-14854
-16855
-18457
-21549
-22813
-21793
-21113
-20679
-19606
-20422
-21144
-20305
-22792
-23336
-23265
-24986
-27572
-28336
-31289
29581
27627
23675
22683
24097
28644
-28576
-20949
-14394
-8925
-5352
-3480
-3009
-4469
-3284
-4655
-6872
-5999
-3574
-3646
-1461
1291
4807
11889
18909
25689
31879
29953
-21669
-20090
-17803
-16108
-14813
-11896
-9920
-10878
-11420
-10520
-11494
-10246
-9303
-8470
-5813
-3085
-258
1638
-738
-3535
-1873
136
1124
3771
4891
6206
8505
9833
10032
12441
12215
11520
11408
10740
7491
7406
6033
4511
3306
-239
-1983
-3122
-5596
-8787
-10409
-12513
-16074
-18680
-21625
-25146
-27438
-29556
-32569
31352
26930
23837
21620
17526
16567
13232
8011
4585
1670
-1853
-6260
-11594
-15272
-19126
-22560
-27746
-31816
29792
25892
23230
20259
17875
14143
9609
9115
7251
3248
425
-2950
-5613
-8084
-9178
-11222
-11632
-11698
-12753
-9710
-8549
-9152
-6991
-6014
-7814
-8854
-11110
-14346
-15844
-17884
-17225
-16148
-14851
-14596
-15323
-13666
-12443
-12055
-14115
-16089
-17133
-17909
-18646
-16654
-16934
-18591
-20133
-18956
-19135
-21210
-22784
-24313
-25298
-24812
-26502
-28167
-29484
-29382
-28654
-28375
-28798
-28268
-27335
-26397
-26103
-25466
-23460
-22964
-22989
-23168
-22630
-20134
-16413
-13524
-10048
-5341
-663
3265
8200
12832
16274
19296
22160
27243
31369
-31808
-29436
-26878
-24259
-21975
-20519
-16307
-11156
-7598
-5211
-3362
-1217
1028
3099
4026
5840
5080
7382
8273
7186
6798
6049
7458
9834
11812
15363
19426
24271
25549
26354
27057
24597
21578
20811
22691
22202
4328
5570
6613
7501
6712
4850
4348
2937
2480
2557
2872
1980
2833
4884
5609
4255
3893
4150
4204
5308
5179
2770
1449
1285
-614
-2175
-3166
-4785
-6892
-7955
-8032
-9685
-11679
-12289
-12476
-11506
-11073
-11382
-11621
-12587
-14583
-16338
-17353
-17665
-17690
-18358
-18927
-18148
-18117
-19075
-19554
-19011
-17510
-15763
-15099
-14952
-16274
-16958
-17679
-17616
-18037
-17105
-17237
-17697
24630
23986
23173
21666
19916
20299
21926
22052
20837
20969
20735
21115
22415
22632
23380
24346
26737
31712
-30181
-29002
-25267
-22311
-18531
-13248
-9310
-6393
-5633
-5525
-2529
-2057
-2069
-1039
-337
1085
2116
1208
1007
1683
2304
1970
1894
4525
12693
21202
30465
-24597
-13047
-1589
7500
16568
25210
30950
-26759
-19820
-14132
-9486
-6521
-1987
1270
1652
3717
6236
8205
9303
8844
7142
5420
2122
-405
-2544
-5856
-9665
-13314
-15100
-17463
-20363
-23060
-26053
-27675
-30924
30509
29809
28072
24092
19860
16519
12895
10804
6015
3323
-1533
-4343
-5641
-11441
-16696
-20570
-24874
-28719
-30855
32569
28506
24936
22278
20853
17567
15407
13717
10406
7919
6109
3475
1580
-208
-978
-2508
-4527
-5909
-7733
-9418
-9506
-10690
-12587
-12124
-10145
-10548
-11120
-13362
-15196
-5808
-6602
-7225
-6546
-6370
-6090
-6820
-6743
-5995
-5830
-5731
-6450
-6310
-6927
-7221
-6522
-6149
-4597
-3993
-4637
-5439
-5462
-5607
-4822
-5294
-4046
-2512
-2108
-925
1795
4848
10021
14775
19608
24953
30163
-28285
-20442
-13338
-5331
3255
11459
20124
28835
-30121
-25170
-19219
-13297
-8286
-4059
-672
2471
5904
7425
8344
9581
11145
11144
10017
9345
8367
7332
6175
3379
174
-1421
-4411
-8329
-12506
-16489
-20065
-24860
-28676
32307
28422
26008
23474
19568
16865
13974
12537
9480
7163
3388
-2492
-6979
-11045
-14075
-17041
-20726
-24969
-27605
-30671
31509
27381
25257
23436
19776
17533
13613
9124
5897
2765
-962
-4901
-7763
-12165
-14403
-16966
-18949
-20672
-23642
-25529
-27523
-30147
-31324
-32540
30988
29020
26707
24529
24856
25083
23379
20541
19072
18237
17949
16895
16296
16780
16480
16174
15589
15504
14460
13755
13241
15186
16717
17129
17040
17212
16885
15595
15238
15199
14275
14691
13390
14345
15341
14959
16225
16974
17499
18019
18553
18227
18239
18809
21729
23188
23178
23687
24733
26059
27336
28626
29009
30893
32177
-32586
-30961
-31161
-30475
-29504
-28477
-27303
-27385
-27625
-27155
-25853
-23852
-23793
-23621
-22803
-20984
-20486
-20646
-20253
-20607
-9594
-9599
-10594
-11753
-10257
-9477
-10497
-10689
-10025
-10680
-11565
-10560
-10181
-10444
-10359
-10285
-10029
-10914
-10615
-9622
-9145
-8931
-8636
-8335
-7900
-6824
-6362
-5647
-5876
-4630
-4850
-6146
-7347
-6790
-5267
-5448
-5617
-4640
-4593
-3641
-4169
-5929
-5012
-3289
-1704
-1514
-3213
-4000
-4460
-3565
-2051
-3776
-4733
-6478
-6239
-5210
-5382
-4512
-3760
-4119
-3405
-4025
-3771
-1334
812
1177
2163
4673
3680
4215
6491
6826
6850
7944
7753
7217
6128
5107
4955
5484
5986
7487
9510
8685
8002
7995
8070
7937
6996
7175
7235
6427
7034
7876
5857
6566
7746
7865
7189
6374
8559
8542
7772
8164
8154
7742
7593
8173
9976
12232
11838
11242
9721
9214
9903
10053
10116
9352
9851
11366
11402
11925
12478
12817
11658
11715
13340
13933
15429
14378
14696
16803
15514
14097
12468
13698
15052
13250
11428
10931
13673
14078
14225
14031
13879
13392
12044
11670
11316
10349
10245
10216
9465
9467
10348
9239
9016
7936
9944
10623
9755
9746
10348
11232
10740
10137
10601
10497
11043
10331
8734
7402
5634
4496
5497
6110
7195
7435
7028
6975
8438
7623
5441
5357
6553
6120
5423
5424
5808
5511
4781
3697
13905
13717
13147
12863
12244
11849
12838
12239
13505
13704
14383
15168
15611
16144
14549
14186
14293
12695
12263
12544
13687
12590
10400
10222
8309
8274
8127
8243
9020
9669
9179
9646
11492
11484
11392
11266
11582
11031
9405
9352
8398
8462
7807
9068
9652
8740
9248
9637
9511
9365
9304
9147
9116
6851
5812
5056
6317
6409
5022
3900
4776
4056
4670
5231
3928
3093
5198
6315
7617
7359
5893
5355
4599
4035
1853
1529
2872
4318
3463
3006
3008
1932
2490
3508
2950
3471
5136
5274
5478
5295
6560
5110
5075
4407
2880
2677
2811
3385
3620
4773
4340
4024
5141
5163
7556
8847
8801
9014
8133
8299
6661
4270
4217
4292
5436
6809
7082
7125
6161
6328
7101
7234
7824
8484
10466
11314
10370
10206
10741
10783
11251
11708
10100
10273
11316
10063
9618
9492
10502
11682
10933
9604
10037
8525
8123
9804
9636
7930
7113
7279
6374
6038
6027
6127
6592
6781
6837
7464
6836
7504
9153
8395
6728
7545
6888
5804
4975
4692
4370
5797
4701
4231
5511
6222
5136
6146
7447
8168
7562
7119
7729
7238
6673
5570
5415
6739
7075
7412
7927
7832
7733
8123
17837
18108
18577
18254
18218
18114
17836
16451
16837
17839
18983
18527
16982
16711
16885
17784
18573
18256
18090
18940
17699
17132
18338
17850
16508
15693
15200
15004
16524
17394
17167
14615
13706
14055
15658
15764
15846
15780
15385
15703
15976
16570
15684
14084
12912
12909
13777
15803
15742
14021
14265
15351
16094
15331
14436
12865
12543
13735
13994
13705
14028
15727
15518
13911
2446
2414
1646
1129
1166
1812
1736
2037
735
541
1458
1517
1207
951
519
774
2306
2287
1476
1972
2859
1641
1738
3674
5244
5253
5064
6012
5426
5188
5766
5937
5965
5219
3741
3936
2640
1221
1620
613
-454
-1482
606
2786
4477
6433
6375
4914
5583
6510
4641
4054
4349
4435
4753
5386
6886
7157
5515
4227
4816
5919
6758
9366
9880
9370
10660
12358
12072
10182
10568
11138
12412
13651
12244
11399
10687
11452
12124
10723
10042
9856
10394
9427
8477
8738
9577
11498
12531
11594
11138
11559
12704
11672
11055
10736
11691
10506
10961
11943
12233
13897
14075
13029
12750
13736
12894
11709
13067
13962
13581
13898
12706
12927
12864
12879
12668
11911
13908
14939
12756
9485
8478
8634
9004
8567
8361
9249
13462
11814
12465
10599
11299
10289
11087
11835
11116
12584
15085
11807
13233
13860
11729
12423
11636
12191
12174
11894
10597
10521
10699
11983
12159
12539
13577
14925
12458
10512
13362
12693
10561
11935
11684
11531
10384
10606
12038
13416
13408
15616
15501
15399
15415
13069
12136
12259
12103
9678
10494
11013
11950
12473
10872
11993
10968
9782
11100
14395
13635
11987
12326
13053
12892
11923
13334
12235
11410
11688
12300
12897
11893
12251
12703
10665
11021
12268
9904
10054
11152
8434
8821
11973
10784
7541
8278
7779
9684
9585
9341
11034
12778
11034
10888
11662
12380
11014
11381
12836
13135
12647
14069
14575
14335
14944
16295
13534
14440
11959
12714
15912
16115
13309
15105
16727
12958
12338
12467
12549
13909
15252
16029
14896
16419
16721
15414
13249
14285
14203
12542
10777
11006
12735
11373
13242
13525
13368
12245
15500
15377
13335
11002
12391
10973
12349
14273
13755
13466
12214
14653
15005
11908
12220
14286
10473
8515
11830
10085
11120
11112
9760
7549
9101
10156
11729
10063
7955
10583
9706
8759
12557
8769
7718
9018
9030
8844
12109
11466
11483
11647
11843
12002
11219
12358
11493
9744
11601
12725
12260
9249
8321
4010
5052
1279
1375
960
-1562
1035
652
-1895
26
2060
1231
2715
3463
1166
2344
3427
3216
3379
4517
3123
2065
3940
445
-797
-2013
-2636
-456
-1476
-361
408
-709
1125
1247
890
3666
2063
-379
2287
4500
3916
4037
6467
6517
4935
5442
5920
8377
6033
2402
5421
3471
3864
5920
4397
6066
7666
6659
5691
9734
7044
3449
6033
6262
3063
2842
1669
2590
5306
4336
5907
7354
3421
2443
4966
3529
3155
6549
3353
4391
5990
6429
5594
5152
5406
5739
8862
9381
6160
6174
6911
4350
2315
4019
2642
-1789
-1164
-104
656
830
286
-768
-2001
-1959
-617
-496
-625
1318
-11
523
656
2077
2041
2195
2167
2154
3036
1493
1965
1658
131
-1093
1893
2176
1002
-1064
2321
283
2263
897
1402
528
-1412
-1378
229
2681
436
8
-1675
-1255
-1923
-2115
-1569
-340
-3686
-3430
-336
-255
-669
1847
279
159
2109
2745
-841
-658
464
315
-858
1817
1852
626
2310
-490
-2073
-1260
-2868
-4459
-2235
-3162
-2939
-3667
-1313
-1787
-4308
-6314
-6072
-4099
-4009
-5783
-6329
-5549
-4128
-3458
-809
-1693
-2266
-3022
-5055
-2285
-2299
-5488
-1135
-1095
-1565
-1739
-1185
-3182
-5081
-3235
-3935
-3388
-3849
-6126
-4706
-5403
-3162
-4334
-2624
-2568
-3093
-2611
-3225
-1581
-746
69
-1824
125
-273
-3710
-862
501
-2365
-1984
-2051
-1816
-664
-393
-1665
696
-4317
-6327
-1795
-100
-516
149
-29
1788
897
4
-416
-1647
-3769
-5300
-5667
-5484
-2943
-4548
-5117
-2167
-2663
-3624
-785
-222
-1953
577
-3010
-4679
-652
363
-2241
-1023
-1958
-3232
296
-971
-2697
-554
752
-2030
-329
809
972
2215
4150
2014
77
-441
1462
-1668
-1182
100
665
-2338
1010
2867
-1515
-984
1524
-2437
-1070
621
-1616
-1516
-2952
-2299
481
-1599
630
-402
-5395
-5420
-1921
-3968
-2298
589
-927
481
161
-1431
586
-356
-1475
1398
-669
-1119
1263
-818
924
3740
3408
2802
1823
3186
4009
5495
4028
4987
5152
3890
2741
4356
3313
5120
2503
943
3394
2060
1678
2870
2108
4363
5303
4365
4631
5732
4870
2182
2961
2998
2227
2161
4528
6040
5342
4453
4878
4960
4263
3043
2805
2110
2555
63
1643
4751
3227
2585
4340
4779
4361
3203
3489
5289
4159
3753
2017
1053
-185
838
-887
-1237
-1833
-1473
-2770
-1911
-2238
-2250
-1288
-1312
-1098
-1392
-1522
-2689
-1860
-660
-1609
-938
687
-633
-2605
-2132
-872
-586
331
1427
1612
1097
558
-383
-1825
-1605
-2133
-2971
-2412
-3596
-5381
-5472
-4568
-3588
-5109
-5465
-5793
-6519
-6660
-6095
-6269
-5656
-4455
-4348
-4720
-6217
-6956
-8749
-7972
-9358
-9033
-8502
-8102
-8828
-10038
-10019
-9392
-7668
-7539
-7690
-8045
-5797
7530
7421
5378
4243
4798
3410
3310
4774
4836
4471
3936
3909
5128
5682
5257
4871
5578
5908
6263
5038
3334
4702
6024
6491
5390
5519
4627
3793
4827
4408
4906
5394
5930
5666
4735
5097
5342
4717
5715
4843
4021
4648
5375
5152
4616
4306
6482
6266
6282
5393
3712
5459
6217
4660
5837
7591
5087
3429
5912
4594
4254
5625
4029
3813
5013
6899
7689
8114
6960
6560
5174
3038
3360
3180
1508
2169
4930
3282
3023
2936
4305
5385
3343
3053
4553
3094
2474
2875
2385
3444
4664
4614
4518
6323
5900
2533
3757
2569
2582
3517
2630
4161
4420
3903
4355
5992
3979
2374
5478
5848
3078
2991
5264
5106
3845
4387
5859
3838
2641
1542
3431
2645
739
787
815
1677
3266
4847
-7428
-8322
-8854
-8279
-9096
-10650
-9640
-9011
-6587
-6906
-5737
-6539
-6515
-7242
-6002
-5756
-6573
-9080
-7352
-7069
-7141
-8464
-8850
-7514
-7102
-6444
-5761
-4882
-4604
-3751
-5541
-7628
-7251
-6976
-7530
-7574
-7714
-6954
-6706
-5619
-5565
-4800
-5481
-4561
-4192
-3136
-2750
-2052
-2553
-1229
-586
-2221
-3776
-2532
-2100
-2468
-2820
-1994
-2381
-2975
-898
-1552
-1052
214
791
-65
537
-307
-379
-1
-1183
-2124
-763
-1262
-840
-2484
-3885
-4300
-4308
-3801
-1499
-784
-1457
-1509
-1578
-686
-3493
-4256
-2545
-396
-756
-60
1669
1748
726
984
554
-1593
-1288
-2688
-3814
-3836
-4591
-5088
-3153
-1069
-1086
-2881
-2814
-3370
-4111
-3757
-3051
-1246
-1016
-1333
-2252
-3321
-2727
-2049
-2813
-3538
-4292
-4304
-2555
-702
-1345
-2382
-1556
-1709
-810
-1390
-1015
-541
-2632
-2856
-2418
-2101
-2287
-1181
-821
-370
-388
356
616
947
1217
2101
670
92
-670
-524
-67
-1059
-1555
-1354
-2337
-3470
-2256
-1044
-713
-120
259
228
93
-1210
-2258
-4159
-4066
-3004
-2533
-2240
-2588
-4319
-4344
-3157
-3139
-4406
-3691
-4056
-4700
-3680
-4371
-3559
-2996
-1520
-1174
-2995
-4037
-4030
-6448
-6921
3684
3744
3329
4227
5854
7010
7748
7952
6931
6629
7601
8449
8618
6974
6937
7050
6910
5095
4010
4234
5397
5711
6698
6895
4828
4713
4079
2693
3274
2304
1436
3217
2320
1022
51
1612
2594
1864
922
1501
1847
1870
2657
2272
1872
2107
1964
897
504
-24
-628
-845
-353
-1201
-639
-204
721
189
-1548
-2931
-4625
-4537
-5623
-7076
-158
76
1986
90
-321
-123
951
935
1354
2000
1742
1003
62
537
2128
2406
2089
2639
1915
1506
1999
646
181
1733
2519
1521
-168
-446
-655
-491
-600
-1952
-3260
-2527
-1966
-2396
-2350
-1594
-1011
-1459
-1489
-1771
-3198
-3053
-2497
-3224
-4030
-2597
-2468
-3781
-2803
-2257
-2566
-4118
-3997
-4172
-4237
-3888
-2513
-1515
-1947
-1761
-1090
-490
-1298
-1853
-1467
-1513
-4100
-4069
-1757
-889
-1461
-2338
-1447
775
930
1035
682
-121
1529
1638
3474
2566
864
962
993
1260
2958
3062
2208
3334
3179
3728
3080
2645
4020
3687
3165
4377
5489
4410
3636
3614
3921
4984
4422
4473
5623
6533
6927
6292
5515
5001
4369
4667
4726
5318
4445
6099
7088
7660
8850
9299
9919
11087
10415
10767
4140
3512
3882
5556
6198
4513
4215
4202
4015
3490
3499
4729
4361
4342
5012
6986
7860
8069
8847
7408
6622
8158
9015
7146
6900
7578
7437
6085
7264
8825
8997
9129
9753
11049
12511
14044
15276
14778
13265
13071
12925
13183
13918
13215
12720
13723
13616
12736
11808
10894
10659
11707
12439
11978
12195
12996
13211
13163
12532
11987
10608
9618
10293
10581
10703
9997
10353
11081
10773
9875
9120
8746
8393
9186
8703
7895
8979
8819
8379
8266
8095
8619
7553
8388
9254
9202
7856
6583
5229
6155
8047
7512
7012
4138
2842
3439
3726
2873
3119
3444
3643
3468
3114
2467
2984
3029
3595
4096
4191
5709
6247
5918
5106
5049
4965
4073
4416
4526
4316
4654
4344
4435
4469
4111
3759
4179
4105
4747
4629
4455
3924
3849
5402
6599
5694
5670
5095
5418
4761
3937
3552
3862
5173
7621
6959
6598
5941
4214
4026
4971
5524
6888
7144
6061
5595
2140
2585
3143
1789
3237
3512
2630
3054
2938
4406
4804
5143
5471
5247
3970
4046
4684
4458
4095
1992
1916
1249
1416
2616
3585
4303
5238
6263
5809
5166
3109
2344
1967
2270
1274
685
-350
-4790
-5099
-3448
-2564
-2092
-2203
-1628
-511
325
2103
2056
1172
1128
1869
3010
3388
3005
3113
1120
-401
-400
-407
1554
2343
1255
2074
2249
2142
2566
2526
2113
2440
2160
1274
2538
3456
3113
2454
1974
1057
1257
1985
2756
3121
5489
6614
4709
4544
4500
3291
5641
6082
6319
6068
3911
5675
5629
6013
6048
4776
4318
2661
2941
1765
2820
3135
2916
4177
4180
3297
3249
2821
2189
2325
1666
1013
2198
3102
2723
2780
948
183
-743
-2380
-400
-785
-245
-2006
-2403
-401
-1140
-2635
-1231
545
388
888
7
913
1737
2474
1089
665
1991
2000
1265
1163
1101
2384
3990
2468
4628
5075
2807
1571
1822
1817
2403
670
150
915
-503
-2246
-2307
-1268
369
-57
-1686
-2187
-253
1050
1175
1752
625
2634
4900
3194
3013
2809
1269
1160
-867
-507
1380
24
13
2711
2405
159
-469
-4
170
-2933
-3074
-3933
-1993
-62
-726
-1861
-1485
-2308
-2788
-2535
-2975
-4107
-3164
-3337
-2009
-2077
-2582
-2799
-3803
-3698
-4360
-4725
-4956
-4689
-4280
-3478
-3944
-3302
-2225
-2262
-3094
-3596
-2435
-1834
-3416
-3010
-2900
-3888
-2842
-1275
644
1190
611
-717
-596
204
-790
-1228
-2190
-2270
-2482
-3236
-2119
-1186
-1086
-2092
-2515
-1869
-1508
-817
-1383
-2155
-3154
-3246
-2504
-2806
-3154
-3523
-2763
-3130
-4555
-5170
-5627
-5689
-4361
-4315
-4724
-4730
-4487
-4424
-4962
-4842
-5415
-4177
-2915
-2702
-1024
-672
-1163
-2298
-3524
-2723
-2037
-2965
-2650
-2196
-1821
-2575
-678
-110
-1137
-1202
520
487
228
74
1134
1283
948
-157
-760
-879
-65
729
452
2239
3404
3982
3498
4179
4220
3087
3919
4874
4405
3014
2099
2029
1774
1089
895
-129
-363
148
271
1700
1741
-38
-471
-720
-888
-1158
-2787
-2988
-3108
-2670
-2069
-1649
-2250
-3178
-3179
-1911
-1877
-2038
-1995
-2104
-1279
-1088
64
835
364
-136
289
857
1464
2080
1551
685
1779
3286
1960
1748
1079
-178
-442
-395
-65
-606
297
453
718
2156
1871
1918
896
2274
2899
3002
2766
1556
1375
409
-763
-853
225
2025
875
682
-211
-1412
-726
-65
1240
360
771
1704
2276
2986
2283
571
-478
-162
-12
909
473
243
1228
1356
1560
2179
2109
2744
2512
1896
1616
1027
1423
970
2040
813
428
808
1791
1764
1963
354
-328
-699
681
1206
915
74
-113
318
17
540
295
336
-155
355
988
948
1432
-182
-394
-633
-2233
-3129
-2377
-1547
-331
-1000
-2922
-2237
-842
-1079
-2675
-3405
-3982
-4421
-5000
-5851
-5999
-5471
-3273
-2472
-1777
-2400
-2352
-2028
-1358
-1955
-2185
-2558
-3233
-1735
-1236
-2559
-2564
-1802
-2165
-3357
-4990
-4368
-3867
-2867
-159
755
874
898
1189
1804
1737
1693
509
-384
722
511
1154
447
-152
-1358
-1002
-1061
-1263
-1116
-753
-1000
-1524
-1614
-1597
-821
-88
-244
-1511
-1324
-614
-912
-2123
-2480
-2061
-2250
-2406
-374
427
-648
-2551
-4594
-3767
-4042
-3375
-3297
-799
-698
-847
-1286
-1318
-2527
-4157
-3781
-3064
-1290
-1260
-554
-291
-451
-872
111
932
3292
1791
1764
1963
354
-328
-699
681
1206
915
74
-113
318
17
540
295
336
-155
355
988
948
1432
-182
-394
-633
-2233
-3129
-2377
-1547
-331
-1000
-2922
-2237
-842
-1079
-2675
-3405
-3982
-4421
-5000
-5851
-5999
-5471
-3273
-2472
-1777
-2400
-2352
-2028
-1358
-1955
-2185
-2558
-3233
-1735
-1236
-2559
-2564
-1802
-2165
-3357
-4990
-4368
-3867
-2867
-4227
-3522
-3066
-3154
-3751
-3442
-4192
-4466
-6668
-6559
-4364
-3731
-4115
-3391
-2484
-3049
-3339
-3121
-2553
-2453
-2914
-3532
-2673
-3256
-3431
-2048
-1271
-1048
-585
-2463
-3664
-3642
-3196
-3469
-3882
-3859
-3723
-2521
-2047
-1881
-2259
-1682
-1481
-2220
-1557
-1766
-2076
-2248
-3120
-2681
-1142
-1079
-1562
118
1001
908
-342
-199
205
109
-1591
-2301
-3407
-3339
-3159
-3722
-4008
-3250
-3270
-4517
-5355
-5184
-4319
-3926
-3285
-2307
-1106
-1721
-2293
-3611
-4232
-4302
-3634
-2695
-1428
-1461
-3814
-3001
-4008
-4675
-3915
-4484
-5116
-5414
-4119
-2637
-4332
-5425
-4157
-3032
-4471
-4969
-4706
-4926
-6445
-6469
-5087
-4931
-6546
-4210
-2347
-1290
-1795
-2362
-2102
-1828
-2292
-3388
-2805
-2914
-2777
-2354
-2763
-2140
-1429
-3779
-5683
-5496
-5664
-5830
-4396
-3073
-3534
-3207
-3119
-4646
-5136
-3369
-2575
-2964
-1552
-1808
-854
-1739
-1450
-1363
-2561
-4476
-4472
-5600
-5557
-4924
-4796
-2626
-4013
-4451
-2733
-2504
-3340
-4241
-4928
-3896
-3753
-4298
-4978
-6921
-6668
-5598
-5189
-5178
-5479
-5178
-3519
-2585
-2227
-2642
-2157
-1812
-2191
-2928
-2247
-1703
-973
-864
-1228
-2038
-2883
-2241
-1874
-1977
-2588
-3148
577
-1213
-2048
-1587
-1637
-2385
-2003
-1632
-1549
-1078
-1496
-2098
-2289
-2699
-1818
-1466
546
773
86
-944
-566
-1431
-2497
-2078
-2764
-1926
-1033
-1203
-1493
-1481
-1044
-812
308
155
-495
-2041
-3278
-3021
-3460
-4639
-5365
-4940
-4748
-4973
-5163
-6322
-6802
-5342
-4203
-4283
-4492
-4018
-3476
-1682
-1686
-2750
-3479
-4289
-3745
-3374
-4200
-5069
-4538
-3668
-2610
-908
-1586
-1432
-1481
-1373
-1464
-1577
504
1438
1609
769
303
256
331
308
45
797
1746
1959
1048
464
584
-183
-257
1159
2099
369
-1270
-1313
-1110
-334
-364
1
95
-502
-1311
-1361
-1023
-1611
-2058
-964
-935
-1701
-1651
-2092
-2519
-3150
-2520
-4038
-4388
-4956
-3852
-3291
-3814
-3399
-3872
-4495
-4334
-3568
-3525
-3681
-3176
-3064
-2447
-1847
-1960
-1346
-888
-85
-863
-2485
-1814
-552
-671
-1057
-1994
-3359
-3551
-3192
-2674
-3062
-3346
-2690
-375
1152
1191
223
-225
227
-335
-2363
-2367
-2080
-1522
-1794
-1719
984
1681
2444
2439
1891
2060
2006
2288
1836
1450
1390
1679
2320
825
538
1061
453
-991
168
1611
1261
2093
2940
3513
3908
4060
3784
3865
3421
2449
1021
-16582
-18095
-20098
-20838
-20551
-20604
-22030
-21639
-23597
-25297
-26181
-26506
-26986
-27842
-28351
-27354
-27369
-29672
-29992
-29450
-31121
32078
31263
31283
30624
28604
27339
26404
27686
29243
32346
-31942
-31135
-31258
-29955
-28861
-30244
-31684
-29798
-27038
-25820
-24563
-23886
-23714
-22197
-19258
-17255
-13867
-11901
-10653
-8588
-6710
-4576
-2671
-1022
2394
3988
6455
10140
13360
12782
5730
797
-184
2224
6835
11463
14026
16349
19997
22620
26170
29332
-31787
-27171
-23009
-19344
-17399
-14388
-14259
-14061
-12582
-11574
-10448
-7268
-5652
-2183
1576
4302
6211
7594
7683
4850
810
-2859
-5857
-9368
-13523
-17668
-19924
-23149
-26142
-31322
29364
23829
18065
12222
8178
4784
-233
-4326
-6604
-10175
-13026
-13993
-17689
-20463
-22621
-26496
-28274
-30067
-32699
31995
30424
30543
31738
30295
26554
24946
23076
22014
20633
18733
16297
17053
15041
13803
14943
14778
15598
16726
19200
20390
22020
24728
25885
27176
28531
29947
-32605
-31349
32518
32063
-32061
-31526
-30814
-28510
-26002
-24920
-21587
-17115
-17809
-18457
-18808
-20818
-22635
-24354
-26111
-28624
-28363
-30080
-30217
-29753
-29480
-28590
-28337
-28246
-26286
-23756
-19442
-17524
-14655
-10844
-8117
-2453
1105
3512
8823
12154
14518
18832
22511
