197
2418
2699
1951
4074
2616
238
208
1235
-41
-385
1514
3309
1150
608
2427
2317
1032
1284
4227
4105
2309
2339
1790
2231
3230
3608
4960
5893
5745
5257
5746
4506
3751
2777
1650
2230
3069
1939
2512
4234
2288
2041
-42
-3273
106
1302
-1313
-1231
-974
-330
-925
-714
1093
2808
1653
1064
1265
-432
-673
-293
-2426
-1323
-704
-2579
-2947
-1431
410
-1561
-2249
840
230
-1167
-1154
-550
-3315
-3179
-2820
-3424
-2412
-1796
-2568
-2080
-503
-588
-1964
-3272
-1991
-2518
-2643
-1853
-1432
-821
1984
3087
1464
1661
2625
1891
1667
3299
3438
1888
273
113
1179
1097
450
-2566
-420
1030
366
1259
1124
40
1882
3300
3110
3683
5255
3195
1115
1661
1268
668
2487
2382
2066
614
-667
-161
-2086
-1412
-801
-1951
137
994
1761
759
986
991
-981
-450
-539
-448
-783
917
-483
-791
327
-460
-2178
-694
-283
-584
-934
-1605
-736
-505
-647
-1325
-2880
-2555
-2107
-2509
-4265
-4312
-4262
-5416
-5018
-3010
-3101
-1944
-2522
-1980
-2839
-2329
-2074
-3701
-2314
-2766
-3240
-5553
-6070
-6285
-6132
-4269
-2086
-2050
-1028
-1555
-3307
-3820
-3121
-61
-39
-914
766
-323
-612
-434
31
86
-2849
-4754
-3318
-1052
-1757
-1245
-1837
-3827
-2554
-535
-415
70
720
1491
2599
-599
934
-281
-752
626
2270
-360
-747
-839
-940
458
1723
2508
1871
2341
1336
1461
3261
2369
2223
1974
1396
4972
4043
185
1336
2193
324
-1897
-887
-1264
-450
1856
1479
1740
1500
1302
1485
3090
2398
2575
2078
1142
1301
568
-474
-1526
-1104
-525
-1078
-729
-1290
-2485
-1961
-1532
-2233
-4688
-6135
-5478
-5130
-3571
-3121
-3370
-4318
-5008
-1137
33
-1612
-2118
-1025
-1936
-1416
-598
-1882
-2670
-4078
-2187
-2966
-4710
-4331
-1479
-3565
-1869
-1582
-3110
-2596
-2543
-2614
-2336
-2564
-2878
-1170
-1840
-1992
-1046
-1590
-2272
-1931
-2021
-4545
-3325
-1746
-3337
-3523
-2320
-1364
850
1012
811
1194
2462
2202
161
-512
-1085
-1482
-2587
-2128
-1653
-1657
-1682
-1477
-544
-162
1815
455
1565
1489
321
-57
-1891
-850
320
-465
327
-440
-40
498
-753
-466
1313
1325
-138
-933
701
209
-1700
-1868
-609
-1523
-2373
-2422
-3416
-3889
-4172
-3889
-4381
-4018
-4469
-3682
-2695
-3123
-3241
-4664
-6033
-3451
-1600
-2592
-3311
-2525
-1579
-1318
-2928
-2793
-1763
-652
-275
-546
-2155
-2816
-1241
-918
1120
-38
168
-143
-1085
-193
-272
-110
542
677
339
795
62
-613
471
-183
-303
675
587
-397
-706
-1498
-566
2421
544
956
2200
777
964
981
384
-1008
-1886
-2171
-1835
-1459
-307
-762
-1111
-996
-1559
-1016
-357
-189
-1694
-1830
-1361
-1730
-2867
-2106
-1504
12
19
-1516
469
1515
1160
-1410
-3243
-2412
-3579
-4639
-4035
-4289
-6062
-5127
-4068
-2521
-1782
-2486
-3096
-5093
-3501
-1838
-2988
-4029
-2200
-2654
-3319
-1482
-322
-1311
-56
-1428
-1230
-956
-183
-441
-686
-2165
-2070
-2128
-3056
-1748
-1668
-282
-1062
757
2200
3530
688
-973
137
1860
1665
1651
3349
2839
1221
1591
2842
2082
-179
997
2198
724
1666
213
703
1250
345
652
2166
845
-559
829
347
-100
658
683
-326
-1021
287
-221
-560
-1583
-1805
-1182
-730
125
477
4
513
654
756
-77
1174
2253
1668
1332
681
1277
1718
-730
-1598
-3203
-2589
-2546
-2210
-3133
-4118
-5109
-4093
-3771
-5044
-4654
-4269
-1370
-1342
-2130
-2197
-1080
915
2248
2844
940
976
170
-633
-580
1327
1019
-2581
-3532
-1386
-489
-965
-1389
-2450
-736
779
929
985
-407
-2447
-3242
-2576
-1249
-2230
-2648
508
-1436
-2866
-3098
-3074
-3169
-2744
-634
-823
-338
347
-1441
-1356
-532
-1437
-1879
-3160
-5999
-4967
-4008
-2834
-2470
-2536
-2322
-2904
-1230
-1781
-3556
-3570
-3591
-4263
-5530
-3145
-3052
-3569
-4474
-5954
-6010
-5436
-3237
-4660
-6027
-3620
-1295
-1066
-819
-209
-771
805
1174
1001
-1197
-225
-161
-620
-1882
-1450
-971
-2211
-2350
-2975
-2519
-535
-789
-1455
-3040
-3074
-818
-2606
-1464
543
-107
405
959
2100
2578
1400
-1947
-1001
302
1145
-799
-861
89
1655
1917
1207
2286
407
-1003
2012
3747
2098
-141
1783
282
-1571
-564
-568
-1808
-1418
-337
1516
1657
600
2036
1035
110
1388
3038
3210
3349
2152
190
-675
-307
-2780
-1686
-868
-1249
-2561
-2023
-1008
-110
1332
-133
-1639
-815
-34
-1349
-1352
-1174
-2000
-2422
-2444
-103
-2659
-3227
-1995
-1144
-408
-1343
-2420
-2193
-1956
-1658
-1992
-1819
-2152
-986
-1830
-3632
-1305
-2781
-2778
-2576
-2059
-2667
-1381
-927
-2211
-394
-1394
-3131
-4522
-3265
-2303
-3063
-3710
-4332
-4013
-2603
-2130
-2096
-4083
-5264
-4938
-3325
-770
-986
116
-878
-1748
-204
220
-116
87
752
-645
-155
-598
-386
1297
1247
423
-435
918
2422
1820
917
-650
-2093
-3022
829
3133
2678
1433
1688
53
-1464
-2034
891
-845
-3570
-2125
-2863
-3134
-2235
-1537
-2212
-2749
-2021
-1702
-461
601
141
-2159
-528
1015
-178
-637
-1524
-2838
-2736
-1950
-3886
-5927
-4548
-2811
-3650
-4731
-2317
593
-2796
-3458
-1022
-1010
-3132
-4935
-4537
-4212
-4657
-2376
-2622
-4047
-4556
-2766
-2455
-2288
-2601
-2982
-4110
-3871
-4155
-4201
-4729
-4252
-5483
-3533
-2270
-646
-2461
-3638
-1656
-2671
-3753
-2933
-949
-441
-227
2063
624
-571
274
1562
2312
-541
-1988
-1159
-527
403
1693
2684
461
-672
-377
477
1092
-20
-685
-584
-1036
-11
-435
-1219
-1438
-1908
-1378
103
-422
-1474
-1446
-2004
-1634
-1152
-1379
-2480
-1978
-4045
-3171
222
-167
-580
209
-1885
-2573
-2954
-1389
-3161
-4699
-3401
-3690
-1409
-2197
-2195
-3212
-5416
-3714
-3293
-4090
-3783
-4469
-3852
-3564
-2757
-3428
-4203
-3559
-4148
-4487
-4507
-5759
-4215
-3792
-2928
-2392
-1006
686
-88
-2209
-2563
-1328
-714
-1485
-2406
-2608
-1876
-1185
-1455
-1827
-1369
-2071
-3609
-2992
-2689
-3652
-230
-42
-997
-474
-759
-1105
-997
-877
-2041
-1325
-320
-1241
-2204
-3684
-3245
-2386
-1796
-1349
-1934
-2084
-667
1096
1083
-961
-2396
-987
853
1491
247
-260
-1874
-2171
-1358
218
-240
-553
-1435
-1954
-2940
-1972
-2164
-3614
-3610
-2423
-4113
-5118
-4578
-3223
-2815
-4235
-5703
-4595
-4033
-4319
-5664
-4179
-3454
-4571
-6156
-6200
-4279
-3962
-4524
-4214
-5664
-4399
-5110
-4278
-3311
-2967
-2633
-3677
-1422
-2175
-2828
-3341
-3060
-3284
-3402
-4260
-4647
-5518
-4275
-2307
-1546
-3367
-857
-1133
-2588
-2248
-2814
-3538
-1795
-967
-2189
-1044
886
225
-1740
-1688
410
1652
-437
-2268
-471
-746
-2596
-2411
-1846
-1345
-660
-1475
-2242
-1694
-1194
-1877
-2303
-1161
295
-1404
-2269
-1088
302
-2035
-2410
-302
-903
-2555
-2273
-2341
-3414
-2711
-3960
-4018
-3615
-5308
-5602
-6602
-5569
-2434
-2594
-3715
-3892
-3951
-4112
-2922
-2402
-4577
-6048
-4021
-1450
-3341
-2144
-3316
-2715
-3183
-1478
-1850
-2889
-2619
-6059
-6271
-5342
-4415
-4970
-5368
-5562
-5580
-5496
-3251
-1159
-2565
-4570
-4778
-4740
-5635
-4147
-3026
-2340
-3114
-2986
-4309
-4353
-1324
-1991
-3586
-1983
-2408
-3203
-1485
-1108
-4067
-4374
-1114
-786
-3067
-2645
-3070
-3749
-1618
-1270
-1667
-2720
-2365
-3096
-2151
-1973
-2050
-195
-882
-1251
-538
-2114
-2272
312
-369
-1023
-1304
-2009
-2496
-2052
-1714
-1065
-642
-1616
-1952
-2746
-1900
-1447
-1476
-726
328
-372
-2520
-3332
-1811
-1477
-758
588
-1216
-2114
-1300
1122
229
-1691
-1680
-382
571
535
-1197
-1185
-1117
-1354
-1789
-1941
-3328
-4415
-4352
-3438
-2100
-3223
-4343
-3579
-2672
-3239
-4883
-3536
-4241
-4468
-3020
-3445
-4637
-4945
-5294
-4914
-6531
-6356
-5024
-4432
-5133
-4819
-6935
-5078
-4365
-2829
-4320
-3929
-3421
-2679
-4982
-4100
-2603
-2068
-3015
-2310
-2310
-2621
-4498
-3696
-3858
-4133
-2090
-1490
-2480
-4854
-5113
-2008
-3007
-3049
-4003
-2548
-1589
-1725
-1748
-1917
-2729
-5351
-4904
-3623
-4255
-3546
-2415
349
-641
169
656
320
-331
2280
1934
1780
-280
-1387
-1349
-1568
-2302
-5325
-4572
-3030
-782
-1712
-1160
-558
-1996
-3076
-1324
1856
374
-3942
-1669
-2873
-2580
-2537
-1497
-1947
-1835
-3553
-3407
-3190
-2697
-2254
-4225
-6022
-5284
-3087
-1814
-1169
-3760
-5472
-3277
-3510
-1534
-968
-1160
-2569
-2704
-3113
-3037
-2982
-2256
-2101
-3372
-3163
-5096
-5747
-2032
-2607
-5046
-2365
665
1509
-375
494
-48
-147
-206
-805
-1320
-1111
-2993
-4464
-1077
653
-1040
174
613
1180
1236
-479
-1552
-1988
-2834
-594
-1462
-2078
-2406
366
-1544
-1501
-1767
-1040
-1401
-907
-2081
-1010
-607
750
-414
-1009
-1061
-2852
-1564
-1073
-1151
-2718
-4193
-1854
-1738
-2825
-2707
-2864
-1908
-2207
-3710
-2913
-1404
-143
-2393
-3031
455
539
55
-1980
-3035
-3000
-3805
-2666
-1150
-1062
-2734
-1843
-2492
-2345
0
1531
-342
-1037
-332
102
-2064
737
1209
-1490
265
1453
-922
-2849
-1946
-726
-2010
-1517
-2156
-2634
-2736
-2466
-577
-1632
-1867
-411
-190
-1087
-1695
-2643
-1235
-1069
-1390
609
470
1363
1714
1103
126
1905
1969
1328
701
1192
875
1748
1119
134
-448
-2430
-4702
-3928
-2687
-2989
-2693
-1823
-3179
-1772
-1248
-3631
-3814
-2446
-1823
-2031
-424
-2744
-1388
-3240
-2239
288
-194
-1535
647
268
120
-787
-1689
-2117
-1585
-300
-704
-2248
-2483
-2084
-1400
-337
-1557
354
1143
1633
1442
1370
1115
-18
-420
2072
524
-970
1790
1268
2404
532
1452
555
-791
-1511
-1899
-2326
-1492
271
-1326
-1815
-1668
-977
434
-976
-1201
526
-1772
-2405
-134
1285
-125
-168
3540
2431
3268
1446
-885
1558
627
-1555
-1620
-1056
-1970
-2073
142
-851
-2812
-3390
-2305
-1563
361
1113
-1506
-2473
-750
1324
761
1444
436
-683
-1703
-1542
-37
883
-623
-1284
717
1158
2434
4910
4405
4006
5364
4156
4302
5102
4897
2149
1221
1286
1106
2673
1644
1002
1492
335
1101
3193
1940
1396
1327
2638
3928
5267
7355
6349
4296
4544
4352
4839
4891
4171
4298
2790
440
946
715
2104
709
7
-653
709
675
-929
178
481
-385
-902
105
-2126
-3763
-2367
-2499
-4264
-675
-349
-732
441
1670
490
-675
-385
-1098
-1750
-1448
-1525
-2768
-660
415
-1326
-2615
-1427
-234
245
-1113
-428
462
-1614
-1508
-365
-345
-1084
-619
-1936
-166
-205
-2058
-2693
-2086
-2707
-2832
115
334
397
-216
1258
497
1766
3538
3704
1611
2279
3088
2321
2042
1657
2864
2909
2159
873
-229
1376
2612
4301
4770
3296
1030
1531
1702
292
1285
-952
-169
1331
31
1065
3115
1872
2095
2363
2342
1784
1604
2157
2360
1431
1605
793
178
761
1503
819
-1000
861
-61
-410
718
1091
165
-662
252
-775
-1401
-789
60
-1138
-2329
-3788
-3023
-2574
-1680
-2028
-2521
-1546
275
96
-680
-510
1514
1778
732
-1367
-1927
-433
-554
61
645
412
273
1321
1686
488
607
1255
-930
-1045
964
1869
-294
-352
-1339
-1758
-2989
-2537
-1101
173
-405
720
558
172
1061
447
-1302
-227
-489
-222
-552
353
1265
373
69
-1359
-2451
-90
-162
-1353
-1777
117
1266
1384
2259
1338
-736
-2324
-1415
-1354
-732
-1285
-1982
-2107
-1904
-326
-957
-2378
-535
-651
574
-713
-1430
-924
-1900
-2201
-813
559
1754
617
346
1167
1731
1136
-255
-547
202
-1409
-171
774
-561
-1439
-1049
-377
-632
-205
1555
311
-264
1345
-1594
-2213
-535
-1117
-1462
-210
260
623
1396
3151
1514
-451
1067
-275
-794
2013
2126
2448
2574
365
1522
2927
1394
11
-597
-2078
-2414
-1319
-2495
-3468
-3264
-2572
-2569
-561
1585
1221
933
297
2236
2629
1900
997
1270
2501
1344
829
69
1185
2454
1491
733
1215
1302
1066
357
210
1816
2836
1828
2302
103
-665
-2066
-2031
-1863
-3485
-4908
-2705
-338
-1145
-631
-1587
-2996
-3856
-3351
-1523
-1727
-1276
-1706
-3315
-2068
-1423
-1576
-2681
90
628
944
1039
1113
144
-2360
-1759
-1223
-2127
-2037
-2288
-3597
-4272
-3696
-4085
-4712
-3026
-3054
-1767
-2276
-1833
-732
-387
-2155
-3023
-3187
-2618
-2142
-1643
-1821
-5109
-5787
-3618
-838
-235
-1899
-3029
-2896
-2620
-2711
-904
-1000
-1888
499
2979
805
1033
1909
80
47
-57
-335
-963
-990
1474
3439
3293
2361
2783
2077
774
1420
1471
-206
399
1327
897
444
-763
-2245
-981
375
1013
170
-798
-421
-1065
-747
-953
-2134
-2213
-1119
-2477
-2096
-2174
-2733
-2507
-2638
-3214
-3546
-2838
-1502
-1676
-2747
-2848
-3289
-2700
-3189
-3454
-3958
-3318
-4024
-2917
-2931
-1899
-2897
-5363
-4757
-3823
-2926
-4998
-6116
-4125
-2479
-1982
-3090
-5064
-5189
-4976
-5408
-6115
-5640
-4975
-5637
-4570
-4073
-4749
-3843
-4462
-3741
-1836
-2860
-3398
-3616
-4032
-3154
-3109
-3715
-3378
-3639
-2203
-2899
-2271
-3114
-4400
-2609
-2920
-3972
-3039
-2529
-3633
-2418
-1356
-2640
-1942
-1960
-2294
-1820
-2030
-1996
-2444
-450
-120
-639
-203
-1460
-800
-932
-1005
-2083
-2809
-4114
-5497
-6394
-4541
-4102
-4980
-4097
-4263
-3576
-4406
-3866
-3955
-3734
-3855
-4855
-3947
-5111
-6197
-4085
-3913
-4471
-4851
-3731
-4188
-5329
-5581
-4475
-2673
-3432
-3637
-2782
-1692
-2228
-1538
-2049
-2007
-1902
-1843
-81
-2007
-3581
-3816
-4854
-3011
-2032
-2314
-4937
-3690
-2505
-2881
-2250
-656
851
-1161
-3551
-4670
-3706
-2343
-490
-1557
-2998
-3492
-3573
-2646
-1626
-2341
-4754
-4814
-4264
-4006
-4106
-2699
-924
-3308
-2825
-1795
-1960
-1491
-2963
-4328
-3041
-2435
-1357
-2329
-3442
-3041
-3494
-4866
-5014
-5284
-3497
-2238
-3084
-4615
-4142
-2511
-2886
-3398
-3524
-4195
-3183
-3283
-5675
-5186
-5362
-4976
-4276
-4370
-4662
-6824
-9021
-7016
-6267
-8105
-9288
-9719
-8760
-8749
-7446
-6967
-7234
-5984
-5459
-5600
-3952
-3798
-4980
-4473
-3166
-4487
-6469
-6417
-5753
-4562
-3506
-4486
-5246
-4516
-5880
-6470
-6266
-7168
-6205
-6765
-6579
-6167
-6904
-6163
-4639
-3216
-4278
-3158
-2425
-3201
-4142
-2717
-1008
-1597
-3479
-3237
-2575
-3886
-3775
-2530
-3821
-5520
-4716
-2647
-3714
-4764
-3070
-4069
-5325
-5019
-1804
-1121
-2895
-1599
-2102
-2970
-2529
-2676
-3020
-3393
-5269
-4899
-5449
-4766
-4598
-4507
-4000
-4749
-5482
-5304
-4636
-3827
-3527
-3348
-4234
-3655
-2097
-2864
-4676
-3368
-3986
-5051
-4088
-4860
-5899
-5934
-5922
-5036
-4103
-4534
-3242
-4111
-6821
-6079
-5908
-6399
-7424
-6997
-5160
-4390
-4039
-5736
-5151
-4826
-7033
-5703
-3818
-5318
-5360
-4689
-4053
-4221
-4793
-4695
-4756
-4685
-4837
-5039
-5232
-4955
-5102
-3786
-4197
-5834
-5985
-6658
-4845
-3578
-3067
-3883
-3517
-2779
-2944
-2993
-3447
-3292
-1828
-1000
-2568
-2410
-2667
-2877
-1878
-2453
-1650
-571
-1039
-3143
-4102
-2221
-613
-1983
-2209
-2641
-3431
-4705
-3042
-1323
-1849
-4003
-4167
-4238
-3780
-3171
-3610
-3412
-4534
-5153
-3982
-3531
-2333
-2040
-2685
-1653
-1236
-2834
-4207
-4160
-4705
-5669
-4702
-4503
-5006
-5765
-4991
-3911
-5587
-6027
-4961
-6125
-5524
-6330
-6364
-5262
-5398
-5636
-6193
-5904
-6156
-7384
-8770
-8194
-7779
-7868
-8954
-8491
-6396
-8033
-8504
-8529
-8629
-8677
-8921
-6999
-5902
-5639
-5851
-5334
-4013
-4158
-3887
-3754
-4093
-3632
-3203
-4265
-3257
-2474
-1814
-1661
-2867
-3230
-1673
-3244
-3241
-3861
-3358
-3649
-4628
-3221
-1785
-2942
-2895
-2278
-1506
-926
-2103
-731
606
271
-346
-1657
-1987
-2933
-2047
-167
-2028
-2491
-2169
-1461
-1986
-1583
-2155
-1814
-2227
-2762
-3665
-4280
-4522
-4392
-3533
-3448
-2706
-3119
-3934
-3042
-2932
-3758
-3987
-4318
-4436
-5888
-5721
-5520
-5856
-6234
-6935
-6829
-5018
-5094
-7416
-7709
-8001
-8140
-7607
-8046
-8109
-6967
-6408
-5936
-6778
-7393
-5743
-5519
-5580
-5552
-6600
-4387
-4469
-4675
-3082
-3474
-4039
-3925
-3662
-5192
-6477
-5802
-4095
-3295
-1542
-1837
-2984
-1682
-481
-616
-2452
-2847
-871
333
-261
105
2311
1988
1876
1769
968
35
-828
-1997
-640
493
-359
394
303
-384
-1114
-1251
-155
2899
2330
-84
1389
2644
1448
1205
-37
-2450
-2507
-662
-2105
-2415
-2422
-1545
-2761
-3178
470
22
-1071
-2065
-2024
-1439
-89
-1088
-2603
-2848
-3138
-3160
-4358
-6033
-7127
-6209
-5295
-4323
-2676
-3771
-4152
-4219
-4029
-4003
-4347
-4900
-3872
-4598
-4157
-4977
-4150
-4564
-7345
-6065
-6138
-7315
-5958
-4634
-4729
-5477
-7162
-7665
-6068
-4676
-4751
-5062
-5370
-5553
-4793
-3447
-3425
-3176
-3492
-3402
-3010
-1617
-960
-958
-1355
-2666
-3318
-2099
-2256
-1776
-1609
-1388
-1703
-1069
-126
-1223
-886
-1350
-3052
-1708
-899
-1093
-507
-422
954
186
-771
-111
30
-1257
-790
-744
-894
-958
-609
-840
606
1233
31
54
32
-1296
-2030
-2125
-1570
-1096
-1180
488
-442
-1972
260
-543
-3145
-2131
-1784
-2499
-4971
-5833
-4349
-4624
-4520
-4038
-3154
-2088
-3585
-4092
-3102
-3473
-5170
-5766
-5244
-5847
-5120
-5471
-5023
-6026
-7117
-6505
-4410
-3923
-4875
-5034
-3303
-4869
-3873
-3096
-2114
-2220
-5661
-6619
-4533
-4094
-6252
-6188
-7124
-6060
-6367
-5872
-5104
-5163
-4956
-5183
-4246
-2512
-4276
-4644
-2286
-1661
-1954
-2831
-2989
-2835
-1914
-2670
-1990
-1402
-1332
-1738
-2330
-2435
-2816
-1725
-1935
-1079
-333
-1288
-1297
-2738
-2674
-1437
-827
-1051
-267
-1137
-430
1099
1066
616
228
-273
50
-801
-1062
-727
95
1466
1816
546
525
1375
877
-357
-1828
-857
-1068
-1097
-1831
-1586
929
-307
-1766
-1800
-2046
-710
-1257
-2237
-3726
-2986
-2726
-1649
-2358
-2659
-2764
-1909
-2534
-3426
-1581
-2200
-3800
-5219
-4424
-1922
-685
-2775
-3962
-3742
-3122
-2208
-1752
-1747
-4003
-4862
-4333
-3152
-2149
-3359
-2313
-3474
-3844
-2646
-2637
-4054
-5713
-5141
-2777
-1824
-1048
99
-1200
-1774
-1066
175
1109
-1718
-2750
-2771
-2270
-1896
-939
-2191
-3073
-1881
-1422
-308
342
114
-150
-696
-674
-259
-433
-496
-417
-296
-1841
-2044
-1225
-904
-1675
-2568
-1494
-1239
191
206
225
21
1448
1615
-284
-423
-1195
-1988
-2579
-3028
-2509
-3065
-5230
-4184
-3920
-3064
-2434
-3710
-1743
-284
-1736
-1839
-2829
-2900
-3200
-3184
-3236
-4815
-5128
-3661
-3703
-3670
-2903
-2409
-3691
-3441
-2489
-2561
-2910
-2896
-2549
-2320
-2970
-3672
-4138
-3840
-4325
-5175
-4021
-3343
-3714
-2241
-2986
-1293
-335
-2753
-3094
-1333
-2091
-565
972
1073
-204
-253
-578
-2080
-3299
-2787
-2768
-2502
-1703
-2607
-2832
-2955
-1419
-1466
-185
-445
-381
851
367
-360
-117
1554
1650
-937
-2066
-2863
-1018
-341
-1557
-1974
-1423
-967
-1720
-1606
-244
-1693
-2264
-2043
-294
-823
-2554
-1556
-1172
-1546
-919
-1291
-2074
-1186
-894
-1388
-1118
-1327
-1658
-2094
-563
-1735
-3093
-2823
-2647
-3242
-2673
-229
-1190
-1605
-1536
-3210
-2379
-3228
-3977
-3259
-3455
-4032
-1736
-1881
-2985
-2176
-1653
-2498
-2372
-2150
-1222
-815
-1020
-857
-1127
-1655
-1776
837
-87
-2160
-731
-244
-150
120
-2202
-2513
-1169
-831
-1346
-1810
-2093
-2623
-1364
266
-11
-670
-967
-806
-908
-1398
-35
-1815
-2102
-827
-1919
-1446
-2057
-2880
-3197
-3968
-3510
-3459
-2142
-1474
-482
-742
-1021
-480
-1223
-885
-538
-1652
-2182
-1429
-1045
-735
-1787
-1267
473
-453
-944
-821
-819
-443
-1534
-951
-1958
-2629
-2422
-3244
-1563
707
-14
-684
-1623
565
515
1099
1742
776
417
402
-36
-335
-260
-834
-177
65
-235
-639
552
1559
1005
-823
-2319
-2001
-1767
-1603
-832
-1698
-2800
-3247
-2876
-2998
-4038
-3132
-2864
-3963
-5479
-4596
-3613
-5534
-6195
-4784
-5007
-4740
-4593
-4483
-4445
-5673
-5819
-5715
-6180
-6831
-7080
-4863
-3093
-3013
-3801
-3529
-2368
-2587
-2859
-3376
-2802
-1935
-1224
-179
-1307
-2099
-1918
-2023
-3248
-3665
-3460
-2731
-2855
-3057
-3479
-4487
-2126
-758
-21
1028
-545
-2098
-1780
-1545
-73
-1356
-2414
-2239
-2672
-1939
284
385
-167
-871
-2060
-1136
1170
1559
233
997
972
66
729
664
163
76
-200
-1097
-391
-321
-429
-615
629
1097
-1225
-1143
-647
-602
-82
-237
-103
503
-676
-932
810
697
499
1278
-86
-2007
-2346
-2494
-3097
-2802
-3654
-4212
-2512
-2744
-2419
-1090
-1978
-2767
-2799
-3438
-4245
-4454
-2734
-3600
-5148
-3661
-3993
-4724
-5551
-5160
-5204
-5087
-6229
-4495
-2703
-3104
-3078
-3237
-2518
-2271
-1058
-1119
-2183
-1957
-2004
-1281
-638
-1266
-735
-2016
-4398
-3974
-2677
-2267
-2372
-1479
-1979
-3698
-3622
-3758
-2067
-2432
-2346
-2606
-3238
-3130
-2708
-2967
-3450
-4504
-3323
-1786
-2386
-2296
-1639
-2563
-2888
-2767
-3956
-5373
-4107
-2800
-2410
-4496
-4936
-3992
-3840
-3212
-2134
-443
-124
-727
-508
-1022
-590
53
-870
-2286
-1956
-1016
-1235
-1773
-2066
-1989
-2950
-1972
-659
-1547
-1833
-1561
-105
-414
-2135
-2385
-3312
-3457
-4181
-3926
-3596
-5913
-4747
-3243
-4872
-6435
-5772
-2824
-3109
-4095
-4050
-3772
-4387
-4611
-3101
-3352
-4947
-4901
-5489
-6140
-4831
-3826
-5536
-5472
-5487
-4604
-3543
-3379
-3133
-2853
-5729
-5610
-3564
-3837
-5548
-3362
-2804
-2582
-1711
-2494
-2347
-819
-1519
-3221
-2638
-1713
-2583
-2802
-3170
-4653
-5030
-3596
-3312
-4604
-4988
-4728
-4402
-5133
-5535
-4799
-4639
-4900
-4775
-3357
-2434
-3089
-4574
-4177
-2460
-3813
-4001
-4514
-3281
-3596
-3343
-1739
-1157
-1332
-2434
-2134
-2944
-3795
-3089
-2313
-1351
-1674
-4309
-5181
-4336
-3656
-4003
-4991
-3770
-4205
-5693
-7039
-5364
-5054
-5800
-5552
-5341
-4540
-5806
-5943
-5536
-6726
-7142
-7137
-8037
-7985
-6605
-6010
-5603
-5477
-6987
-8071
-8142
-8065
-7820
-9215
-9623
-8501
-7403
-7208
-10017
-8684
-7472
-6857
-7946
-9009
-8971
-9541
-6867
-4603
-4132
-5557
-6562
-5283
-4541
-5367
-5894
-4253
-4442
-4830
-3671
-3307
-3761
-4175
-3730
-3542
-4391
-4829
-4488
-3965
-5186
-5062
-4915
-3352
-2688
-3555
-4715
-4687
-3920
-3067
-4422
-4769
-5208
-4178
-5492
-4997
-3893
-4730
-2709
-1608
-3711
-4687
-5399
-4062
-4139
-4154
-3331
-4677
-4567
-3135
-2886
-3282
-3836
-4675
-4438
-2802
-2062
-1667
-3259
-2687
-4308
-5343
-4723
-4846
-6936
-9068
-8299
-7781
-7308
-5874
-5873
-6740
-7675
-7526
-7570
-8115
-8838
-9300
-9231
-9684
-10015
-10403
-12087
-10945
-10930
-12734
-10580
-11634
-10768
-9467
-9736
-9794
-9212
-8126
-8628
-10013
-9394
-8375
-9174
-9800
-7459
-5277
-6313
-7269
-7640
-6631
-6018
-7468
-7309
-6884
-5753
-4645
-4863
-5624
-5558
-4921
-5219
-4070
-4842
-3982
-4143
-4750
-4141
-3724
-3768
-6143
-7544
-6022
-4821
-6145
-5973
-4588
-5030
-5507
-6143
-7285
-5967
-5142
-6007
-5770
-4254
-5784
-6440
-7562
-6515
-7174
-7161
-5975
-5673
-4117
-3943
-4294
-4178
-4636
-4559
-6170
-5167
-3286
-3769
-4859
-3290
-2547
-3169
-4349
-4127
-4106
-5064
-4172
-4486
-4029
-3257
-2926
-2045
-3881
-6102
-6313
-6527
-4565
-5557
-5808
-5638
-6068
-6240
-5674
-3247
-4548
-6321
-5517
-6128
-6754
-8407
-8354
-6087
-7023
-7628
-7475
-6128
-5972
-5654
-4359
-6490
-8910
-7657
-6128
-6973
-8077
-7900
-5482
-4530
-5202
-5504
-5359
-5368
-6244
-6315
-5373
-4446
-5182
-6387
-6002
-5230
-5167
-5332
-5294
-5544
-6927
-6918
-7314
-6477
-4681
-3911
-5309
-4786
-4512
-4302
-4932
-4479
-5573
-7559
-6719
-6834
-7701
-7942
-8813
-8145
-7093
-6303
-4802
-5241
-6623
-5924
-3846
-2735
-3859
-4313
-3871
-3458
-2400
-4239
-5149
-4638
-3667
-4257
-4895
-2900
-2187
-2868
-3610
-3418
-4668
-4330
-4105
-2909
-3849
-5679
-4106
-1552
-3083
-4665
-3854
-4707
-4974
-3408
-3260
-4566
-4588
-4419
-4471
-5382
-5181
-4555
-4785
-4248
-4292
-4624
-4888
-3445
-3089
-2739
-1876
-2575
-3864
-4450
-3545
-3402
-4625
-6182
-5847
-5525
-4495
-4706
-5709
-5001
-4059
-2875
-2691
-1731
-2733
-4864
-2507
-1617
-958
-2886
-4390
-4299
-6320
-5791
-2516
-3165
-4047
-3152
-1070
-1351
-2073
-2567
-2770
-2062
-695
-892
-1099
-1323
-2328
-2264
-1755
-2994
-2383
-2761
-4561
-4519
-4148
-3021
-3263
-3956
-5025
-4030
-3929
-2810
-1221
-2698
-4055
-3769
-1972
-2081
-3043
-1853
-2614
-2576
-366
116
16
33
-1205
-2563
-1918
-705
-1214
-1932
-1695
-1112
-535
-966
-1300
-1858
-4135
-4047
-4848
-5103
-5574
-5636
-5264
-3257
-2335
-1926
-1538
-2662
-3843
-3495
-3797
-4220
-4144
-5969
-4325
-3156
-4495
-5328
-5014
-4858
-5502
-3728
-4350
-4335
-4376
-3494
-3707
-3884
-1882
-1338
-2294
-2665
-2355
-2848
-4314
-4684
-3566
-3638
-5527
-5329
-4343
-3593
-2696
-510
1747
1818
1779
879
-518
-2154
-541
-456
-2597
-2461
-1578
-1708
-1807
-1862
-1729
-1477
-2416
-2578
-1632
-1326
-1892
-1071
-2028
-2952
-2092
-2027
-1170
-1590
-2277
-3333
-4605
-3002
-1551
-1759
-2087
-1596
-1125
-1420
-1583
-459
-570
297
605
1842
944
-168
326
1117
132
1821
2816
402
-860
-1645
-2989
-2472
-2907
-2239
-565
-427
-908
-1153
51
-967
-2315
-3150
-3219
-2056
-1798
-1463
-2301
-2457
-1655
-2673
-4054
-3490
-3277
-3845
-4328
-3567
-4088
-4031
-3836
-4043
-4308
-2586
-1771
-3133
-3505
-4436
-4541
-4924
-3795
-3268
-4081
-5193
-5010
-5087
-2019
-1902
-2054
-2731
-2274
-3112
-2412
-998
-1239
-599
367
1218
2000
2440
2009
2748
2842
2193
1688
1032
1342
2807
4931
5948
6852
6873
6395
5064
3886
2503
2962
4764
4203
3371
3967
3501
2953
3055
2463
1283
685
233
1662
2171
2029
2531
2408
4015
3130
3052
2029
1050
173
511
740
-409
-174
198
725
1158
1291
887
428
642
2846
1667
1137
305
-286
-1406
-202
-123
-595
291
1962
2371
2794
3541
2692
3701
4284
3292
2178
2568
4035
3959
2266
2248
2196
664
2257
3091
3831
3822
3361
4390
5372
4443
3781
2621
1845
1475
1674
-93
536
2092
2091
1452
1795
2900
2155
1922
2915
4783
4068
1908
1855
2748
3206
3404
2548
1680
1675
2307
2574
1907
2118
2727
3428
4129
3959
2844
2252
4062
4762
3627
3927
4459
3711
2255
3064
2625
648
1195
1146
630
383
291
1618
249
-1127
165
544
328
-1053
-500
-192
-1436
-1752
-1074
834
1188
433
-960
-1819
-2636
-2289
-1053
-780
-1702
-1532
191
-401
926
2634
3028
2377
1380
718
1330
1279
1301
1278
3587
2938
1239
-707
-1009
670
1089
1010
1419
666
-50
171
679
298
1029
1196
1792
1456
446
841
-731
-1285
-1576
-1490
-943
-1516
-667
-246
642
-898
-1435
-188
1364
2006
1240
2040
1596
1513
1367
827
14
-90
-1366
-1570
-276
-868
-465
-89
-1809
-1436
-1652
-1177
-859
-102
-351
-649
-1324
-1026
518
9
-1026
-713
-749
41
857
1243
1588
404
-652
-496
643
86
-1094
-2019
-1902
-2054
-2731
-2274
-3112
-2412
-998
-1239
-599
367
1218
2000
2440
2009
2748
2842
2193
1688
1032
1342
2807
4931
5948
6852
6873
6395
5064
3886
2503
2962
4764
4203
3371
3967
3501
2953
3055
2463
1283
685
233
1662
2171
2029
2531
2408
4015
3130
3052
2029
1050
173
511
740
-409
-174
198
725
1158
1291
887
428
642
2115
2312
675
457
-185
-949
-95
-83
-395
925
715
-866
-1483
-737
602
1515
922
1028
610
-237
221
310
565
63
-1440
-650
-1377
-2783
-4336
-2909
-1996
-1691
-2590
-3069
-2534
-1858
-961
-631
-1695
-1057
-903
-2457
-1932
-1637
-2093
-2075
-1665
-1628
-2070
-100
426
-2119
-2057
-893
-1644
-2448
-2368
-1252
-2574
-1345
911
-215
-558
-1027
-1136
-727
-292
161
-17
331
1601
2053
795
-548
774
1232
605
1192
513
-360
-902
-1299
-2438
-3020
-1587
-945
-217
607
1449
579
1839
2677
2491
1786
796
2005
2099
3511
2918
1858
2704
2946
3758
3451
3664
4406
3407
4881
3140
3110
2865
3035
4010
3224
2277
3501
3914
3492
5668
6588
6227
5670
7006
6008
4010
3984
3270
1606
807
1405
1733
910
1342
525
-793
-270
1134
366
883
569
574
890
2292
2692
1913
1715
2260
1425
-189
55
1828
1181
627
769
-231
-492
1020
211
-977
-272
-128
-1510
-2334
-2910
-1724
-1974
-2753
-2630
-2003
-2237
-2146
-1776
-491
250
112
-523
-862
-464
204
64
-1321
-2267
-1511
-1228
-1519
-1903
-2455
-3628
-3565
-1695
-1303
-589
-496
-258
-951
-1759
-1166
-1478
-2694
-987
523
-450
-1652
85
751
1455
2618
2465
2748
2931
3118
3451
2557
2927
1844
2026
2131
2230
1673
1858
1278
2727
3738
1955
1175
830
2217
2444
2164
1668
555
1255
1493
1964
2157
1517
1423
1906
2459
3015
2771
2444
1848
2678
3382
1437
2182
3290
2321
3189
3893
3515
2898
1893
2922
2887
2712
2646
2318
1807
3076
2489
2151
2226
2778
3533
1513
2217
3135
1478
1908
2149
1001
340
957
865
1375
786
1263
1895
1367
1043
1103
718
1546
1789
2547
1566
314
-701
476
1394
1562
-254
-2157
-380
-1115
-1229
-146
41
100
-1093
-617
-911
-1155
-1157
-956
-1520
-1348
-579
-1241
-895
-1
-318
-1609
-1695
-1210
-1848
-2591
-2715
-4350
-3454
-2290
-2885
-3709
-3163
-3670
-4798
-5195
-2875
-2108
-2631
-1691
-269
-1222
-510
289
1273
1466
627
2446
1073
531
2455
3169
2672
1870
2352
1094
1267
1588
1087
1327
601
1465
1255
1698
3052
4328
3236
1967
1292
1911
3843
3840
2175
2027
2582
3474
4269
5398
5100
5087
3844
2390
5280
5818
4372
3233
2562
2708
1178
1076
1124
-535
145
-810
-1350
-280
586
1090
1156
3261
3134
2147
1902
3109
3421
3419
2237
535
776
1813
2183
2559
2024
1984
2509
1873
1127
-241
-2099
-2258
-1849
-1318
-984
-1902
-4323
-2685
-910
-734
688
1231
814
-207
-937
-1627
-273
-1257
-1611
-1548
-2218
-1978
-992
-1445
-2832
-1138
-1257
-2061
-2245
-2958
-1602
-856
-2093
-1306
-454
-362
-32
-727
-139
-1361
-1557
-2691
-2484
-2590
-2914
-3238
-2605
-1274
-2144
-1812
-172
776
2611
2030
747
-673
-792
-366
-157
-1615
-2232
-2554
-3189
-2375
-1447
-1948
-2709
-2466
-2676
-1814
-1375
-759
-1209
-1154
-1137
-1894
-2071
-2063
-2147
-504
120
-801
-745
-749
936
2062
2215
1210
920
408
947
1733
803
1250
1152
1438
2393
1074
1203
2657
2716
2365
651
-122
-34
-184
-506
-673
-283
870
-434
-1148
-190
-836
-1294
-612
193
917
-1021
78
-122
-1315
-1006
-1087
312
1175
1085
39
-38
-824
-277
500
1393
775
1042
343
-705
-1401
-2632
-1034
-1093
-1132
-131
-435
-1207
-595
-1039
-372
-48
446
-39
-1470
-2513
-1010
-190
-1728
-1760
-716
-661
266
294
-1805
-2576
-2452
-678
-502
-2216
-893
-1791
-1627
-224
-745
-385
-1004
-1229
-2192
-803
-191
696
1358
328
-83
-1182
-2372
-954
424
416
-927
-2708
-4136
-3053
-1901
-1160
-2283
-2702
-3632
-3698
-4716
-4132
-3535
-5516
-5469
-4388
-3622
-3414
-3666
-3318
-4406
-5219
-4840
-3520
-4044
-5175
-4730
-4505
-4911
-4194
-5994
-5345
-4694
-4965
-2734
-2194
-2220
-1767
-2043
-2533
-1463
-941
-1401
-2163
-1382
-338
-606
-1077
-1005
-33
-363
-1699
-1753
-2224
-1302
-215
-513
-1240
1300
2806
354
-1099
-1116
108
-260
-160
182
468
-1587
-2189
180
798
340
382
-1099
-1160
-771
73
-907
-566
324
724
-113
-637
315
1552
993
-441
-1711
-1240
17
44
46
575
1098
1163
-1430
-1109
1067
1222
839
-741
-791
-470
-1848
-3068
-2874
-3324
-3407
-3714
-4376
-4516
-4642
-4019
-3844
-2927
-3878
-4717
-5781
-5289
-3461
-3021
-3665
-4810
-4001
-5185
-6513
-6056
-4639
-5003
-5527
-7129
-4772
-3054
-3671
-5326
-4323
-4624
-4547
-2804
-3101
-1288
-1226
-775
60
-114
-2204
-1854
-3265
-3189
-1812
-2240
-2404
-1571
-1158
-637
-892
-1172
-53
131
476
1243
1424
543
-1147
-2274
-1065
1030
354
-194
-161
845
474
1036
-75
779
1675
69
-129
-467
40
1326
670
-506
1191
2888
3000
2887
4007
4163
2790
1942
4087
2601
1985
2951
1102
1639
2242
2769
2346
798
1164
1381
2101
1780
857
1753
272
-1149
-955
-1390
-1383
-1464
-1757
-2499
-1659
-2305
-2470
-2609
-2155
-2423
-3293
-3337
-2953
-1432
-1578
-3204
-6095
-6789
-5295
-5210
-4224
-3465
-4260
-3875
-3509
-1655
-2246
-2585
-3800
-4038
-5433
-5125
-4061
-5862
-6679
-5898
-5478
-6361
-6317
-5874
-7291
-7588
-6270
-5967
-6165
-7355
-8361
-8604
-8105
-6583
-6021
-7058
-5793
-5919
-8238
-8518
-6734
-7108
-5433
-6011
-5943
-6694
-4851
-5125
-6328
-5365
-6273
-5676
-4608
-5608
-5128
-6305
-7660
-7917
-8320
-10213
-8723
-9288
-10105
-11334
-9832
-8631
-9069
-9555
-9365
-8461
-8578
-9225
-9436
-10200
-9170
-9076
-9280
-9382
-11259
-9307
-8813
-8297
-5894
-5392
-5104
-4476
-5147
-7601
-8339
-8080
-7075
-6061
-6890
-6758
-6067
-6803
-6640
-6356
-7091
-7908
-7991
-5943
-6142
-6760
-6623
-6669
-6270
-5775
-6514
-8557
-9243
-6712
-5723
-5358
-5844
-4278
-4603
-3708
-3739
-5079
-3778
-5982
-5549
-5895
-6177
-5832
-5201
-6073
-5342
-4724
-3151
-3013
-3959
-2623
-4830
-6356
-5447
-5056
-3421
-3194
-3867
-2940
-2529
-3650
-4188
-4117
-4467
-3656
-3117
-2500
-2146
-3530
-4334
-5247
-4946
-3350
-1756
-2647
-3025
-2205
-2187
-3014
-1825
-2599
-2938
-3598
-3753
-5425
-4257
-3602
-5073
-5165
-4331
-5155
-5339
-6469
-7645
-8013
-7104
-5722
-3717
-4244
-6001
-5154
-5567
-6361
-5425
-3133
-4878
-6871
-4292
-3535
-3756
-4089
-4567
-5181
-4706
-6545
-7817
-6819
-6939
-6333
-6167
-6037
-5284
-5683
-5615
-6510
-7316
-6151
-5110
-5359
-5857
-7399
-7080
-6793
-6830
-5285
-5277
-4667
-3539
-2595
-2872
-1447
-4067
-4990
-4058
-3224
-3570
-3042
-2729
-1870
-1546
-2336
-1557
-1242
4
-723
-2281
-2305
-2494
-2638
-1279
-429
-2282
-3926
-3588
-2675
-1617
-2966
-2912
-2614
-2797
-2296
-2602
-1828
-3082
-1950
-2154
-1957
-2503
-3624
-3743
-2306
-3488
-4378
-3472
-2819
-2136
-1954
-2107
-2109
-5935
-7570
-7526
-6752
-6373
-6706
-7159
-6607
-6626
-7189
-7398
-7147
-6639
-5346
-5175
-5201
-5711
-5623
-5741
-5309
-5414
-5785
-5821
-6600
-6505
-6197
-4299
-3232
-3897
-3658
-4425
-4794
-4588
-5475
-5700
-4817
-3944
-4930
-6173
-7535
-8411
-5736
-5882
-8239
-8669
-8806
-9051
-8954
-8731
-9210
-9180
-8578
-7591
-7537
-7331
-7948
-7958
-9259
-8763
-6557
-6932
-6645
-6536
-5349
-5742
-6193
-6556
-5786
-6907
-5640
-6071
-6348
-6011
-6148
-5686
-5381
-5362
-3526
-4145
-3416
-4222
-6071
-6247
-5023
-6000
-8297
-7728
-7990
-7822
-8394
-8201
-7106
-7062
-6934
-7982
-6434
-6492
-7994
-6942
-6394
-5599
-5521
-4885
-4852
-4718
-4118
-4154
-3071
-2369
-1791
-3780
-4587
-3442
-2787
-2920
-4394
-4619
-4200
-4086
-3241
-3480
-2368
-1225
-2975
-3863
-4276
-3453
-3872
-3482
-3986
-3822
-4579
-6126
-7284
-6175
-5793
-5551
-5481
-4218
-3296
-3239
-3780
-4399
-4558
-5734
-5805
-5823
-6212
-5903
-7871
-7927
-7790
-7056
-7765
-9023
-8728
-8641
-8114
-7914
-8896
-8926
-8493
-7572
-7395
-7434
-8008
-8051
-7197
-7622
-7712
-8042
-7578
-7597
-8133
-8594
-9152
-9470
-8634
-8770
-8729
-8585
-9962
-10132
-8846
-9177
-9809
-11063
-10814
-10943
-10346
-11578
-12012
-12578
-12071
-9691
-9272
-10306
-11069
-11488
-10945
-8592
-8561
-8896
-8958
-10398
-10480
-9880
-10087
-9186
-8714
-7974
-7046
-7903
-7545
-8291
-9260
-7521
-6443
-7013
-6341
-6190
-5381
-4872
-5161
-5498
-4515
-5101
-4314
-4805
-5573
-3895
-3445
-4829
-5016
-4028
-4113
-4157
-2455
-1967
-1625
-2262
-2766
-2566
-2777
-3998
-3588
-3413
-4353
-4403
-4060
-3544
-3545
-3806
-4753
-3446
-2192
-2344
-2449
-3475
-5168
-4941
-4908
-5515
-4958
-6238
-5041
-4865
-4899
-4088
-4688
-5515
-5195
-4154
-2737
-4144
-5628
-4860
-5390
-4698
-4841
-3789
-3754
-3130
-3896
-4570
-4262
-4566
-5359
-4848
-1909
-2150
-2507
-2282
-3483
-3898
-4286
-4573
-5408
-4410
-3388
-3352
-4185
-3217
-3232
-2762
-3572
-3555
-2610
-3489
-5155
-5087
-5723
-6562
-6829
-6346
-6050
-6661
-7381
-6524
-5451
-4670
-6091
-6256
-6641
-6909
-7577
-8076
-8105
-7422
-5804
-6703
-8085
-6998
-6933
-7306
-7788
-7376
-6580
-5245
-3795
-4461
-6496
-8055
-10214
-10636
-10916
-10590
-9886
-10351
-10401
-9108
-8804
-8880
-9021
-9321
-10384
-10827
-10294
-10208
-10014
-8965
-9666
-8870
-8553
-9283
-9705
-9219
-9411
-10495
-10765
-9921
-9301
-10145
-9980
-8818
-8444
-8922
-9759
-10230
-9332
-8217
-8696
-9527
-9981
-10840
-10045
-7486
-6790
-7207
-7486
-5937
-5357
-6721
-5614
-5563
-6273
-6319
-6086
-5342
-4636
-5435
-4191
-4633
-3936
-2550
-2577
-4560
-5816
-6104
-5846
-4096
-3884
-4167
-4776
-4858
-6145
-6191
-5852
-5835
-6051
-4896
-4703
-3446
-3944
-4719
-4709
-5557
-4582
-3695
-2771
-3379
-2836
-2956
-2193
-740
-615
-239
-1295
-642
1008
1387
58
-619
-1554
-2349
-2938
-743
-1164
-2896
-2521
-2447
-1105
-528
902
1270
-1112
-2459
-3513
-2404
-2358
-3525
-3758
-3381
-2353
-2367
-3464
-3501
-3647
-4390
-4698
-5174
-5130
-4639
-4274
-3321
-4061
-4173
-5191
-7275
-6074
-6168
-6457
-6741
-6545
-7561
-6005
-5773
-5845
-4687
-4770
-4366
-3604
-3426
-1555
-1569
-1871
-522
-1353
476
-239
-53
128
-911
-1182
-1586
-660
-755
-919
-1050
570
1397
979
1467
1408
-711
-140
578
494
-1297
-16
1782
1320
640
353
-672
-607
1816
2753
2860
1737
1965
2428
1613
2141
2394
1567
1252
1653
2559
1991
2038
2831
4025
4267
3998
2590
1641
880
1759
958
703
904
1375
2732
531
-781
-31
-1154
-2161
-1376
-1364
-207
-141
-601
-1294
-1171
-1757
-3403
-3249
-3536
-4252
-5672
-5355
-2907
-3295
-3736
-4384
-3127
-3081
-4762
-4090
-3417
-2144
-968
-2456
-3403
-3830
-3556
-4499
-4610
-3813
-3381
-2279
-2467
-2624
-1771
-1787
-2885
-2998
-1869
-1992
-1862
-1157
-1654
-1568
-972
-973
-341
-14
1366
2048
2146
2502
3159
3181
921
181
-406
-1738
-2101
-1214
-296
439
530
2432
1500
1330
2185
1096
1801
1994
621
593
-281
-1204
-1687
-990
366
1379
2646
2197
2351
3425
3623
4241
3799
3607
1612
1536
1682
1026
1689
2041
1216
1561
1662
1514
-681
-2538
-1460
-1174
-2599
-3199
-3672
-3541
-4552
-4415
-3941
-3647
-3383
-4520
-4594
-3087
-1997
-909
-1810
-2574
-2474
-2860
-3493
-3631
-3324
-2614
-1313
-1061
-2159
-1671
-1153
-1257
-1803
-1250
-2136
-1270
-2383
-1561
-130
684
1193
-214
-1308
-232
1235
724
-266
-1064
-270
734
754
890
918
1461
2381
3754
3826
2421
1317
1035
728
116
-16
925
1438
821
468
1904
2459
334
208
-1115
-1766
-3421
-2699
-1957
-1908
-1457
-116
-388
-615
-534
745
-404
-637
95
-521
-1248
-3163
-3247
-1515
-2115
-2371
-2010
-875
-287
126
-953
-1772
-942
-793
-509
-340
-658
-2061
-2131
-720
-1656
-1586
-1754
-2389
-2208
-3073
-2198
-2451
-4136
-2415
-530
62
-1080
-718
-980
361
157
-108
-1430
-668
2109
954
726
1062
214
-659
-1189
196
-877
-1673
-1148
-871
-11
-242
-225
548
524
-612
-1138
-1310
-502
-1226
-1926
-1566
-2436
-1760
-1033
-20
771
1002
1354
1903
2828
2258
1904
1920
1949
2748
3762
2660
2836
4737
4453
2856
596
-28
352
648
-355
-841
166
931
205
468
876
1411
789
-967
-833
-618
-372
-932
-1899
-1924
-1763
-799
-489
-878
-585
-1151
-2788
-1999
-2018
-1876
-1752
-2648
-2401
-2779
-3049
-3566
-4326
-3455
-3533
-2526
-1976
-3663
-3964
-4533
-4834
-5008
-4755
-4585
-6636
-6413
-5637
-5353
-5047
-4528
-5207
-3425
-2979
-5115
-4763
-5569
-6755
-6856
-5938
-6172
-6078
-4268
-4366
-3030
-2397
-2647
-3301
-2575
-2445
-3173
-3041
-3309
-3432
-3085
-2317
-679
248
-1980
-2080
-1328
-423
927
1081
1234
907
214
2434
2900
1834
3017
3946
2910
1614
2267
2627
2788
2695
2274
1910
2426
3440
4381
4044
4143
4699
4091
3805
3731
4046
4829
4777
4463
4580
3858
3273
1902
424
1114
158
-144
564
1687
2336
1831
25
-153
122
-168
815
-1063
-2836
-2675
-1932
-812
-1029
-1526
-1829
-3270
-3230
-1347
-1246
-1836
-2503
-2928
-2363
178
-825
-2307
-2054
-2389
-2667
-3736
-4236
-2935
-4277
-4159
-3175
-2641
-3399
-3988
-4883
-3655
-2343
-2364
-3442
-3804
-2931
-2434
-3539
-2924
-1906
-1320
-1452
-1264
-1744
-2799
-4455
-3826
-3424
-3363
-3761
-3792
-3719
-3544
-4066
-5096
-4212
-4652
-5391
-5758
-5359
-4060
-3781
-2770
-2305
-1335
-2163
-2101
-636
-1636
-1630
-706
-592
-1419
-971
-1646
-2034
-957
499
1094
-1005
-1491
-463
-2092
-3246
-3954
-3805
-3463
-2049
-1199
-2107
-606
-65
-1171
-2541
-2824
-1064
-651
-2665
-2940
-1549
-1836
-2855
-4024
-3997
-2133
-1438
-953
-1623
-2475
-2408
-1623
-2228
-1398
-553
-1972
-2781
-2840
-2640
-2362
-3363
-3508
-2811
-1354
-774
-99
437
1377
1652
-158
-1060
-861
-773
-2553
-2258
-3269
-3338
-2502
-2618
-2643
-2119
-2838
-3804
-4023
-4132
-4539
-4394
-4650
-4498
-3109
-2937
-2635
-4166
-4725
-4229
-4416
-5748
-6210
-7836
-8487
-7949
-6480
-6664
-6534
-5437
-4867
-5988
-4981
-4864
-6905
-7436
-6465
-5908
-6012
-7026
-8664
-8527
-6375
-4341
-5576
-5448
-5348
-4327
-4541
-4133
-5525
-7379
-6553
-4503
-4317
-3464
-4266
-5478
-6674
-6920
-6108
-6181
-6107
-5126
-5029
-5828
-6808
-4757
-3293
-3129
-3743
-5320
-5646
-4753
-4526
-5984
-4641
-4237
-5908
-7019
-5490
-4715
-4442
-5324
-6099
-5822
-5599
-5947
-7497
-8340
-6665
-6389
-6377
-5601
-5971
-5103
-5162
-4473
-5507
-5787
-6218
-5328
-4509
-4818
-5207
-5774
-6225
-6387
-5812
-6504
-5876
-5938
-5891
-7204
-8075
-6264
-6325
-7853
-9037
-8752
-8893
-7709
-8493
-9193
-9854
-9008
-8631
-8017
-7977
-8644
-8325
-8113
-8134
-7147
-6679
-7927
-8247
-7951
-5357
-5243
-5326
-4989
-5731
-6680
-5728
-6357
-6025
-4551
-3945
-3800
-3449
-3288
-3685
-4980
-4782
-4759
-3839
-3629
-3022
-2938
-3769
-5555
-5357
-4451
-4610
-4499
-3543
-4165
-4265
-3037
-2921
-3577
-5676
-6073
-6245
-5420
-6326
-7013
-7466
-8705
-8177
-6450
-6064
-6151
-7831
-7618
-7601
-7059
-6575
-7256
-8377
-7656
-7718
-6639
-6549
-7527
-7428
-8650
-7110
-7356
-7312
-6684
-7150
-8089
-7786
-7710
-6843
-6916
-8945
-7681
-7967
-9353
-9476
-10131
-10199
-8994
-9140
-10559
-10901
-9434
-9515
-9996
-9910
-10220
-10142
-10706
-10761
-10628
-11474
-10764
-8943
-7951
-7948
-8659
-8590
-9206
-9710
-8448
-9921
-10275
-9710
-9885
-8453
-8361
-9528
-8601
-8659
-8573
-7992
-8994
-8586
-8701
-7958
-6947
-7427
-8783
-8112
-9097
-8489
-7577
-7066
-6688
-6144
-5917
-6645
-6844
-8567
-9266
-9173
-7643
-8230
-8094
-6758
-6875
-7174
-8170
-8608
-7962
-7901
-7595
-6750
-8740
-9522
-7778
-7524
-7403
-8095
-7671
-6690
-6178
-5817
-6401
-6670
-6185
-6602
-8043
-8432
-6178
-5868
-6571
-6166
-5479
-5864
-6035
-5405
-4588
-5265
-6750
-7136
-6236
-5638
-6993
-7759
-6118
-6747
-7492
-7811
-7035
-7028
-6210
-6121
-5593
-7447
-8362
-8113
-9550
-9067
-7370
-7096
-9150
-9171
-8957
-9095
-9555
-7691
-8372
-9755
-9166
-9410
-9250
-8812
-7800
-8592
-10282
-9411
-6835
-7914
-7516
-7139
-9227
-9582
-8671
-8749
-8849
-9508
-9370
-9287
-9890
-7862
-7523
-7212
-6408
-5212
-5727
-5305
-5060
-5193
-6440
-5642
-5221
-6544
-7413
-6268
-5758
-6531
-6788
-5383
-6343
-6742
-6644
-5494
-5133
-5601
-4333
-4087
-4013
-3233
-3438
-3177
-3213
-4222
-3964
-2653
-2342
-4354
-4546
-4247
-4777
-5522
-4382
-4036
-3927
-3255
-2798
-3474
-4377
-5447
-6755
-7244
-8621
-8101
-6085
-5807
-5335
-6430
-6779
-5350
-5084
-5665
-6024
-5861
-7016
-7643
-7430
-7451
-8059
-6808
-7052
-7301
-5960
-3716
-2991
-5046
-5184
-5147
-5894
-4678
-4099
-3756
-5583
-7266
-6255
-5407
-4437
-5055
-5879
-6427
-6227
-5421
-5459
-4457
-4405
-4913
-5056
-5223
-3784
-2680
-2814
-2915
-2132
-2501
-2803
-2059
-1201
-2011
-2926
-1552
-781
153
102
-137
186
-317
-1638
-984
-1653
-2003
-30
837
-252
387
2031
580
-1862
-1873
-1112
-1462
-1432
-262
-186
-462
1366
1449
564
497
1959
1372
1087
-50
785
1169
247
-1095
-2630
-3058
-2652
-2240
-2718
-3923
-3164
-3375
-1720
-2914
-4848
-5166
-4350
-3463
-3110
-2229
-2860
-3346
-4746
-4891
-4977
-4895
-5134
-5048
-3559
-3739
-5684
-5400
-4075
-3697
-4366
-3602
-3189
-3461
-2800
-2272
-1680
-2488
-3336
-2698
-1801
-1857
-958
-1153
-3161
-738
-385
-647
1412
3366
2009
1277
488
43
437
-145
842
575
-1025
-1729
-1730
-691
1317
2103
1240
1993
2581
2183
3007
2379
3651
3336
2442
1349
-981
-1634
-1555
-394
808
-30
611
1630
1439
2514
2861
3150
1895
1127
1771
1710
1803
1391
1390
1665
1453
2157
2165
1176
1055
689
1725
2229
1225
361
-917
-2561
-2110
-1098
505
517
-329
76
-811
-923
-1354
-1623
-1260
-1281
-1589
-1879
-2054
-2827
-2012
-1768
-2471
-1492
-1677
-2746
-3489
-2382
-2052
-1379
-2432
-2700
-4037
-4048
-4307
-3460
-1362
-952
-1069
-2450
-180
1604
1972
2423
1301
567
796
-435
331
1188
879
-339
-1052
-716
370
696
920
3004
3560
1998
1658
1821
1687
551
172
412
1850
1894
-86
609
2155
2890
2045
1483
2012
3326
2123
1111
2427
1601
2652
3981
2683
3327
4111
5090
6473
5250
4339
3748
4889
3982
3785
4493
5560
4785
3594
3700
5819
5984
5545
5247
4382
3294
5319
6668
5597
5342
4724
3715
3651
4600
3145
1877
1703
1681
2234
1103
729
992
1496
967
-90
-1704
246
813
-351
878
-208
-403
818
804
-733
-1123
-200
844
3306
1820
1075
918
-1353
-635
279
-2325
-2469
-805
272
-8
-17
-64
134
1408
1605
2896
3653
4823
4463
3234
2344
2114
397
-1202
63
1017
317
1648
1235
1187
1652
3724
4062
3078
5329
5644
4841
5351
5223
4000
4197
5698
5788
6396
6290
3929
5744
6986
7995
7904
7280
7539
7106
7148
6649
5677
4774
6389
8413
7034
8081
8111
8478
8518
7966
9151
8684
8621
8180
8314
7784
7531
7568
6077
6121
6343
6302
5028
5110
4854
3948
3257
3709
3945
2177
2286
3242
4458
3620
3597
3231
1448
1864
998
-81
-354
993
1735
1506
1059
2012
3338
3182
3609
3672
3132
2658
4139
5436
5539
5172
4343
4887
5354
5280
3467
2589
3500
5020
5200
5141
4976
4972
5760
3930
4162
5852
5792
4120
3201
4536
4968
4566
5680
6259
6029
5795
6664
6867
6609
5877
4702
4366
5986
7068
7160
6467
6736
7622
9050
7834
7225
6537
7141
8403
8718
7503
9278
9749
8620
7427
8012
7626
6590
6782
6477
6458
5487
4706
6074
6823
6937
7983
8095
9449
9246
7977
6964
7375
6848
5260
5259
6608
6573
5400
4770
5196
5250
5315
4095
4298
4294
4180
4549
3287
3341
3377
3753
4064
2664
2827
3945
6125
5864
5553
4748
3645
5118
7249
6374
4366
3510
3248
6252
6540
6641
6359
5745
5981
6152
6175
5503
5677
4524
4625
2797
3047
3414
2082
4445
4025
4598
4231
3334
3963
5336
6415
6102
5714
4638
4435
4340
4740
3673
3916
4665
3548
3879
5393
6500
5393
6678
5766
6327
7214
6743
7296
6742
6065
6125
5519
5144
5499
4915
5826
5929
6647
6592
7361
7134
6357
6070
6888
7619
7207
5996
6205
5929
3645
5569
6198
5257
5353
6758
6594
5756
4664
4514
3673
4908
6060
4897
3950
4962
5298
6775
5799
5682
5289
3977
3353
3165
3187
3299
1642
2698
2777
2780
3844
3147
2919
2890
1713
3752
3303
3776
3483
3034
4524
4046
4951
5364
4028
4794
4698
4789
6946
7265
5314
4089
3950
5703
6787
6378
5371
5706
6156
6947
6840
6907
7007
7265
7441
6643
6307
8980
9727
9076
8179
7117
7612
7264
6737
7298
8734
7745
6663
6348
8370
9454
9516
10477
9837
9080
9007
8283
7516
9876
9438
9233
8625
9432
9581
8650
7766
7670
9040
6754
6303
7390
5867
7734
7260
5142
6080
6055
5023
6778
6509
6240
7114
6804
6454
4627
3570
2977
4097
5872
4703
3476
2231
229
249
-346
-160
-218
-1397
-25
-315
-1193
-190
743
-1102
-1660
-1085
-1801
-3022
-1764
330
534
-1409
-652
-38
504
2342
2817
1839
1479
2241
1922
2504
3511
2831
1681
1967
2597
4706
4922
3387
2565
2430
3681
5139
5192
4133
3662
4146
6626
7252
7043
7461
7180
6768
7336
9426
7987
6363
5753
6576
6279
6416
7393
8357
8102
7067
7499
7433
7340
6404
5488
6421
5767
4640
6029
6704
6624
5084
4696
5490
6077
6281
6256
6075
6252
6755
6352
7675
8364
7484
6040
4438
4366
4549
4888
4566
3018
3042
3475
3334
3239
4303
3530
1620
1591
931
1164
1251
2211
3195
1610
907
-64
488
2157
2347
2220
1161
1235
398
1750
2278
2663
424
-105
-136
-366
1046
626
835
1781
1401
2454
3721
4671
5347
4156
3917
4821
3723
3759
4711
4482
3432
5422
5518
5265
4009
2882
4266
4458
4887
5513
5012
5015
5681
6946
7811
6325
4927
5884
6374
4990
3783
3131
6121
5908
4477
5990
6761
6492
5355
5660
5503
5864
5754
6270
6534
6533
5721
6157
5796
6248
6790
8005
8233
6915
6586
7221
8010
7442
6216
4881
3597
3809
3469
4115
3619
2599
2674
4121
5056
5389
5458
5831
6047
6858
7288
5437
3907
4429
4167
4957
4347
3415
3596
3765
4229
4561
5643
5713
5092
4817
3855
2283
2114
1160
2372
2968
2832
2393
1968
1277
1940
-196
459
483
309
1104
1904
1300
-332
-170
1470
1821
1740
1244
-564
1244
1888
2042
2565
2692
1356
1569
2764
1373
-469
-1143
140
727
11
-91
-1526
-2240
-1746
-1635
-1544
-799
-871
-428
1438
765
255
251
1255
730
619
2257
2399
1152
7
134
1524
330
23
848
-243
-738
23
-777
-1581
-2709
-1819
-1207
-1985
-1865
-2907
-2472
-1950
-3405
-3210
-1991
-1302
-1682
-2543
-2172
-2728
-2655
-1117
-1511
-1270
-2406
-1490
-914
-1446
-321
-906
-1929
-1172
-2360
-3119
-1397
-1993
-1917
-1399
-3274
-3021
-4163
-3432
-2371
-1937
-2973
-1948
-2053
-3468
-2164
-1113
-743
-2408
-3461
-2275
-525
-1344
-678
-103
-889
-86
27
1088
790
114
1997
2215
940
1258
769
2171
3451
2489
1479
917
1273
1711
2623
2970
3170
3340
2494
3983
2262
1624
2266
3727
3943
21385
20799
21912
21689
21190
21592
22082
24768
28357
31070
-32188
-29390
-26437
-22740
-19334
-19274
-19597
-19612
-20610
-22205
-23996
-26692
-29099
-28511
-30702
32405
30463
27052
24050
22708
19515
15354
12484
6677
1937
-2590
-5136
-7546
-8114
-7816
-7146
-3474
1945
7331
11705
15040
18972
21443
25712
31003
-28771
-21647
-16939
-10829
-3244
2171
6507
10881
13749
16261
19177
20512
19968
20321
21069
18817
15882
13754
12321
12846
13461
15813
17035
17520
18098
18465
19440
19931
20334
19959
20317
21747
23826
26837
29558
31622
-32469
-29532
-27523
-22655
-18371
-13186
-8802
-7437
-2138
1327
3894
5774
6680
7514
7687
7014
5268
3279
1468
-390
-2741
-4455
-6046
-7315
-9114
-10693
-10192
-12412
-13907
-14188
-16946
-20759
-23494
-26200
-28921
-28891
-32603
27140
26024
25959
24998
23833
21385
20799
21912
21689
21190
21592
22082
24768
28357
31070
-32188
-29390
-26437
-22740
-19334
-19274
-19597
-19612
-20610
-22205
-23996
-26692
-29099
-28511
-30702
32405
30463
27052
24050
22708
19515
15354
12484
6677
1937
-2590
-5136
-7546
-8114
-7816
-7146
-3474
1945
7331
11705
15040
18972
21443
25712
31003
-28771
-21647
-16939
-10829
-3244
2171
6507
10881
13749
16261
19177
20512
19968
20321
18642
17045
17286
15620
12183
8173
3236
-2305
-5962
-10485
-15057
-18630
-22195
-24748
-28035
32446
27876
25393
24241
21639
19035
16291
14015
12692
12388
13551
17210
19819
22813
28078
-30813
-26013
-21162
-14414
-10034
-4795
-1710
-2477
-4628
-9343
-13533
-20838
-29975
24052
9999
-3353
-13361
-21662
-31121
28508
24057
23596
25389
31633
-22294
-11202
-1958
8505
17782
27970
-22793
-8029
7614
24850
-22624
-6105
8399
19319
24918
31234
-28548
-25890
-25420
-26788
-29755
-31672
27585
20865
13713
2985
-6501
-15244
-25852
29885
18386
7786
-1647
-9473
-16827
-22998
-29728
30737
24912
18185
11547
4811
-1611
-10097
-17769
-20646
-21545
-21304
-14807
-5793
3032
12117
20481
25568
28553
32311
-25150
-16974
-6460
6280
17244
26158
-27886
-16255
-6258
7595
18491
26679
-32580
-26215
-22759
-21846
-24920
-31512
27688
21781
16288
10006
2481
-1831
-4098
-8483
-12159
-16972
-22743
-27156
-30780
30039
25238
17992
9718
-218
-12115
-22429
-32676
22789
14972
9144
6699
5469
6360
11112
18000
25253
-31047
-21206
-13910
-6999
1580
9444
17252
24431
29984
-30593
-27242
-24520
-21979
-20101
-21917
-25382
-28967
31151
23831
15364
9217
944
-6441
-10848
-17848
-25163
32636
26865
19824
13187
6959
-2605
-9809
-15805
-21626
-25349
-29895
32418
-32635
-27365
-17621
-4438
9655
25199
-25676
-15657
-8012
-2581
2546
3609
4299
6401
6851
8810
12109
19834
27384
-29400
-23172
-22035
-20300
-23559
-27260
-29408
-32110
31824
28451
25293
23705
18076
14421
12778
8132
869
-5109
-11114
-17440
-20930
-23716
-27535
-24601
-23635
-21182
-14663
-12539
-12726
-9818
-9922
-11888
-12460
-12812
-15437
-17867
-21171
-24473
-28553
-30719
30942
26426
21118
15206
9149
2988
-3311
-11504
-18631
-29138
26805
19217
11067
5983
4634
3389
2092
4390
6219
6862
11474
15934
20269
29619
-22370
-9404
6586
22139
32148
-22994
-14182
-6748
1312
7774
12222
15037
16185
16544
19099
21386
24929
28963
-29173
-27271
-29974
-31965
30935
30348
27443
18398
5199
-10012
-25599
25668
14057
-2994
-18553
-29074
-29762
-21171
-10332
735
13065
29265
-17251
3070
22679
-23584
-6206
7781
20318
31618
-22557
-13220
-12268
-7723
-4519
-4348
-6200
-7615
-10181
-11493
-12267
-16383
-21237
-24941
29502
21727
11414
-308
-14619
-26487
19556
3234
-6425
-21787
30135
19107
9571
4312
3148
1585
457
1674
1782
7093
16845
23987
-30706
-22255
-15092
-7572
4344
8761
7979
9188
3077
-5470
-12042
-23200
28187
12317
260
-7428
-14551
-17390
-20355
-17877
-12743
-6991
-482
7013
14790
15933
20896
28914
32727
-31522
-29151
-21431
-10130
3469
18663
-28596
-7944
6831
23341
-25957
-17642
-13813
-10027
-12199
-17547
-26161
30755
18636
8604
685
-10893
-18967
-25653
-31597
29993
20733
13353
9299
4305
-2378
-4979
-7034
-12029
-12745
-14943
-17939
-18487
-21480
-23695
-25455
-23399
-19891
-14567
-9537
-1097
6603
12314
20174
27373
-31783
-22188
-12674
-8928
684
7998
7959
6517
3521
-8388
-21000
-30551
24203
20413
19936
16940
10773
5380
-1477
-4099
-2735
-4782
-6119
-4198
-2910
-616
1691
381
-2307
-2877
-4492
-4277
-2865
-4272
-1878
2201
6539
10807
11216
9609
12713
11356
7415
5877
4213
1277
-4380
-8581
-15635
-24461
31752
20618
11644
-793
-16721
-30817
21547
12202
2848
-147
129
12205
-31121
-11397
11195
-27112
5877
-28042
-2585
19763
-29393
-15943
-5703
2046
6300
9469
13874
17855
16709
9681
6328
3114
-2585
-8441
-13430
-19868
-27488
29355
18558
8889
-4039
-12166
-18944
-24249
-24361
-25001
-25981
-21559
-15004
-12870
-10799
-10651
-17319
-25498
32629
16648
403
-17365
22427
5116
-15732
23011
431
-21191
23393
10794
7533
1262
1750
11949
17053
-28569
-3556
16670
-21440
14973
-7569
30744
7264
-18417
14562
-24621
-12413
-9685
-12013
-17688
-24265
-29182
31965
30139
26873
18025
5239
-10951
-29582
16772
-5472
-27513
20527
4806
-6168
-10760
-10782
-8052
-4637
-2921
-1531
-4076
-7104
-13255
-18838
-29191
26680
18968
6965
-8370
-22588
-32478
25695
19323
14193
8706
4580
9749
16769
26477
-27935
-14242
-4029
7004
22545
-30665
-20328
-6452
4447
12465
18550
22856
19918
16025
9531
-1482
-14084
-27693
22637
13706
5339
-7462
-15408
-20619
-25506
-21183
-15697
-15474
-16824
-15611
-14509
-5606
3474
8254
15253
21300
20842
22727
23083
22620
24680
21907
17553
14885
11559
11574
12584
12328
17823
25023
31364
-21405
-10886
-5329
3001
13494
18427
27799
-31098
-29202
-23247
-21942
-23034
-22755
-28635
-32350
23520
11946
5688
-1664
-6761
-11974
-11025
-8662
-2745
8912
20697
32599
-19910
572
17840
-32041
-15518
-5819
3528
7653
2674
-1598
-12919
-29495
21533
5295
-15125
-26421
22760
5751
-5535
-18308
-31456
30136
26910
24774
31230
-28236
-30290
-29385
-29848
31832
29483
29791
32465
-29232
-21657
-12896
-8987
-5222
88
4914
15987
27970
-22557
-10712
2009
12661
22748
-29859
-23579
-24589
-27768
30542
22743
16241
9401
-1316
-9271
-11082
-14909
-21049
-25565
31456
24915
21748
15115
8572
6308
2607
-7159
-17164
-25446
28419
12010
1485
-10242
-22478
-27612
29464
18369
18138
23936
28980
-25465
-12360
-3154
5508
12357
12793
14176
16736
17880
20793
28604
-31304
-24520
-15599
-11495
-7687
-4407
-4219
629
8978
10087
12310
17766
23389
32525
-23085
-13142
-1024
10622
18329
27247
-27534
-19777
-16065
-10383
-12608
-21795
-26928
31413
23164
15430
6515
-4965
-15689
-26198
31204
26964
26537
25284
23043
20467
16642
8483
-1128
-7211
-14693
-24727
31138
24527
17392
12276
9874
5362
845
-3209
-2417
4293
6878
10213
16064
21145
23602
29886
32637
-31410
-28241
-26256
-25173
-16974
-4129
7805
16049
26659
31359
31192
27815
18372
8728
-3602
-17245
-31440
22981
18093
12455
9295
9725
15066
22923
-27033
-11093
6186
25934
-25244
-9306
4121
15144
25695
26209
24004
24622
16632
4194
-4524
-16280
-29933
26850
14881
753
-7689
-18174
-25605
-27640
-30958
-32509
-28276
-24880
-22428
-17924
-13367
-13532
-12650
-15016
-17416
-18586
-23944
-26203
32180
27143
23758
20522
16736
12160
8835
5076
503
996
4098
2425
2451
6699
6776
7552
13371
10403
10360
13348
10286
8869
9728
10361
13258
18842
31450
-21849
-8455
4220
16280
29450
-17898
-8219
1234
6775
3453
-2196
-7295
-11406
-11657
-17771
-23988
-27965
30680
19940
11702
2049
-2960
-9392
-14831
-17752
-24435
-29824
-29387
-29391
-27125
-23767
-23337
-20468
-13137
-7473
-1728
-5477
-18418
-31160
22122
7781
-382
-10645
-18898
-19596
-13685
-1102
17169
-29703
-8911
14330
-30010
-13045
5920
18022
30852
-20876
-11529
-6613
5709
14419
10806
7226
-306
-13073
-23403
29501
12267
2633
-8238
-22632
30489
19645
10946
-40
-18558
-31293
21339
9878
226
-13954
-27836
31266
29588
29206
-32646
-24232
-14885
-1377
6413
19096
30424
-27236
-18108
-13126
-11767
-10967
-13105
-22779
-31452
26388
14345
6364
-997
-6607
-4455
2952
5348
17561
28663
-25087
-11901
-2377
2628
8942
16284
20531
25695
30455
26245
21749
16424
11210
6977
3830
1594
-2836
215
2434
703
103
-197
-7413
-10897
-14183
-23631
31360
21859
5095
-2718
-8575
-13666
-9689
-1550
5137
19490
25572
28833
-29456
-26633
-27904
-25437
-22607
-21396
-13088
1091
18083
-26032
-1459
23416
-19137
3508
22592
-31689
-21892
-16897
-20746
-27372
22583
-2813
-24102
22031
2776
-7494
-12511
-13045
-9905
-3805
8658
14112
23430
27170
26411
28541
22701
11940
-6121
-22876
21813
807
-21285
22903
4297
-11503
-23661
-28282
30000
27640
32210
-18147
-1736
17213
-27539
-8537
8664
23271
-29825
-17617
-8145
1027
11496
13877
12149
8855
2942
-4414
-12384
-19315
-29974
20993
6029
-9383
-23258
30874
21889
6272
-6563
-13379
-29982
23529
16597
8867
5694
10150
16839
21036
31369
-27721
-16471
-1968
11992
27159
-23436
-2382
17208
-29291
-11342
3615
14199
25262
-30096
-27882
-26181
-28928
-27605
-28515
26111
19565
10290
-2165
-7537
-19122
-31944
23780
15595
7168
5024
7964
13186
24630
-24141
-6760
10726
28741
-31790
-30882
-32580
21793
11768
-2434
-19756
30442
13888
-1351
-14262
-26340
27524
16989
4663
-238
-2610
-8409
-2293
4538
10178
19620
28140
-31467
-27106
-28319
-31948
-26604
-24654
-16350
-7399
-5025
1318
13008
16912
19964
17385
8351
-3720
-15170
-28179
23611
5877
-13001
-27967
27662
19571
11099
9580
9992
7253
13536
20972
24571
-31024
-21461
-17987
-11313
-4771
-3771
818
14625
-30901
-14180
4286
19371
31317
-18868
-7880
-3863
-1114
3800
2492
-1045
-1042
-1483
2041
5388
7178
10169
15218
18803
20828
22258
21354
18438
10378
-76
-14980
-26958
31290
20095
18426
15412
12878
12128
13098
10630
10266
3181
-8298
-11035
-14073
-18613
-14458
-13564
-10615
-4087
1367
6115
13188
16219
20035
27045
32749
-21582
-10783
-11149
-10024
-8774
-11757
-13360
-14771
-16797
-18611
-16568
-15434
-15957
-15826
-20311
-25016
-31888
28364
23328
18934
14592
10279
3833
-3014
-12099
-14421
-21450
-29074
24639
10971
-3185
-19994
-32460
22737
11636
10965
16048
28941
-12405
18689
-10543
27734
7994
-19674
15184
-22569
-4361
585
-1395
-11088
-29284
18899
-807
-22514
29058
14668
1087
-7668
-13310
-18715
-16522
-13530
-18588
-22946
-26194
28688
18017
10245
-3728
-14064
-17112
-22612
-26358
-24455
-23683
-22746
-12970
-5691
-2960
2060
781
-4337
-9431
-17098
-28309
29765
19914
11759
8223
566
-6563
-10438
-15163
-20485
-18619
-16494
-14702
-10040
-7573
-7089
-1361
5635
11756
20846
-32490
-26501
-16716
-14105
-20468
-22091
-30528
28519
22482
15772
11278
6329
-1549
952
8242
15315
25940
-28167
-18912
-9340
1854
4764
13040
20455
20897
21390
19594
14353
8688
2500
-4367
-15626
-24140
30222
26495
21724
21061
22863
21990
23274
23475
26755
27737
31207
-28251
-25409
-18952
-14984
-8972
-7241
-10627
-17072
-21789
-31116
21659
10415
-206
-13163
-21591
-25634
-25916
-19697
-13177
-7777
-1504
2773
1064
464
2076
2952
8529
17694
26176
-28635
-15527
-8215
3582
12066
14586
17703
18601
16059
15066
10408
2861
-2329
-9744
-13367
-17298
-24691
-27892
-30780
29654
27247
21387
13487
8281
4851
308
-4246
-10681
-19961
-29382
22640
8509
-4955
-18942
-32022
19521
10429
11163
27431
-10298
21941
-10268
16684
-29195
-8911
7277
19210
27200
27870
26907
21824
16074
9462
4891
-719
-3737
-8945
-14678
-21824
-25732
-32650
23330
18402
18464
12691
10317
9558
10915
14174
16620
19146
16573
10316
4975
778
1220
5614
12315
20366
31169
-27433
-19311
-5410
1907
9119
14630
16818
18188
21654
19297
17747
18925
19917
19736
23488
29463
-32284
32212
29296
24178
16008
12087
6647
6181
8747
12141
16171
23015
31415
-27806
-26119
-27079
-30546
31737
28897
24500
20594
19285
17990
16343
15956
13880
13909
17724
23299
27881
-26497
-13848
-7862
-37
5874
7910
11675
10209
5873
1975
-3657
-12438
-12936
-18022
-28803
28726
17377
2999
-8747
-23248
26270
13579
4835
-3226
-6509
-7131
-7755
-2421
6810
19033
-32747
-21858
-16847
-15022
-12399
-16449
-25049
-31081
23952
16383
3703
-13469
31373
21140
13592
9907
21558
-27176
-14935
-4623
6517
17002
26954
-19669
646
21976
-22419
3491
25248
-22092
-12332
-11399
-10021
-12612
-17391
-22733
-32301
15202
-6166
-26948
11052
-13210
-28671
24354
15947
11274
6607
8569
24339
-30365
-21467
-7742
7132
20621
-25508
-3382
17812
-22283
229
15049
20568
22350
18677
11225
1680
-11136
-23386
29162
18687
11663
6727
494
-6733
-17107
-25448
29013
15889
3806
-5632
-16975
-22772
-24321
-27571
-29103
-29768
31775
-30219
-25183
-22454
-17555
-15283
-19789
-22288
-30070
25175
18965
12841
8740
8864
14998
21967
-31530
-20667
-7296
8886
25278
-23187
-6220
6528
14331
20858
22096
21582
15825
8147
4192
996
-4290
-8260
-12888
-16714
-21166
-25392
-32542
23994
15332
1542
-13441
-26436
24749
14970
5782
4511
3124
3661
3764
4642
4012
4233
4813
7685
10291
11256
11832
14100
12846
11750
16282
22103
28158
-27496
-20333
-14750
-7981
-5975
-8655
-9613
-12502
-16378
-12606
-6458
-4751
-4167
-3739
-8981
-10463
-14993
-24084
-32709
24451
18095
14550
12959
13018
14440
15967
17919
19299
18709
22103
31430
-26117
-14913
1644
16321
28851
-25175
-15387
-9425
-2050
-3551
-10518
-17033
-28357
22398
6881
-11949
29675
5781
-21083
16074
-9882
-30193
23655
16770
17285
20365
28122
-26267
-9886
8513
29247
-8834
21566
-16106
14982
-24248
3922
32300
-6068
14396
-30712
-24368
-26424
-30584
29151
14095
1432
-16286
26798
2998
-14043
-32639
21005
13002
2905
-5460
-9789
-18702
-31356
26682
20292
12055
9342
3646
299
-1403
-3376
-770
2601
4628
11059
21556
-31453
-19576
-7197
1624
6531
11989
12900
9545
6604
988
-5924
-10021
-11980
-16056
-13666
-7406
-4208
-1355
-3873
-8224
-14158
-22799
32323
17237
7700
-803
-10899
-20668
-23182
-14010
-3642
7981
23916
-27231
-10730
1340
14603
25494
-31076
-26154
-24723
-25356
-31755
27393
18701
8224
-4196
-15322
-28991
21320
8192
-8927
-24418
30796
19150
8780
6185
3462
-2710
-4751
-10306
-16124
-21433
-25180
-25092
-20201
-8937
9103
32131
-5969
24299
-10808
14540
-32258
-17083
-6783
-3653
-5600
-1525
5730
12503
18943
26752
-29635
-21364
-15337
-16336
-20815
-24155
-31591
23573
14844
5488
-5296
-13227
-26239
29454
20975
9212
1501
-5609
-11549
-17393
-25253
-30752
28023
22917
16018
7742
-1048
-9609
-16504
-23374
-26868
-28008
-21941
-12620
-1917
7128
15700
16711
14323
14225
10680
7743
13800
26199
-23805
-5910
10169
17431
16890
13249
7848
7140
12186
20204
31834
-20178
-13978
-9450
-2480
-1525
-6836
-10905
-14793
-22002
31546
16278
1690
-14662
-31905
17214
3567
-10543
-25759
27697
14837
7160
4981
6301
10492
20016
28993
-27906
-13918
2552
14644
24839
-30829
-21737
-11483
-6017
-8667
-9828
-18044
-29452
25688
19950
25876
-24832
-8583
5161
23502
-26664
-13229
960
8548
17672
25171
29828
-28693
-22924
-13019
-10403
-6805
-2631
-555
-115
1165
-464
-4550
-3530
-5399
-12073
-19008
30543
11641
-8477
32702
11154
-9395
31382
11379
10958
17204
23115
24141
11990
-2842
-11747
-28432
17506
-8596
20169
-9540
-25811
-24588
-7216
18582
-19666
15467
-12248
18877
-17782
4158
20026
-31964
-17713
-6735
-2531
371
4940
12073
21541
-32376
-23870
-18013
-18204
-25327
32126
24753
12073
558
-11275
-22893
32252
22734
12756
4485
-886
-1547
-1835
-1205
-1607
-4700
-12838
-22167
-29416
-29316
-25290
-20522
-12922
-6538
-1266
6453
13253
15981
20411
26629
31438
-27015
-19878
-16156
-13724
-11111
-13564
-18033
-21442
-27192
26140
16678
6497
-4161
-16230
-28634
23094
10073
-1645
-11136
-16518
-16835
-13541
-9082
-1276
7118
17019
25837
31483
-29384
-20206
-11108
-782
11550
20542
29278
-28154
-24500
-23973
-20056
-17484
-12138
-7054
-4959
-3633
-1969
-490
-2426
-1861
-5282
-9883
-12861
-11142
-7074
-2461
1589
2522
7
-2710
-12844
-24005
31641
25624
20948
22619
25845
-30525
-17121
-1657
16059
30796
-27543
-25446
-26229
-29659
32076
27061
16039
4326
-8040
-26312
17314
-713
-20204
29691
16965
5505
-2021
-8002
-13033
-18501
-22723
-27792
30525
27222
23247
25594
-30931
-20825
-6642
7761
23265
-30383
-17867
-5712
5290
15226
21353
27592
32111
30631
24441
13979
4395
-2619
-4160
-375
6683
12192
17126
20049
20486
17747
10865
4278
-2588
-11427
-21402
-28574
29573
23581
20064
17490
18684
20731
24654
28563
-31886
-25541
-20873
-16804
-11380
-6227
-2485
559
5872
12718
15782
16916
15662
12669
5933
163
-7450
-13523
-18839
-21334
-25353
-30140
31097
26089
21409
16481
10334
3060
-4456
-9784
-12700
-19470
-31392
27218
25351
31468
-22748
-11358
3074
19050
-28156
-10024
7114
24922
-26502
-15063
-672
9718
13864
22544
28702
-30996
-25565
-22918
-19411
-14635
-11050
-14601
-19441
-27494
27983
21351
16140
11669
10443
7682
2483
1008
1139
-3238
-5120
-7209
-10783
-13011
-15288
-17639
-19480
-19657
-22592
-30376
23477
8746
-5907
-17174
-19368
-21448
-20753
-19562
-23005
-28700
-31898
32411
32381
-29110
-23581
-13710
-827
12047
22543
28437
-31947
30572
28720
27711
24738
25758
28273
32503
-26567
-18481
-11831
-4434
5854
10358
12959
17622
16334
15106
18433
21272
23426
28485
31248
26418
21231
18249
15708
17724
23301
22161
20464
18114
11317
657
-7614
-18867
-32737
22824
13151
6038
1902
-703
-1900
-6248
-9204
-10558
-13673
-15810
-16023
-17231
-18399
-20204
-21168
-21698
-26741
-31500
28268
17341
9433
1824
-7106
-15124
-19638
-20935
-23458
-22062
-20027
-17915
-9365
-1334
4966
9385
9802
7426
4369
-280
-4494
-9088
-10474
-9716
-9471
-5290
398
5485
10447
15762
18632
18594
22617
32601
-21375
-12091
-5467
-2661
-2832
557
9822
19457
28582
-25630
-14493
-294
12149
21427
23903
22461
22073
17366
10000
4047
-3955
-12820
-22744
-31141
23835
12136
516
-10185
-21633
-31599
26884
20625
14452
9320
3171
-4543
-10873
-15651
-18841
-19715
-20322
-23066
-27127
-30166
-27196
-24374
-26762
-29015
-29861
-22864
-4646
22212
-16203
13225
-24435
478
24461
-25177
-12775
-4588
-780
1242
3149
1701
-1556
-2109
-7969
-18188
-30602
18918
4006
-6685
-16645
-25545
-28642
-31275
-30936
-30782
-31067
30903
31359
-31486
-30075
-26812
-25520
-23609
-20485
-17371
-17721
-16996
-17419
-23990
-28793
31833
21842
12037
3071
-9120
-20639
-30975
22572
9271
-1222
-11870
-21179
-25022
-26175
-26211
-21925
-19780
-16385
-16896
-20968
-25894
-28412
30374
24299
21041
26519
-32690
-28423
-24687
-20418
-17911
-14106
-10765
-2862
7133
20356
31525
-21212
-7482
4633
15802
26924
-29988
-23082
-17474
-12461
-9325
-9332
-9796
-13674
-17850
-21953
-27643
31212
25038
18354
8758
-1624
-4511
-3505
-310
2668
7747
16339
22906
29638
-27180
-17995
-7241
5566
14729
22713
29250
-30996
-26809
-21759
-17427
-17295
-20913
-29125
25648
13028
1230
-12609
-25950
29319
20057
11833
2508
-3721
-13239
-18546
-21752
-26653
-31415
29672
27208
26114
28382
-29071
-20223
-12926
-4807
5484
18567
31800
-20201
-8204
255
5249
8909
8468
2104
-9744
-30135
7844
-18896
18247
-2952
-17497
-24497
-27432
-27168
-22046
-14020
1757
26089
-12901
13656
-24082
4112
28982
-11565
4562
14898
26230
-31930
-29593
-24017
-18245
-18456
-21478
-24293
-30295
31472
28359
23471
20934
19551
16615
12655
5892
-6743
-16532
-30649
22937
14067
2585
-8266
-18206
-27538
-32731
29758
26434
22972
19055
13451
7820
1181
-2825
-7792
-8715
-7385
-2756
5911
15902
28179
-25081
-15247
-8410
-2584
-1918
-4323
-6872
-12413
-14982
-20522
-26896
-30502
31461
27525
25122
24267
22165
20205
16634
13004
8117
3902
3342
4621
8249
19558
-32064
-21219
-7821
4165
11874
20262
28721
-30300
-29187
-30467
29016
23062
19490
13922
7220
1330
-949
-3966
-5556
-5457
-8444
-12794
-20603
-27766
30139
23271
15861
9967
6166
969
-4088
-10084
-17271
-20901
-23560
-28237
-29916
-26859
-22667
-17248
-6917
110
6259
11565
11672
11492
10809
10232
11457
9924
8700
10195
14593
19229
27426
-31415
-25871
-22259
-17305
-12699
-9078
-6644
-6749
-7778
-13520
-17665
-23881
-32558
27623
18713
9293
2350
-7829
-19191
-29278
23654
10680
-1630
-15827
-27813
29099
26359
24125
21772
26839
29636
30302
27278
21467
17262
16340
17982
19022
21846
28814
-25254
-8195
8229
24178
-21524
-214
22853
-19306
1995
21602
-22753
-4803
14404
29597
-25114
-11680
2684
13105
21768
30248
-31465
-32458
-30975
-31956
32351
28415
25672
20040
11192
1623
-11922
-25912
19748
2461
-14490
-29262
24066
11669
-858
-12684
-21644
-31290
23962
13673
6028
904
-3544
-9819
-15054
-21942
-23211
-19795
-11746
2301
18590
31375
-20478
-4117
11177
24667
-26620
-10913
-1244
2739
-1969
-13318
-30028
17505
2086
-3622
-4913
-7144
-8775
-16967
-27128
31934
26770
25042
26671
28245
30896
-28653
-20986
-17097
-10784
-4260
-4342
-6541
-9091
-16494
-25221
-30953
30263
29813
32447
31511
29774
28984
24037
15189
3397
-9060
-19129
-25823
-29977
-27703
-20243
-14481
-9428
-6194
-6537
-9410
-9044
-4777
1046
4502
6511
6162
5752
9959
13363
16934
23693
31023
-26705
-17959
-11603
-8509
-6930
-3806
-3638
-5476
-7473
-11277
-12607
-15970
-20359
-26505
-30361
-32619
28839
26757
19607
8843
-3193
-18000
-32591
16294
16
-14121
-27715
28577
23876
23300
25233
30355
-29154
-22446
-12988
-5784
-177
2983
2180
3334
6879
13676
23612
31318
-26296
-19021
-15382
-14683
-15708
-18945
-22658
-28188
32734
27064
21899
16665
10428
5562
514
-4916
-8311
-10147
-11802
-12439
-12765
-11101
-12273
-16582
-20474
-25712
-32498
26985
23903
22756
24382
29198
-29585
-20957
-13057
-7469
-1546
442
-4288
-14382
-23411
-30474
30146
27148
27372
31605
-29819
-22779
-12509
-3471
5466
11437
12705
12992
15456
19963
23217
26180
28429
27436
27232
25651
22189
15536
8564
4100
2825
1566
94
-1082
-3853
-8685
-13425
-21163
-28044
32083
25364
24366
25351
26564
31291
-29640
-26259
-18050
-12561
-8783
-2966
1073
4652
8156
9978
12504
13358
12459
10903
8745
6622
4642
4238
3158
539
-5383
-12193
-20143
-27382
32667
23664
18844
21913
28256
-29816
-21750
-13515
-1319
7801
8775
11755
18416
25516
-28658
-14683
-3463
5479
14556
21686
26191
-32762
-25322
-15421
-6130
1414
10908
21438
31001
-24867
-14223
-4153
5500
12399
16519
19990
19642
18131
14153
11327
9259
8598
3934
537
-1597
-3833
-7224
-11834
-17332
-23707
-30097
28852
21634
14747
8296
1111
-6542
-13925
-20898
-27739
32022
26367
21853
18659
14786
7778
1507
-3875
-10739
-16758
-22491
-26517
-25576
-23106
-18546
-14681
-7421
-984
4794
12480
18515
24851
30836
-29947
-24677
-20616
-15473
-14424
-16703
-16913
-17982
-20437
-22383
-23190
-23638
-25007
-29139
-32085
29992
23453
16594
9592
1303
-10893
-24339
25247
7406
-10503
-27540
20701
6465
-6326
-17266
-24000
-27842
-26722
-22463
-12622
2223
16283
31224
-18492
-1397
16437
-30563
-13464
4182
20024
31817
-23301
-14374
-7109
-958
4766
8462
10869
12714
11806
9239
6831
4671
154
-7404
-17371
-28965
25444
12711
-1095
-13433
-24186
30216
22368
17144
14278
15063
18504
23423
28194
29900
30836
26716
20810
15371
10674
5963
2529
1327
-528
387
2506
5735
11207
16112
20953
24429
29196
-29100
-24084
-20480
-18411
-17856
-18509
-19219
-21902
-26113
-29647
31971
31470
31597
28373
25222
21519
17934
14212
8404
1569
-4370
-8225
-11249
-8520
-2963
887
5128
10193
13793
18736
25032
30631
-28470
-20196
-13399
-8713
-4338
-1280
3735
7034
7293
5316
600
-4831
-7289
-9587
-13143
-18017
-21671
-26059
-26873
-25296
-22940
-18734
-13738
-8145
-4370
-1121
5629
14069
19947
25963
30689
-29746
-27401
-26379
-24748
-22586
-20385
-19868
-23671
-26076
-29473
-32256
30039
25286
19373
13713
8935
5050
2939
1192
-1188
-252
-1177
-3148
-4203
-6155
-8820
-12456
-15741
-18062
-18571
-22096
-22603
-20626
-17732
-13671
-7239
-709
7062
15827
23798
30283
-31032
-28454
-27804
-30229
31861
28553
24970
20386
15836
9616
4528
-606
-7432
-13537
-18573
-22523
-24027
-24500
-26129
-27345
-26652
-29206
-31752
-31851
31867
32205
29863
25714
23736
21341
17891
16003
16088
16030
16510
18996
27092
-31759
-27275
-22795
-19886
-17832
-17988
-16430
-16234
-15306
-15285
-13248
-9291
-6060
-3532
-653
-1205
-1472
-663
-2571
-7853
-12591
-20059
-26393
32420
24133
16381
10545
3425
-3401
-8043
-10439
-11482
-8982
-4527
194
7111
14652
22571
27237
29226
27329
22324
20493
20394
17898
14304
9879
7301
4247
3003
110
-912
-3081
-7150
-7903
-5328
-1285
1735
3014
8336
16652
21456
24807
31010
-27345
-23820
-19217
-15049
-14087
-11642
-10916
-14273
-15317
-18315
-22634
-27560
-31192
32168
28445
23624
19419
15366
13905
15700
16674
18049
25631
-31266
-23958
-15504
-6885
1408
9748
17711
22788
23753
22066
18214
12512
9785
9572
9446
10137
12680
14171
15379
17349
18132
18938
16257
11710
5380
-1950
-8120
-13266
-17109
-21847
-25132
-27937
-32225
27650
24182
22509
24059
26260
29405
32534
-28139
-21849
-16703
-11972
-6239
-2028
259
2793
4150
2375
-128
-1870
-3763
-5820
-8734
-11102
-13974
-15430
-17002
-19798
-21289
-21434
-22319
-24862
-27954
-28728
-28383
-28087
-27131
-23376
-18801
-13991
-11721
-11573
-15836
-21491
-26116
-32014
29541
26792
29165
-28864
-19457
-9716
-500
8345
14565
21282
27164
-29552
-17059
-4899
6992
15280
19062
18722
14395
11293
7454
1516
-5898
-14063
-22651
-31908
24033
14397
6244
-2752
-10637
-19617
-26247
-31388
29807
28363
27901
29574
29564
30233
31009
31117
29105
24375
20516
15052
9548
5832
4807
4166
1534
-2731
-4940
-5322
-6274
-9339
-12516
-13654
-13631
-14794
-14043
-8877
-2058
5689
15086
19761
22765
24437
25526
29353
-31294
-27700
-22355
-18147
-13175
-9813
-4775
-2043
-1651
-336
-59
2088
2120
1107
2249
3042
3313
6621
10259
9720
8001
4861
-2574
-11093
-17807
-22238
-26397
-28111
-26856
-25156
-21808
-17101
-15705
-15078
-14815
-15117
-15361
-11951
-8367
-5274
-5668
-7290
-4939
-1117
2439
7955
14451
16863
20915
24012
23656
23273
18914
14578
11922
8691
7591
10418
18736
27521
-31832
-26275
-22271
-20791
-19133
-16844
-14205
-13402
-14720
-16741
-17973
-18368
-18648
-19977
-19803
-20078
-20465
-22040
-25310
-29869
-30325
-26067
-22584
-18815
-13773
-8490
-4364
-1504
3197
5422
6762
11487
15547
22342
30731
-26867
-21693
-19017
-20049
-25423
-32210
631
151
598
873
1570
2456
3347
3207
1599
1722
2878
4172
3701
1923
1137
262
1239
2107
1375
1896
3299
3128
2709
2086
2064
2518
1912
2427
1454
1008
547
561
379
530
1483
-72
-1256
-307
-1037
-976
-202
787
819
-217
265
148
-1033
-1153
-836
-1410
-2793
-1920
-1338
-1183
-1616
-1818
-2104
-2184
-1372
-76
-410
-103
701
23
-1702
-2070
-2783
-2506
-2021
-1922
-2196
-1738
-430
-1119
-991
-432
-601
-1968
-2572
-2674
-2495
-236
203
-1032
-505
-7
562
-453
-1614
-1838
-1005
-262
397
315
-483
-120
-1615
-3152
-2842
-2394
-2764
-2940
-3378
-2355
-1618
-1480
-1117
-2145
-3875
-3700
-2708
-4519
-5322
-5622
-5377
-4808
-5163
-4234
-1808
-1387
-2426
-4275
-2754
-1838
-1702
-879
-910
-1121
-868
-742
-959
-57
-281
-1567
-1316
-2759
-3490
-1488
-315
660
-1365
-2008
389
1529
948
-308
-12
-1101
-845
323
-806
-997
-556
-209
395
758
-1262
-2183
-2194
-1546
-1693
-1476
-2743
-1846
-642
-1146
753
-628
-2254
-2579
-1409
-1831
-2101
-1301
-487
-601
-831
1090
422
791
-652
-545
-340
-3235
-3432
-2979
-3285
-3564
-3069
-2772
-3956
-3088
-2842
-3823
-2985
-2713
-4311
-4259
-3193
-4257
-2878
-3283
-4023
-5530
-5555
-4179
-4650
-3951
-3656
-2538
-2553
-2622
-1395
-941
-1566
-2297
-3996
-4088
-3366
-3563
-4663
-4477
-2982
-2979
-2182
-1670
-902
461
195
-864
370
839
394
-864
-1596
-965
-655
-1150
-987
-746
268
-145
-27
407
1057
452
-1075
-1886
-1043
-1778
-2241
-870
-688
744
-180
-1592
-1584
-2632
-3382
-3575
-3293
-4202
-4687
-4607
-3421
-2432
-3695
-4072
-2064
-2803
-3439
-1408
-876
-1771
-2826
-1997
-3037
-3063
-3303
-3998
-3144
-2421
-2110
-3300
-3142
-3613
-2535
-3637
-5210
-4920
-3783
-4395
-3340
-2790
-3989
-2800
-3353
-2728
-1696
-2064
-2897
-3068
-2369
-3285
-4045
-4231
-3366
-1150
-869
-839
-92
-469
31
-1114
-1908
-1101
-385
-1169
-1131
455
1148
60
528
665
350
-1929
-2761
-1575
133
-679
-1551
-800
-1047
-1989
-1823
-570
666
-5
-1547
-35
-550
-1159
-1900
-2862
-2768
-2260
-1393
-517
-301
-54
-4
-347
-620
1053
455
-490
-252
-310
-435
-4
-1857
-3732
-2879
-2955
-3118
-3238
-1033
-47
-521
-974
-234
-697
-1665
-1040
251
-550
-2269
-3368
-2458
-1608
-472
-1800
-2122
-857
-1061
-1132
-1310
-1411
-1432
-2136
-1986
-1220
-1454
-3168
-3644
-1713
-1681
-1215
-1629
-1042
-831
-1353
-1451
-1633
-2656
-3231
-1924
-477
-362
-1685
-2505
-95
172
-1404
-2704
-1727
-747
-2082
-2370
-1846
-2197
-4038
-4264
-3127
-2880
-3604
-4165
-2023
-1382
-1930
-2465
-3004
-1854
-1262
-1894
-1675
-1564
-1040
-2181
-3088
-1439
-948
-2065
-2441
-2051
-1673
-2553
-1166
-373
-2196
-2845
-1661
-1455
-1433
-1046
-1015
-1186
-1640
-2101
-724
-1138
-732
848
736
735
1096
951
993
1227
832
620
1076
163
-907
-1593
-327
538
-295
-1507
-907
-942
-200
844
-614
-1131
-1345
-1844
-2690
-2044
-1368
-463
258
208
2093
2387
1491
386
852
292
-969
-704
-436
248
-317
-165
1112
1737
1407
881
-507
-1432
-1615
-1492
-1942
-1497
-2502
-2879
-3146
-2986
-1538
-683
266
-952
-963
243
780
303
-265
-287
-1513
-1963
-1665
-1318
-842
-2203
-1954
-2838
-1779
224
-653
-168
-859
-88
653
-28
1136
275
-254
-196
256
604
472
517
805
1006
446
-651
28
601
1616
2256
2096
2804
1545
391
941
1268
1705
1433
908
1322
992
1767
860
1049
502
-603
-2327
-1812
-1671
-1827
-1671
-2290
-2442
-2350
-2440
-2275
-432
-100
323
-121
1094
-581
584
1487
-680
-3123
-1807
-390
-779
-1740
-1248
-212
-1591
-2336
-985
-1104
-1104
1173
933
409
-345
-790
-2082
-1689
-550
-1297
-1229
-2806
-2640
-672
83
1416
-83
143
559
1321
1770
1400
1596
871
556
-37
1323
1961
2230
1262
1124
1329
1406
631
151
598
873
1570
2456
3347
3207
1599
1722
2878
4172
3701
1923
1137
262
1239
2107
1375
1896
3299
3128
2709
2086
2064
2518
1912
2427
1454
1008
547
561
379
530
1483
-72
-1256
-307
-1037
-976
-202
787
819
-217
265
148
-1033
-1153
-836
-1410
-2793
-1920
-1338
-1183
-1616
-1818
-2104
-2184
-1372
-76
-410
-103
701
23
1360
2055
1826
926
816
1763
1437
1228
569
-744
-1657
-594
1417
-9
-1971
-1996
-1014
30
590
1249
421
-703
168
603
1196
832
-276
3
1139
1145
1348
-260
-645
473
765
1931
2004
540
-620
-1462
-1202
-474
817
432
-528
-1098
-267
-58
492
1033
1304
1375
1157
370
927
744
781
-51
126
1535
1989
1058
1042
1598
2192
1983
2623
3413
3690
2165
2412
2232
775
1493
2070
1884
2728
1853
805
-651
71
1425
1499
675
675
1734
2616
2830
2713
2625
2458
1943
2641
1695
2151
3086
2022
1983
2183
2548
2095
894
54
-384
253
2343
3371
3491
4033
3788
3430
3023
2313
1456
-1058
-2427
-1670
-1576
-2028
-1904
-754
-720
-673
1075
2348
2314
749
240
307
60
-1477
-1901
-1625
-1754
-1187
-781
-605
45
-92
-1224
-464
1019
276
1034
1494
174
-155
1243
1524
88
-562
-892
-721
-1052
-1488
-8
1423
246
2149
3045
1267
963
1419
2105
2699
1777
-282
9
3113
2518
1623
828
1404
3333
3706
2551
1803
808
413
696
2129
2354
1944
1735
3161
2935
1780
2062
2030
2492
2134
2711
1164
1780
3174
2734
3079
2623
1048
1434
1606
1449
1528
1005
1333
1580
1211
1063
3002
3224
934
-1015
-328
-229
77
535
-45
-301
-909
-633
170
2173
2566
745
1152
743
1399
1036
-45
-1131
708
1512
2179
3083
2029
1613
2674
2167
2793
2737
1909
1802
2969
2945
2145
1438
1005
957
1203
1230
1662
2062
1229
1381
558
200
-483
204
-49
571
378
249
1288
2224
2367
419
142
976
171
611
1175
2030
321
-15
-404
-373
-401
-364
850
1005
2139
3033
1626
1966
1158
432
-320
-177
250
-194
164
496
916
577
742
1133
555
627
142
-305
-41
-1397
-2258
230
204
852
1550
1340
1461
2725
1937
2258
4290
4550
4137
3595
1996
3189
3486
2649
4104
2911
2210
1188
1123
926
1930
2452
1617
1855
2642
3260
3716
4082
4575
2824
2004
3463
3690
2945
2225
2033
3440
3807
3133
2372
1060
958
754
1115
1424
1462
1148
2620
2503
2799
1303
1338
1595
804
1005
471
-811
-869
-198
966
580
257
1097
-191
-1070
-1202
-498
-458
-1954
-1625
-599
-721
-1639
-1487
-1159
365
375
-194
555
-1254
-679
628
-355
-337
-971
-1897
-2938
-3363
-1428
-221
1202
833
-896
-1793
-221
1072
1963
1477
1541
243
329
2197
3603
3747
750
2996
4892
3350
3433
2619
1955
2201
2525
2817
2688
2292
2574
2710
3052
2040
1386
2921
2153
1832
1688
2499
4205
2372
2276
2601
2970
2967
2539
2604
1490
65
497
2907
2712
-12
31
-1217
680
793
-1118
-428
422
735
1737
1294
658
813
-77
-129
66
-397
-369
-199
317
1538
945
316
637
32
-422
-614
-1595
-150
1586
1720
-880
-1266
-210
459
2442
2421
899
913
1357
690
-191
-410
-541
-2178
-3204
-1461
-254
-795
-719
-634
169
2178
3490
3621
3323
3103
3199
3068
3081
3424
2200
-19
834
2456
2104
2295
2698
1887
1233
1363
399
172
2047
2753
2347
2501
2065
2500
2430
1693
3275
4005
1819
1132
1389
1000
2169
222
212
455
-607
-3
634
879
1111
-275
133
280
-502
-1084
-1026
658
1320
1501
1372
955
667
362
700
1892
1922
1764
2919
2880
2175
2523
3606
1905
3030
2707
2432
2951
2686
3899
2358
1018
511
127
-444
-2911
-1465
-1577
-1670
-1331
-1697
-2303
-509
143
-562
164
-36
233
307
136
6
-351
253
455
1345
2026
2175
2398
2878
1526
-283
370
217
1011
1619
833
599
-35
742
1982
1657
2432
2253
1443
844
1250
1114
-397
51
771
1245
1075
89
2195
3208
2943
3787
3694
3656
3555
2266
2217
3122
3512
2642
1852
1640
1146
825
2318
2282
1903
1040
1943
2574
1938
2239
1082
2030
1461
1274
2814
2146
922
415
679
-254
1081
1467
1217
546
801
1040
888
961
1554
1721
2053
310
-32
737
201
347
316
-401
-2801
-3740
-2519
-3005
-2930
-3304
-4491
-3389
-1661
-2255
-2094
-2126
-1509
-922
-544
-7
-2103
-3114
-2814
-2324
-3258
-3684
-1068
31
110
1235
2579
2677
2896
3186
1953
2181
1073
699
1533
1570
1230
2019
2660
3054
2019
1313
1501
1721
1989
3042
3385
3047
2960
3510
3747
5193
5523
4101
2746
2083
3011
4223
4425
2046
1627
2788
2285
3067
2366
1706
2220
1233
355
1904
1719
1091
1899
2071
3006
3973
2655
1103
274
970
639
-31
1041
523
586
-395
-82
495
2047
899
-573
-1045
161
594
-949
-218
-1321
-2366
-2758
-3375
-3935
-3947
-3936
-3959
-1260
-947
-878
347
-409
-2331
-1249
433
-862
-1999
-3237
-3916
-3665
-2811
-995
546
-902
-2176
-644
-56
-1387
-1873
-1477
-701
270
828
1078
1487
1283
3043
3416
1243
-707
252
1153
-3
-235
1093
1931
2037
1859
2935
4694
4870
4251
2921
1348
1843
3147
2290
1785
781
1427
1007
1732
-846
-1364
-876
302
25
626
1323
706
1255
608
122
378
-541
-1777
-1121
-166
-751
-1442
-1445
-130
184
-881
-127
-154
-3
-787
-1404
-1458
-1657
-846
-1389
-1548
-1241
-1992
-2525
-3478
-2665
-1286
-552
-656
-1650
-1640
58
961
357
1000
171
1049
1636
813
1121
1350
149
-37
-891
-1496
-820
-535
-859
-1440
574
670
1907
2366
1192
142
-344
1107
527
-688
-115
-262
-932
303
339
-108
297
787
1043
2239
2445
1814
869
469
1642
2732
1817
926
1894
1591
863
1379
-66
-975
-963
-2325
-4073
-4386
-3761
-2935
-2420
-2410
-2661
-1631
-1725
-1632
-1496
-1726
-3479
-2757
-2141
-2664
-2470
-3985
-6220
-4980
-4044
-3796
-3782
-4043
-4344
-2620
-2619
-1865
-1476
-2500
-1427
-1183
-593
-1345
-2178
-1717
-1948
-2285
-969
-1058
-1076
-957
-1085
457
1341
1363
491
221
1108
1171
1512
519
606
759
872
251
-809
186
371
-1856
-2210
-922
522
1303
5
-645
198
-459
-480
1046
593
-587
-1008
-3132
-2787
-1728
-481
-989
-2203
-2725
-2608
-693
565
1074
851
300
-784
-388
-735
-767
146
-39
-319
-1229
-628
1542
1201
621
2317
386
-954
-1078
-1050
-2507
-3701
-3112
-2449
-4037
-2757
-723
-583
-2642
-2602
-793
-1501
-1994
-3127
-3628
-4017
-3775
-3928
-4420
-2942
-3466
-3648
-3059
-3750
-4307
-4321
-3857
-2922
-2915
-2608
-3129
-4029
-4071
-4776
-5385
-5646
-5638
-6018
-5725
-6831
-6589
-5377
-5167
-4084
-3174
-3903
-4799
-6139
-4881
-3426
-4003
-4763
-4097
-4994
-4979
-5009
-5102
-4176
-5093
-4665
-5001
-4748
-3590
-3398
-3175
-3925
-2512
-1686
-1629
-2656
-3263
-5279
-4747
-4385
-5685
-7201
-7847
-5402
-1888
-1629
-44
475
-2029
-2396
-2624
-2739
-3627
-3150
-3634
-3462
-4122
-2881
-2149
-2311
-1970
-550
1106
2132
3149
1132
13
-129
-674
-1350
-1026
-2031
-1578
-759
-811
-1124
-2625
-1632
-1235
-1966
-992
-359
-1060
-1248
-1290
-692
-1469
-2411
-2898
-1735
-559
-842
-592
-225
-378
-644
-879
-2158
-1745
-3754
-3265
-2680
-2296
392
-620
-1461
-852
-768
-1381
-1429
-1162
-1283
-3055
-3880
-1766
-2116
-4584
-5800
-4956
-3254
-3061
-2978
-3235
-3104
-3834
-3338
-3375
-2015
-828
-1954
-2250
-1742
-1809
-2838
-4117
-3590
-550
-732
-2237
-4300
-3923
-3854
-3526
-2841
-2908
-2751
-3481
-2642
-2439
-1805
-1762
-3923
-3636
-3328
-3338
-6261
-6565
-5620
-5420
-4131
-3477
-2396
-2638
-2313
-2458
-3155
-3495
-3802
-3523
-4118
-4474
-2864
-2982
-3622
-3382
-4554
-5006
-6443
-5060
-3889
-4279
-3286
-4069
-4711
-4237
-3892
-4141
-4606
-5145
-4943
-5497
-4928
-5145
-4065
-3123
-2427
-2317
-2431
-1953
-2238
-1146
-1333
112
-1705
-1339
-347
-194
123
-1289
-2301
-2312
-1625
-605
-896
-2742
-2308
-597
-228
27
-72
-1867
-2137
-738
335
-969
-3222
-2356
-1242
-1391
-1028
392
1655
339
-261
-206
949
137
-1920
-3078
-2736
-2372
-972
-1292
53
-509
-2165
-3294
-4973
-4058
-2698
-4183
-3136
-3399
-4684
-4883
-5018
-4754
-5056
-6092
-5598
-4990
-7728
-8644
-8157
-7783
-8271
-7371
-6851
-6719
-6229
-5873
-6844
-6567
-6307
-7889
-6860
-5626
-5472
-6353
-6776
-5352
-6528
-7129
-5724
-6308
-5767
-5107
-5200
-5944
-5904
-4876
-4614
-3930
-4687
-4575
-4678
-4224
-4978
-6204
-4100
-2063
-1570
-2665
-1733
-978
-840
-1131
-565
-611
-1169
-1238
-2206
-1928
-2035
-1841
-2427
-4451
-2900
-2584
-2659
-1919
-2047
-1027
-1081
801
-182
-1926
-1353
-461
548
706
-1694
-3631
-2136
-767
929
-788
-2125
-2709
-3191
-2070
-2569
-4412
-5714
-6552
-7173
-5760
-3652
-2549
-3054
-3536
-2777
-2415
-2843
-2732
-2791
-4019
-3053
-2479
-3779
-2630
-3238
-4529
-4648
-3866
-4225
-3962
-4490
-2281
-1466
-3253
-1138
-1444
-1761
-2155
-2068
-2968
-2948
-2986
-3083
-2731
-2052
-984
-1495
-1675
-2108
-1412
-782
-390
9
-268
-997
-683
-1272
1057
2426
426
-326
-310
-458
-2096
-3113
-2925
-2763
-2652
-2720
-2206
-1778
-3397
-3881
-3512
-2578
-2637
-3378
-3542
-3185
-2043
-2219
-2007
-3100
-3002
-2469
-2848
-2514
-2411
-3184
-4591
-4084
-3469
-3433
-3072
-3778
-3539
-2347
-1269
-2320
-2907
-4956
-5186
-4249
-3299
-2816
-2694
-3820
-5276
-5524
-7802
-9696
-10596
-9697
-8986
-8122
-7386
-6441
-4979
-4329
-3933
-4911
-4750
-4212
-5315
-5364
-5895
-6173
-6271
-5507
-4981
-4955
-4805
-5487
-5042
-4630
-4707
-4318
-4379
-3160
-3133
-3153
-3236
-4122
-3726
-4593
-4462
-3316
-3784
-4046
-2852
-1259
114
-544
11
-555
-2033
-1253
-1983
-2078
-1000
-1487
-2600
-1626
-1004
-996
-1731
-488
152
-420
-1445
-1328
-1100
-930
-423
-429
-139
898
840
-198
-1979
-2487
-416
-1378
-2503
-1601
394
-1472
-2930
-1787
-553
-427
-649
-87
-1224
-1543
-1141
-199
1463
973
-1212
-3004
-4413
-4769
-5299
-4711
-4353
-5773
-4909
-2943
-3021
-4002
-4363
-4066
-4508
-4072
-3497
-5051
-5582
-5395
-6082
-7286
-6817
-4919
-4865
-4662
-5273
-4571
-4949
-5685
-5174
-4515
-5210
-4621
-4435
-5200
-3692
-3485
-5181
-5068
-4707
-4398
-3670
-4379
-3945
-3514
-1662
-4043
-7156
-5677
-4899
-6391
-5523
-5296
-6042
-5914
-4328
-2785
-2621
-2808
-3584
-3951
-3403
-3020
-2644
-2641
-1585
-1180
-216
-92
-1083
-1202
-85
419
383
-540
-2038
-864
523
479
153
-342
-837
-975
524
1316
507
-373
-1657
-778
77
-598
-771
-462
-1660
-712
-545
-909
-2099
-2591
-2836
-2917
-2744
-1793
-884
-1814
-1678
-2215
-2206
-3028
-4133
-5458
-5254
-4510
-4262
-3381
-4491
-5891
-3789
-4127
-5509
-4967
-4868
-6206
-7551
-7061
-6912
-7567
-6878
-6043
-5815
-6310
-5219
-5910
-6940
-6344
-6237
-5228
-3808
-3372
-4408
-4092
-3658
-4268
-4096
-3291
-4315
-4521
-5789
-5965
-4662
-3264
-3299
-4884
-4458
-4800
-4159
-5604
-5046
-5227
-4604
-4182
-4237
-4249
-4600
-4487
-2945
-2540
-3144
-3071
-3549
-3834
-3316
-2202
-2469
-2401
-775
690
1179
-518
-1170
-908
-1633
-1444
-1961
-2377
-1751
-1295
-2921
-2252
-2544
-2140
-2145
-2578
-3506
-3662
-4165
-4416
-4477
-5013
-5393
-6636
-7009
-5384
-5362
-5060
-3832
-4350
-4618
-5198
-4320
-4806
-5748
-2898
-1517
-2806
-3719
-4136
-4591
-4009
-4648
-6839
-6391
-5868
-5953
-7122
-5301
-3825
-3353
-4333
-3558
-1038
-1208
-710
-887
-667
-1660
-2447
-2831
-3045
-1628
-1597
-804
-456
-259
1820
2109
1548
1358
1398
1148
703
19
602
-795
-817
99
-1334
-1438
-1613
-194
223
-52
971
827
-598
-1040
-214
43
395
382
-725
-2009
-1904
-1395
-1599
-1574
-589
-1212
-699
-792
68
-1555
-3126
-1927
-2647
-1765
-1907
-29
384
-784
-419
-807
-2126
-3130
-4005
-5277
-5400
-4518
-4689
-4478
-2992
-2767
-3635
-4147
-4601
-4520
-3250
-5305
-6139
-4597
-5864
-5693
-4806
-3859
-3035
-3263
-3560
-2221
-1302
-3698
-3808
-3171
-2261
-2648
-2263
-1271
-2165
-1390
-1314
-2477
-1217
-3109
-5667
-5430
-4723
-3390
-3373
-2997
-2104
-1393
-43
397
159
-1314
-2405
-3008
-3004
-1525
-628
-1157
-1534
-372
289
-1486
-2531
-1649
-523
-1706
-3545
-3422
-2553
-1623
-2138
-2494
-1339
-1168
-3326
-4210
-2311
-2143
-2845
-2548
-2204
-2064
-3133
-4233
-3621
-1789
-2114
-2001
-666
-719
-1188
-1329
-302
-648
-2045
-1837
-1190
-2998
-3062
-3626
-3797
-3960
-3654
-2563
-1462
-915
-1231
-971
-1114
-644
-367
541
610
-906
-1198
-1256
-1250
-2947
-4310
-4162
-3342
-3317
-3556
-1270
-2014
-3710
-2947
-2005
-1013
-1203
-1762
-881
-2208
-2998
-2566
-1359
-1884
-2400
-3190
-3473
-3423
-2308
-1373
-1084
-2111
-3128
-2981
-1610
-515
-1055
-1465
-1474
-2117
-1383
-158
142
-1107
-2971
-2850
-1865
-1888
-648
-241
59
-964
652
715
-398
-1314
-936
-463
-2853
-3325
-2463
-2930
-1822
-959
-2457
-3948
-2653
-1908
-1962
-2006
-2387
-2226
-2177
-2624
-1286
-1056
-2797
-1814
-1292
-2334
-2325
-1255
-112
1483
1058
471
578
-735
-254
623
-1028
243
701
1752
752
432
921
610
122
22
1535
1866
1604
1254
2714
1458
2511
1631
315
-146
-228
207
382
2097
2079
986
315
55
-1335
-2406
-2965
-2812
-1945
-639
-875
-46
345
1851
1653
493
1577
2958
2369
803
2091
1066
1709
3212
2926
1208
464
1119
1773
2262
1887
1822
1809
595
-245
-74
-1423
-1910
-1511
-1898
-2443
-2172
-914
-601
300
236
-2168
-2729
-1344
-2582
-2664
-2160
-3898
-3997
-2769
-3330
-4255
-4987
-4773
-4861
-4302
-5215
-4020
-3247
-3600
-4565
-4464
-3668
-3150
-3004
-3651
-4269
-4014
-1716
-1632
-2329
-3796
-4035
-4214
-2828
-2730
-1658
-1527
-1272
-1571
-985
1069
539
213
-1104
-2207
-1469
-978
-1279
-2660
-2792
-3945
-4203
-2136
-3158
-3954
-3349
-2384
-1266
-695
589
889
-106
-1400
-831
-1188
-2066
-860
609
1090
1037
1761
2124
1825
2648
3459
2725
2681
2016
1904
3248
3300
1934
3289
4216
3160
1474
2386
3923
3448
3235
2816
2417
1268
1284
749
-489
41
357
-377
-531
-68
12
-114
-1469
-2985
-3137
-1062
-715
-2691
-1560
-539
-142
-1635
-394
-1454
-2879
-2202
-2517
-2054
-3561
-3770
-4272
-4323
-3418
-3705
-4503
-4116
-1506
-2096
-2800
-3273
-2689
-2309
-3153
-3666
-4462
-3472
-2189
-1269
-75
-2108
-2785
-218
-238
-1087
-203
860
-597
-437
1455
2702
2351
736
916
2000
658
1289
2403
1937
1895
739
662
2025
1537
-931
-229
-84
981
-161
525
1908
2895
4441
4620
4241
3656
4092
4778
4753
2588
1225
539
814
1313
1492
1475
994
1838
1975
367
954
2258
2724
2781
929
-1952
-2016
304
961
-844
-2527
-3306
-3092
-2138
-2250
-1388
-1205
-1598
-1603
-2598
-2367
-750
-1771
-4532
-4222
-3951
-4334
-5149
-6019
-5033
-3477
-2597
-2076
-1180
-1037
-1023
844
242
593
-411
-1364
-2198
-2130
-1617
-178
1319
431
-132
-551
296
1245
2465
774
-2670
-2475
-19
1036
991
95
56
1402
1878
1699
2839
2831
1714
3074
2919
752
68
980
2076
1818
2337
750
1079
2926
3486
3105
2751
1016
-269
-1561
-592
-1328
-3120
-2514
-1755
-1819
-2081
-1467
-1248
-1841
-2330
-1783
198
-618
536
1096
1074
1116
589
409
-1130
-1943
-1922
-2116
-2895
-635
-993
-535
-1311
-2137
-2872
-2625
-1815
-1870
-2277
-2981
-3914
-3812
-5148
-2918
-2781
-4314
-4407
-4415
-2520
-1951
-2559
-2428
-3727
-3952
-2596
-1497
-1708
-1671
-546
123
-420
-1947
-2018
42
221
309
-879
-1656
1436
1728
1954
2070
52
-265
350
1773
2489
1211
107
124
522
867
-26
-501
748
663
741
978
1006
969
1184
1680
2976
2547
2116
1873
3077
3973
3594
2719
-67
1676
2484
2062
2461
2292
2816
2184
1836
1591
2648
3432
2421
2426
3137
1383
-386
-81
344
-737
-683
-709
11
1042
-580
-527
-298
-438
-700
-608
297
1222
423
12
682
714
-458
-1238
-131
428
-508
-1201
-1454
-1494
-2468
-1683
-884
-896
-2244
-2357
-2789
-3335
-3312
-3830
-4249
-5180
-4772
-3316
-3331
-3533
-3504
-1805
570
-1406
-2016
-482
-472
-1962
-1303
-2067
-2722
-3861
-4127
-4218
-3267
-3429
-1888
-522
1376
936
1165
1075
387
1790
2566
2137
2548
3101
3525
2877
2288
3341
2484
1838
1457
1749
725
1695
2690
1906
629
1706
3616
3273
2241
1496
1411
632
-43
978
731
845
187
-1186
-1166
1289
2633
1525
764
1300
1045
-180
-673
-1408
-1524
-1735
-765
515
-2307
-1896
-300
98
-861
-1783
-1683
-2653
-2135
-2299
-3042
-1849
-2219
311
-168
-185
772
118
-749
-540
-756
-2666
-3438
-3427
-2507
-3007
-3462
-2702
-2293
-1404
-1017
-1618
-2828
-1895
-2874
-4379
-3786
-3865
-4770
-5837
-5871
-4343
-3995
-4552
-3787
-3225
-3777
-1817
-1424
-1448
-1074
-368
-50
-4
489
1045
1544
1605
2550
3786
2520
2201
2647
3764
4041
5593
4187
3291
3913
2080
2987
2445
1689
1898
2278
2368
1563
214
979
1728
1456
678
-231
-860
-549
183
773
133
-798
-296
-592
572
1253
1861
565
-90
-254
-772
-245
-774
-693
-672
-1220
-798
-670
91
1192
263
127
370
-455
-1349
-1037
-1461
-2138
-2217
-951
-183
174
147
118
225
-118
2267
2736
1429
766
-236
1395
883
1242
1513
1044
723
1147
695
-525
-268
113
-1313
-1209
340
1730
2188
819
838
521
-460
470
397
1422
1156
634
728
1003
2979
3393
3272
4058
3564
2837
2737
4034
4304
2464
2732
3471
3227
2581
2054
2361
2780
2721
1982
1033
1741
3860
4411
4044
2407
2197
620
-776
-2639
-2727
-2482
-1471
-1028
-2251
-1631
667
1569
2429
1008
-679
-371
562
724
1205
1734
9
-1146
-1115
-964
-50
-101
536
-902
-942
255
732
355
-503
-254
-256
-109
-75
1197
2076
949
-278
-732
-541
-621
-1599
-1961
-1853
-1067
489
-44
1238
1318
1127
1908
2146
2749
2892
931
-1591
-1510
-398
-1286
-465
812
1030
1670
2372
2398
3058
1744
-253
-696
-701
-979
-1383
-2053
-1591
-620
-803
1029
2066
514
-728
-1362
-359
449
-747
-174
576
1391
1782
1507
1258
1874
2226
3284
2377
2032
2243
2016
1846
962
517
-89
1287
1915
1705
1059
1443
1148
2468
2200
1035
1968
801
-310
506
-1138
-942
-786
-1771
-1153
-1095
568
974
2692
2836
2140
1713
943
56
1727
644
-941
-1740
-2283
-2119
-1723
-1806
55
-564
-970
-511
-1140
-953
-561
-2028
-2214
-816
190
-711
-778
86
457
-1139
-2386
-2584
-3052
-3390
-3685
-4399
-3425
-2895
-2001
-844
-854
-2964
-3068
-1673
-1216
-164
-380
-2632
-3382
-4338
-3856
-1448
-1786
-2220
-2174
-1100
-2939
-2911
-1511
-2011
-1536
-1557
-2074
-1471
-664
-429
105
940
763
-558
31
284
874
1421
703
627
872
1459
2822
3003
3484
3983
4172
2813
2496
2293
759
734
1695
-950
-1530
-875
511
1805
1728
1098
-165
353
876
178
-585
-388
-664
-257
-357
-477
-111
-1010
185
752
1266
1140
1407
2992
3414
3106
1972
1767
664
629
1382
489
-864
-1541
-863
-1201
-1836
-2814
-2865
-2711
-3369
-2605
-2466
-3597
-2910
-2060
-2331
-1242
-1092
-3025
-2911
-1859
-609
-3032
-4776
-3773
-2677
-2340
-2581
-1958
-1347
-1245
-242
-1905
-3719
-2804
-3204
-4662
-4827
-4681
-4680
-3840
-3186
-2069
-3794
-5199
-4697
-5050
-4615
-4236
-4330
-3244
-3584
-2954
-2417
-2094
-2118
-2266
-1498
-3120
-3860
-3398
-3037
-1476
-2867
-3461
-2739
-1737
-2351
-3470
-4419
-3513
-3345
-3208
-3681
-5450
-4083
-2796
-3320
-3939
-4351
-4640
-3839
-2242
-3429
-4684
-4957
-5097
-2858
-2060
-3083
-4107
-4882
-3120
-2220
-1559
-1706
-517
-503
-2031
-2149
-402
-513
-832
-1789
-619
-887
-1420
-2755
-2279
-2365
-3033
-2902
-3603
-2192
-1777
-2936
-4290
-3499
-3684
-4463
-4173
-3859
-5288
-5042
-5047
-4676
-4386
-4990
-5561
-6878
-5917
-3205
-2799
-4080
-3581
-2581
-2630
-1949
-3378
-4406
-3981
-4680
-4582
-5283
-6159
-5626
-5979
-5116
-5842
-5516
-5870
-6495
-5223
-3834
-5541
-7779
-7167
-7081
-7061
-7290
-6466
-6772
-7472
-5980
-4231
-5074
-5821
-5613
-5373
-5963
-6379
-5061
-5890
-7000
-6106
-4957
-2525
-3725
-5049
-4699
-2807
-2113
-3122
-3342
-3184
-3613
-5657
-4370
-4643
-4618
-4021
-3554
-3972
-3854
-2348
-1493
-1478
-3094
-5216
-3785
-3077
-3221
-2783
-3505
-2634
-1953
-1668
-2207
-2754
-3218
-3007
-1263
-903
-1002
14
729
994
1045
-480
-3913
-4262
-4679
-3861
-4070
-6319
-7267
-7285
-6197
-5056
-6189
-6181
-5817
-5413
-4800
-5397
-4974
3745
3020
1114
405
1354
2032
1840
2256
2797
3186
4786
5862
4460
2834
2681
3843
4364
4599
4190
4188
3976
3820
5890
6365
6090
5214
4054
4191
4558
4461
3958
3311
4046
3601
4540
5391
2784
1757
1915
3607
2462
660
1159
3297
2995
2258
1817
2795
3531
3503
2215
2553
3563
4063
5616
5959
5994
5314
6672
6327
5973
5346
5651
5383
4946
5836
5472
5312
3926
1955
3327
3510
2156
1592
1659
1689
1417
1836
3190
2171
598
1795
2600
4054
4616
3919
3114
1877
1920
3801
3626
2437
2909
2426
1304
1460
2133
3030
2432
2096
2743
4178
3469
3082
2246
1743
2318
2531
3674
3702
1302
-84
1299
1930
2745
1430
1517
3587
4642
4263
3368
3070
2486
1955
1613
1651
2455
1341
1081
382
2053
1555
751
57
-479
439
495
276
836
1329
-550
-349
1054
1460
959
636
870
1201
205
1533
590
-619
7
1463
2699
2768
4372
3587
3204
3750
3718
3120
2773
3163
3039
2437
2124
2892
1903
755
1501
2189
2444
2141
1990
1869
1370
2524
4386
3428
1324
410
1829
3061
3179
3363
1740
2193
1887
2408
2739
2587
2776
2838
1749
1951
2886
3101
2371
1251
2327
3819
3387
1888
2790
3705
3699
1969
1621
2925
4204
4388
4612
5614
4965
4825
5152
5641
5724
6106
5384
5472
5759
5531
4195
2822
4039
5210
4117
4263
4653
5799
4611
2949
1508
-117
1477
2791
3304
2044
2304
1894
1560
1611
2334
2804
1570
2217
3240
1762
1833
2824
2570
1672
737
1576
2125
573
720
2057
700
-267
-321
-115
638
-742
-792
1039
2157
2770
1079
-432
-348
-1950
-2112
-107
-98
-256
587
1073
1983
2309
1540
453
-144
434
-736
540
513
704
1003
521
-333
248
1058
2199
2006
1421
540
1559
3885
4797
3456
1027
1593
1715
2460
3397
4686
3142
2516
2933
4160
4897
4358
4690
3910
2720
3795
4526
5593
4211
2798
3559
3590
4936
4561
4286
6120
4702
4618
5154
4133
3464
3046
3667
4111
4343
3869
3273
2807
2663
2241
2554
2598
3583
3800
2993
2665
2460
3059
2737
2282
1155
719
1512
878
730
188
-266
1391
1546
2207
1964
540
1027
2712
1856
2184
1874
-1048
-2309
-1431
-1028
-1412
-733
1117
1159
1657
2874
3156
1167
457
75
-1350
-598
-707
-1687
-1196
-1829
-547
-207
1759
2069
1404
3085
2350
2016
2355
1070
878
2415
1888
202
717
1228
1002
2482
3557
4663
4258
2738
3062
2431
2441
2032
2243
3531
4033
4337
4124
1656
1814
2852
2794
3992
3212
2702
3257
2645
2989
2567
1997
1575
1528
2831
4203
5121
3512
2077
2680
3784
3665
2026
486
28
1602
2062
584
897
967
911
1109
1864
2807
1925
2643
1460
921
958
3158
2951
2380
2249
2556
2686
3143
2337
3248
2289
340
825
985
535
721
731
1425
938
992
306
761
624
1984
2473
2694
2825
2994
2326
2795
3737
4184
3894
3053
2508
3303
3258
3737
3025
1753
2448
2590
2931
2255
2315
2311
1344
3187
3883
3823
3019
2877
3171
3944
4253
3807
3499
1274
609
2625
4410
2912
2130
3096
2505
3792
3219
760
722
750
1792
1797
2290
1897
2017
2412
2002
1507
690
666
333
964
2002
2534
2290
2540
2643
3777
4664
3337
3070
2503
1913
1823
-195
-574
-342
-213
-102
1233
2226
1710
361
649
366
398
189
79
2017
2054
2138
2591
2586
3765
2997
706
428
-284
-637
-566
1057
1226
660
-703
-596
1160
491
1810
330
-955
-1108
-460
131
208
1289
2845
3587
2349
719
-109
571
1442
919
1472
821
2122
2409
2349
2686
2971
3839
3092
4011
3781
3746
3897
2325
964
2344
3291
2254
1340
64
832
1942
2665
2444
2949
1912
2435
3551
3789
4224
3807
2414
2212
2921
2248
2066
2337
2662
3291
3377
2171
2919
2520
3392
3566
985
1385
1645
1668
1774
2087
2063
2921
2109
1686
1677
1084
2574
2917
1915
1928
2141
1676
1171
662
133
-848
-1593
-1319
-937
-1876
-2863
-2537
-540
-305
-196
-390
-1503
-3486
-3827
-2603
-2426
-1616
-1318
-2597
-1507
-2131
-1486
-1452
-1718
-1864
-1599
-537
373
-478
-1451
-768
565
211
722
1874
2127
1945
1301
3425
4100
3037
1717
2616
1852
1493
936
823
272
1418
2141
942
872
1562
1528
2209
1497
397
1087
86
1027
2722
658
1397
2133
3026
3732
2602
1886
1721
1181
1158
2263
1303
1822
2718
3483
3586
3587
2259
1018
1412
1290
-248
186
1902
2356
2578
1832
1988
495
-1164
-494
504
1063
-578
1102
1513
675
1027
-267
253
791
905
-52
-667
-890
-353
-979
-815
-1864
-2054
-3361
-3125
-3133
-3441
-2865
-2529
-1872
-358
-2280
-4284
-2874
-2992
-2443
-1013
-2041
-1604
-1301
-2155
-3505
-2542
-1392
-1058
-38
38
-43
143
744
1540
1199
-804
-408
51
-205
-418
537
121
312
814
-356
-1555
-1516
-648
442
-258
-443
316
547
734
719
-778
-506
-130
207
1057
715
-741
-1212
-292
-542
146
1448
1793
1188
424
1138
-570
-490
-18
-725
-105
567
576
572
411
204
-734
-1642
-1161
-1269
-1479
521
3405
1446
127
125
1631
702
-214
917
1106
928
904
573
-353
-35
-469
-1317
-1603
-1676
-1697
-2231
-1523
-2103
-484
-438
-2741
-2420
-573
922
534
-278
-204
-1150
-2511
-2110
-2246
-1833
-2892
-2331
-1676
-2526
-2460
-2520
-2638
-1270
-1833
-1891
-512
-1084
-783
-1813
-1083
-1316
-1970
-3074
-2994
-2447
-2172
-1094
-1906
-1527
-433
574
275
-295
-2196
-2929
-2303
-1767
-2108
-2985
-3441
-3806
-3711
-4577
-2906
-861
-2219
-2708
-2060
-993
-631
-2179
-3439
-4179
-4406
-4642
-4377
-3284
-2865
-2108
-1452
-1440
-2145
-2289
-1397
-2201
-2287
-1105
-543
-1701
-1756
-1226
-894
-570
-797
65
1111
1284
1581
318
-923
-1830
-2427
-1879
-2900
-3025
-1559
-1331
-1595
-1886
-413
-1143
-1894
-1005
-682
404
-884
-946
-930
-1917
-3152
-3529
-1932
-2298
-3730
-2597
-966
-1967
-2627
-2162
-2379
-1813
-2848
-3097
-2877
-2855
-2524
-2153
-2194
-4372
-4762
-3380
-2684
-1971
-2100
-3273
-2625
-1551
-1486
-2610
-922
-184
-71
704
1264
1489
1061
1538
2355
2645
1392
1207
881
-241
-157
-208
328
89
-794
-809
90
1955
2577
743
1066
-310
-377
323
688
1028
697
-748
-1789
-1735
-1975
-824
-1168
-2580
-3197
-2145
-2184
-1795
-629
-1137
-1876
442
1693
873
-550
613
388
-165
-800
-1237
-2449
-3551
-1900
-2282
-3356
-2314
-2181
-2374
-2722
-3470
-2470
-2920
-3237
-2646
-2928
-4153
-4385
-5426
-6157
-5270
-4896
-4400
-4242
-4006
-4651
-4368
-4685
-4560
-4451
-4762
-4374
-2599
-1682
-2973
-3230
-4206
-5130
-5261
-5104
-3770
-3480
-2331
-1476
-1047
-1091
-1856
-1336
-337
-1191
-1875
-1050
-1101
-464
-590
-1217
15
-391
-1016
214
2170
2943
2016
1195
1060
331
-537
-65
943
-374
-772
-443
-52
273
-683
-911
-407
-976
-940
-1388
-1783
-998
202
-1107
-2043
-1989
-2940
-2367
-1949
-3119
-3872
-3674
-3980
-3492
-3415
-3073
-1788
-2789
-3325
-1620
-1366
-2119
-3178
-3215
-1833
-596
-1129
-728
-796
-1993
-885
-1951
-2490
-2548
-2732
-3054
-2733
-3030
-2957
-3083
-4398
-4434
-4559
-3703
-4133
-4458
-4062
-4748
-5435
-4629
-2273
-3039
-4192
-5373
-5911
-5058
-4187
-3732
-3097
-3619
-4167
-4210
-3399
-3225
-2645
-3774
-5555
-5781
-5193
-3671
-3057
-4171
-5005
-4599
-3190
-1192
-950
-971
-369
625
1094
1193
-453
-1183
-2133
-1828
-2071
-1396
-1452
-1841
-1906
-1601
-1287
-557
-821
-628
49
57
521
18
-583
-1086
-1664
-2549
-2782
-1527
-1700
-537
-1416
-1692
-1456
-1533
-755
1012
1852
520
807
307
469
184
16
-441
377
1084
827
1653
1980
1598
772
960
891
1936
1756
1456
362
113
42
73
-898
-888
-963
-1193
-1153
-1466
-3112
-2435
-1498
-2747
-2548
-3140
-2999
-2501
-3524
-2811
-3460
-3334
-3065
-2772
-3040
-2747
-1301
-1962
-1853
-2415
-2639
-1685
-1814
-2996
-4171
-4155
-3437
-4157
-3081
-1881
-2332
-3199
-3051
-3763
-3258
-1945
-2501
-3924
-3302
-2247
-3111
-1945
-664
214
797
847
6
-1592
-1860
-2384
-1069
-268
1211
136
-1894
-631
46
-1629
-1611
-2144
-1939
-2653
-2771
-1562
-1703
-1160
-1974
-2255
-2687
-379
-178
-903
-323
-172
206
-38
-937
-613
-971
-2092
-1557
-354
1318
407
-1997
-3581
-2116
-516
-700
-944
-2092
-2823
-2015
-1409
-1156
-1777
-2550
-2854
-2220
-49
620
-799
-2365
-1532
-2662
-3742
-2504
-2357
-3030
-3462
-2558
-3342
-3126
-985
-1165
-2688
-3071
-1633
-1983
-2801
-2403
-2887
-2995
-2374
-2635
-2216
-3283
-2608
-926
353
-449
-1083
-683
-440
-600
176
1399
1773
1335
-55
155
1532
634
-1441
-1022
-56
1708
2057
197
551
-884
-384
1083
-406
1476
583
318
1813
1635
2138
1847
1000
-1041
-1053
-873
-1759
-125
-200
-417
-186
107
-1463
-540
-1532
-1539
-683
-1611
-1857
-585
373
-127
-2153
-3838
-3638
-3438
-2707
-3521
-3620
-2901
-3305
-968
-1190
-1722
-2251
-2669
-1508
-1005
-2101
-2250
-1418
-1450
-1772
-1978
-956
-1657
-2373
-2068
-1167
-553
-437
-270
-265
-460
-276
-1543
-1996
-1431
-886
-1896
-1948
-1986
-2906
-1774
-194
-570
-1163
-393
251
64
3
-786
-399
-621
-645
596
701
1000
1822
1655
903
2007
1642
929
2168
2115
1592
2000
3592
2190
1088
763
434
-384
-616
782
1638
1207
1138
1000
741
-796
-931
-2112
-1207
-466
-1190
-1426
-1289
-2184
-397
1596
957
759
207
-779
-1248
-468
34
-1122
-873
-617
-401
-607
-1943
-3090
-2325
-412
-1088
-2080
-930
-1890
-2419
-2056
-1586
-1927
-1352
-936
-563
507
-128
241
-507
6
1036
1381
1249
-830
-700
-523
-204
1084
859
-905
-2567
-2333
-1224
-474
-41
1025
1208
13
-811
-2219
-3384
-3325
-3733
-3177
-1884
-1574
-1720
-1893
-1314
-1900
-3315
-4512
-3852
-1974
-1831
-2883
-3711
-4384
-3883
-1363
-491
-1589
-2627
-2297
-1054
-535
-615
-222
1079
1046
-6
-1049
-618
-887
-1832
-2383
-2385
-2565
-2037
-1505
-1421
-2826
-3067
-1809
-1207
-1208
-781
-531
-703
-533
-1516
-1870
-1392
-492
475
488
1369
2507
2456
2309
3237
2567
3309
3709
2671
2284
1624
1143
993
2463
1839
556
1937
3839
4322
3231
2091
3821
4045
3846
3255
2232
2153
1693
2510
2257
2644
2787
2461
3079
2557
2819
2576
4345
3835
4155
4995
3438
3698
3203
2461
1920
1654
968
1165
1138
342
588
315
743
1410
546
-10
224
-22
444
172
-1073
-1176
-744
-348
816
1107
232
-688
-395
-52
111
-201
-849
442
603
143
920
297
-747
-1316
-545
-486
65
-214
-520
-2330
-2923
-1285
-752
345
187
-327
-1042
-689
-777
-1431
-789
-1028
-620
-209
-985
-676
56
77
-24
109
1828
2257
1786
1839
1877
1861
2318
1603
193
1473
3124
2267
1474
182
-170
1337
1986
1716
2513
1701
1434
1405
1650
2024
702
1115
305
1205
3156
3954
4314
5033
4245
4399
4674
4271
3543
2888
4558
3895
2565
1833
32
483
1194
1727
2553
1924
2336
2301
3143
2648
2129
3218
3174
2299
1281
1429
2621
2077
752
1215
2182
2659
2540
1016
695
2230
3797
3130
2427
55
29
29
194
280
853
1543
1813
2267
1127
1851
2965
2465
662
220
962
-110
576
1210
737
-240
-363
838
664
-45
-224
-234
1104
1513
331
32
869
1256
2092
2116
2007
1675
81
1125
1825
2557
1536
1375
4014
2644
1567
652
-266
275
1331
2948
2365
3106
3601
4196
4448
3414
3225
1568
2107
2848
3324
4529
4036
4009
2996
3462
3988
4046
2738
2993
3582
3595
3675
4112
3078
1587
1392
2320
2916
3585
2904
2612
3658
2594
394
393
991
985
-18
122
225
-676
-169
-83
485
1152
2262
1299
1295
2830
1672
-417
-362
-278
-1218
-1462
758
-961
-2125
-784
-927
-1679
-454
-626
-580
583
1264
2371
2545
3951
4697
4680
4010
3229
2309
3376
3281
3203
2991
1576
985
2938
4219
5136
4847
4339
5432
5122
5974
4897
4362
3763
3022
4098
4625
6771
6535
5009
4218
5463
7178
6226
5382
5175
4115
4729
4419
5613
5817
5094
4450
3649
4046
5842
6582
5915
5248
5830
5411
4568
3483
2872
1660
1773
3459
3435
2364
2039
2323
692
1376
2794
971
29
648
1228
-643
-1953
-1846
-1885
-2083
-2739
-3311
-2852
-1612
-149
-262
-1963
-3220
-3388
-2305
-1679
-2106
-4347
-5341
-4055
-3471
-1866
-2873
-2348
-2513
-1751
-2818
-3530
-1232
95
1349
2187
2872
2544
2337
1847
2271
2439
2816
1548
1699
3315
2359
1960
1666
2194
2690
3484
3999
4130
4295
3914
3378
2841
4257
5420
4363
3649
3932
3470
3245
3464
4582
4567
3955
4338
4441
4295
4354
4984
6161
6422
7154
6454
4497
5513
5262
5404
3888
2666
2882
3747
5174
4348
2965
3419
3241
3563
3825
4649
4190
2729
2219
2564
2495
2061
2225
2322
2488
3239
2741
1962
830
1639
2024
611
-1603
-3228
-2971
-904
206
336
-366
129
346
1022
1407
421
-310
-1624
-749
147
517
-713
-2356
-1006
653
856
-1010
-1534
449
1334
1389
70
-607
-1356
-1029
715
670
92
757
2290
1722
2084
3169
3674
4116
4291
3143
3468
3337
2792
2393
2091
1197
1042
1317
2378
2841
3690
3175
2201
2771
1925
2883
2876
1731
785
1956
3412
2775
1412
710
1624
1761
1550
1926
2327
2351
3143
4022
2911
2768
2654
2818
2696
1935
1938
3059
3121
2963
3239
4047
2737
2842
2764
693
-722
-451
1532
1450
330
870
98
1474
1874
967
498
-1870
-1032
-453
-1118
-975
735
859
-283
-39
-88
-277
-1931
-3096
-2934
-1920
-858
22
-97
-768
-387
1055
1931
2160
508
102
-1043
-928
-822
-875
-1193
-1351
-440
-689
227
1167
1078
548
474
-510
-2027
-546
1115
592
768
1721
2651
2873
1240
-32
1077
2972
2658
2856
3718
2372
4020
5359
3618
2489
3591
4941
5949
4775
2871
3379
2411
3334
4000
2943
1763
1594
1800
1966
2883
3408
3272
3503
2313
2609
1968
2331
1274
1554
1925
2276
2056
1030
1011
2517
1939
1531
2360
398
2187
3146
2012
1202
-284
-1231
-639
171
-1764
-1474
-591
905
947
1312
14
397
506
-60
-153
-802
-1415
-524
-1129
-1275
-126
-539
-515
-397
670
1378
302
-863
-839
341
1731
980
-237
521
-166
1102
1808
1559
433
-1340
-340
1129
1591
1155
1140
631
2140
2706
2765
3602
3992
4164
5618
5163
4885
3929
2906
4779
5248
3459
2098
3053
3502
5115
4034
4651
5317
4149
3721
5276
5893
3775
3314
4134
4506
3681
2714
3093
4390
4471
5448
4684
3234
3055
2898
2907
3218
1906
559
-639
-586
1039
1517
452
-1252
-1707
-1428
-1559
-974
-570
1115
624
1045
1569
750
212
-1028
-385
740
630
1200
2808
2522
534
-290
-1151
-1346
-571
-921
-912
460
2167
712
1158
1413
713
1176
1063
1517
2216
-507
-1037
-672
-748
-251
-777
-1111
1172
3237
3140
2577
2028
2621
1623
1533
2090
2698
1943
2020
426
96
1656
3711
3830
2512
2886
2914
3342
2218
2173
1944
1684
2995
2210
1633
2162
2887
2745
2696
3899
5142
4586
3188
3161
2660
2753
1080
664
1577
1791
1721
1771
1177
381
1217
555
1809
2262
2179
1604
756
849
1814
1241
1223
1088
596
901
874
885
1179
2026
2739
2023
1970
2695
3224
3399
3168
2594
2700
849
496
1376
1712
1813
2056
1800
2839
4502
4036
2719
2468
2493
1192
1731
674
580
2109
1436
1141
2062
3371
5127
4097
3476
3443
4217
3548
2960
4049
3490
1253
227
1013
1474
979
935
583
717
1571
2668
4060
3531
1870
1804
1990
2094
2094
2034
2318
2938
2825
1880
932
535
1099
2189
2322
3127
2972
3497
4130
3663
3964
2767
2748
2337
2418
2634
1915
1885
2184
436
1408
1146
1252
1014
-1040
-142
482
-689
-1590
744
222
-1073
-1468
-1637
424
-240
207
1035
-206
-577
-133
-157
795
207
401
1501
891
759
-82
-1448
1135
1239
-334
-464
30
-725
246
1115
-101
-209
-646
495
1348
1175
1416
1920
1198
950
1876
977
676
1272
495
-520
1591
2388
1768
1127
-314
-2064
-783
23
100
-520
-265
-206
-757
286
968
977
-265
-2728
-2731
-2790
-2276
-1429
-2265
200
723
-403
-1137
-2151
-701
-852
11
1750
2010
432
324
1561
1697
2259
1658
2259
1481
794
1214
2038
2347
1619
867
110
-749
465
1381
1747
1368
1690
2996
2795
1773
1402
2230
2041
2477
1053
-470
-51
-606
-178
828
520
-700
-56
-587
-792
1990
1854
817
43
-695
1327
516
383
-122
-582
644
1039
1721
1279
-736
-1054
-971
-662
666
2667
2151
1931
976
1484
2860
2296
2192
3448
2908
2646
1871
979
750
608
1015
1648
1136
311
1329
493
-56
961
611
-392
-773
-1063
-1038
-1310
-1822
-907
-1367
-1078
-426
-2253
-1997
261
-103
-1434
-605
-32
-1271
-2017
-1292
-1728
-1924
-1717
-448
286
846
292
-386
-31
345
1909
1895
575
1058
758
1010
-258
-145
1033
1031
-11
-146
838
1811
1830
805
425
251
1257
1351
51
89
943
957
507
1785
756
-326
-313
168
1964
1985
747
-97
-42
-366
-438
-1132
-665
-243
-610
-486
755
1366
1336
734
806
1433
1532
1951
2159
1889
959
112
922
253
-203
435
13
-699
656
2124
2172
-255
-403
706
1739
403
-437
-888
-1462
-674
-1891
-2646
-2345
-2911
-2410
-2925
-1918
-1811
-3255
-2594
-2795
-3941
-4538
-4930
-4950
-2337
-2128
-3196
-3522
-3705
-3878
-5237
-5654
-5498
-5737
-4587
-3503
-3500
-4940
-4410
-4069
-4544
-5304
-3885
-1167
-1166
68
420
72
-583
-1850
-1080
-1162
-1104
-497
257
-167
303
-650
-1350
-1033
-840
-579
589
376
-195
-787
260
463
-625
-892
-1207
-1145
-1029
-79
1003
937
1372
1307
-860
-983
66
1206
-1434
-1416
-1752
-1740
-1847
-1079
-1078
-2122
-716
49
282
647
930
2049
1938
1423
2723
2283
1576
1182
1475
2072
1478
1065
-247
-372
-976
-801
-462
-976
-286
-1189
-768
1039
340
-1064
-2184
-2621
-2065
-1781
-2011
-2152
-3614
-3413
-3089
-3686
-3263
-3119
-3389
-2738
-2761
-2148
-2119
-1531
-332
-1725
-1964
-835
-1671
-2946
-2805
-3268
-1844
-2009
-3920
-3486
-3217
-2178
-1986
-247
106
-2472
-1787
13
830
-1159
-540
-603
-1025
-760
613
-275
-214
460
2606
4943
6066
6987
7417
8899
11503
14723
17016
19165
20836
22987
24951
27277
29231
32377
-30128
-29008
-25479
-21786
-19427
-16081
-12589
-10530
-7935
-4413
-1118
255
2032
4873
7536
9743
13200
16242
18141
21171
23978
25144
27245
29583
31036
31566
-31877
-28427
-25849
-24434
-22602
-21069
-19081
-18205
-16401
-14803
-15797
-14366
-12805
-13572
-13608
-12982
-10898
-8685
-8890
-8046
-7449
-5847
-5491
-5287
-4927
-5152
-5866
-4478
-2993
-2947
-4239
-3592
-2802
-1235
-1881
-4094
-3660
-2705
-3472
-3991
-4349
-5379
-5001
-6571
-7318
-6974
-7798
-7732
-7223
-7668
-8406
-9474
-10400
-10704
-11400
-13489
-14102
-15424
-15221
-14883
-15481
-16510
-18334
-18096
-17619
-21155
-23235
-24084
-24557
-24225
-25625
-25609
-26915
-28773
-30085
-30344
-30487
-32530
30146
30029
30844
28939
28056
26252
23376
22991
22684
23239
21023
19489
19580
17633
16850
16739
15019
13260
12927
11839
10750
10110
8975
8740
8592
9231
8406
4867
4073
3701
1871
-1349
-4200
-6750
-9000
-8943
-10733
-13797
-13734
-13849
-13507
-14064
-14135
-15098
-16293
-16370
-18691
-20312
-21007
-22448
-24064
-25651
-27446
-28069
-28652
-29465
-30627
-31802
31592
31131
31629
31685
31862
31676
29786
29837
28720
26670
24537
22368
18683
18851
19005
16530
14993
13023
12709
10575
9049
9931
7915
6621
5231
3193
1797
48
-3388
-5969
-7348
-9708
-12868
-13180
-13604
-16518
-16991
-19178
-21567
-22660
-23586
-26516
-27760
-28551
-30444
-32449
30874
27824
26469
26192
25601
24072
22011
20901
21727
23206
23181
20955
19253
18505
17861
17695
16971
17113
16456
15784
15610
14708
15337
13785
11902
12358
11290
10422
9564
8943
10638
10912
9056
8877
9337
9737
9382
10026
8338
6984
6306
6134
7657
8462
8218
9029
8825
8848
9919
8810
7629
7919
9034
10060
9744
9790
10899
12476
11659
10597
11114
11459
11322
10543
10511
11322
12341
12286
11672
13001
12743
13337
13535
14102
15522
13813
12665
14699
15860
16334
15528
15699
15776
16847
16481
16008
16286
16127
16344
18006
18516
19131
19855
18045
17647
18456
17502
17250
17092
17244
18040
18460
17677
16454
17999
19937
19561
17874
16178
14953
16062
16945
16505
15726
15916
15821
14293
13705
14130
14695
14971
14858
15071
14234
13404
14960
17224
18026
17658
16618
14430
13937
15615
15317
14948
14487
15865
17449
16442
16698
17991
18580
18991
20009
20383
19575
18801
19609
20406
21219
22045
22416
22756
21541
23151
23907
24920
25163
24103
25406
26119
26525
25942
25735
26503
25743
25799
26068
27102
27268
26936
27114
27237
28010
28851
27254
24954
24114
26313
25574
25139
24411
22987
24815
24642
25087
24148
23884
25480
24526
23571
22668
22734
22803
22903
22580
23427
22679
21928
22213
21807
21412
20512
21316
22843
22906
22246
21994
22110
23500
25065
25043
25033
24800
24436
24958
24075
23556
25443
25434
26287
27205
27635
28923
29504
30220
29522
28774
27757
29769
30904
31282
31684
31911
31926
32064
31885
32514
32380
-32430
-31065
-30108
-30292
-31317
-32443
32433
-31364
-29688
-29547
-27918
-26380
-26496
-25852
-25718
-26424
-28262
-28268
-26696
-25021
-24204
-22824
-22097
-22302
-22083
-20690
-19188
-18636
-16741
-16322
-15902
-16194
-15199
-14341
-14029
-12520
-12537
-11663
-10385
-8661
-7121
-6171
-5997
-6392
-6242
-4702
-3236
-2243
-2328
-1475
879
1290
-551
251
744
2238
2919
3707
3746
4706
4195
5241
6162
4981
4801
4400
5097
4239
5476
6241
6820
8398
9065
8919
7267
6653
6298
4015
4044
4655
3929
3354
3040
4456
3309
2290
1127
1040
3268
2923
2885
1702
910
658
221
-250
-207
235
-316
-859
-1846
-2349
-2664
-3876
-4471
-7051
-7816
-9303
-9657
-10584
-12002
-12956
-13480
-13205
-15287
-15157
-15510
-17432
-18648
-19523
-19820
-19621
-18976
-18342
-17384
-15980
-15409
-15253
-14365
-10903
-7220
-6277
-6842
-5943
-3743
-2724
-2536
-633
582
1348
1932
2538
4169
5033
3889
5570
6852
6619
7101
8035
8030
8060
9197
7902
7373
9038
9151
7970
6651
6217
7004
8238
7853
7236
5515
5037
7485
7474
6341
6389
5498
4106
3424
5037
4845
3125
840
-207
-755
-1059
667
-827
-2215
-3013
-3170
-3296
-3734
-4634
-4286
-2954
-5245
-5605
-5079
-5714
-5961
-6008
-5108
-6330
-7642
-6552
-5512
-7638
-7296
-7291
-7176
-8337
-8986
-6841
-7797
-8754
-8060
-8308
-8669
-9034
-9694
-9219
-9693
-7497
-6916
-7779
-7382
-6512
-5968
-6205
-4917
-3844
-4132
-4905
-4258
-1695
190
457
1644
2919
4885
5847
6016
6043
5137
6434
7833
6987
7162
9056
9481
8449
7136
5657
5737
3795
2031
623
-908
-2524
-3765
-5086
-5338
-7125
-8888
-8960
-9865
-10884
-11901
-13569
-15025
-17086
-18833
-20684
-24540
-26399
-26049
-27763
-29154
-29561
-28249
-27092
-24299
-19925
-14490
-8836
-5100
833
7261
10931
12828
13539
12560
12329
11232
9636
6959
4030
98
-3353
-4490
-6447
-7458
-8015
-6749
-6540
-7618
-6910
-4962
-2967
-1158
910
796
1217
2257
1761
-965
-1861
-1669
-3448
-4469
-4455
-7549
-8048
-7669
-8702
-8955
-10057
-9864
-8795
-8353
-7827
-7403
-6931
-7143
-6626
-5784
-5582
-6588
-7453
-8033
-8282
-8856
-10157
-11236
-12473
-12423
-12421
-11133
-11563
-10435
-9487
-9104
-7897
-8090
-7615
-6612
-6312
-5955
-6934
-6986
-6553
-5699
-5970
-5299
-5959
-5472
-5874
-5227
-5096
-4700
-4682
-4811
-4951
-6795
-7683
-7601
-7736
-7227
-7317
-8223
-8773
-9274
-9140
-9481
-11129
-11908
-10824
-10915
-12989
-13325
-13347
-15481
-17967
-18402
-19133
-21270
-23313
-24120
-24687
-25269
-25736
-24550
-22865
-21134
-17794
-14202
-10236
-7078
-2758
-338
2797
6304
8976
11050
14189
15788
15809
16924
16784
17049
15014
13317
12173
10051
10618
8338
6200
5202
4358
2381
345
-1209
-3011
-4709
-6716
-8475
-9816
-10286
-9330
-11763
-13177
-14578
-17690
-17834
-17292
-17073
-19225
-22391
-23638
-24980
-25765
-26249
-27813
-29887
-31054
30807
29987
28774
26838
25250
25751
26154
26097
25301
24389
24015
24648
25767
26143
26402
25923
27761
27916
29102
30516
32281
-31085
-26840
-23270
-20428
-18489
-17091
-13811
-9165
-6468
-5325
-2949
-216
771
-26
-247
-1243
-2226
-2241
-3245
-5265
-7822
-8817
-9545
-9880
-10588
-13601
-15328
-15402
-17194
-17822
-17724
-17026
-17442
-18703
-20708
-22523
-24117
-25552
-27250
-27730
21495
19737
18693
20024
26012
27579
-30863
-25608
-23168
-22168
-25980
-29682
30536
27242
27750
29630
32275
-30397
-28629
-26423
-18909
-15399
-11452
-5921
-3499
1254
8172
10796
10554
13828
16807
12953
15065
15886
15879
16915
11672
10312
14256
13449
16027
22693
27928
32113
-28211
-24598
-22412
-16791
-15246
-16635
-15924
-15460
-17840
-21099
-21392
-20529
-21203
-19447
-19016
-19752
-22215
-24465
-26261
-30368
-22905
-31510
27172
19199
4131
-4642
-12500
-25156
-31161
26516
14778
486
-4801
-11848
-21136
-23921
-30378
32259
-30705
-31666
-29183
-26359
-19526
-15043
-11213
-8142
-4826
443
-150
958
4575
10337
14979
24390
32630
-28565
-22560
-20654
-20270
-15683
-15112
-11807
-12061
-11315
-9096
-9606
-7819
-9308
-8711
-9573
-9229
-13030
-16032
-15706
-17168
-17008
-13444
-10243
-5037
-808
1471
7588
8119
10344
15608
20033
18280
22698
24327
22456
21270
24419
24065
17952
10117
3716
-3085
-15296
-24429
-32278
28161
24588
23325
18907
16670
19097
20814
20891
22982
28011
29587
-28719
-25657
-26351
-25217
-22597
-22946
-19289
-13139
-10049
-318
6574
15436
23070
28794
30867
-29756
-25013
-21103
-17399
-15702
-14210
-16811
-20299
-24161
-30099
32203
26773
16627
9329
5536
-2077
-8906
-16944
-23443
-28007
-29425
30315
30037
28350
29405
29607
30954
-29853
-27627
-22053
-19853
-16650
-11430
-8861
-7357
-4166
-3675
-79
-2012
-4254
-2731
-1730
-7410
-9113
-7366
-10355
-9267
-7525
-8594
-7636
-8663
-9806
-7697
-2683
-451
-593
2235
2459
6781
11407
8779
9276
8768
5491
5034
2622
-3251
-9269
-16252
-21542
-28737
30543
22134
18636
14165
9131
9369
7471
6807
8108
10521
11337
11860
18113
19889
22630
21495
19737
18693
20024
26012
27579
-30863
-25608
-23168
-22168
-25980
-29682
30536
27242
27750
29630
32275
-30397
-28629
-26423
-18909
-15399
-11452
-5921
-3499
1254
8172
10796
10554
13828
16807
12953
15065
15886
15879
16915
11672
10312
14256
13449
16027
22693
27928
32113
-28211
-24598
-22412
-16791
-15246
-16635
-15924
-15460
-17840
-21099
-21392
-20529
-21203
-19447
-19016
-19752
-22215
-24465
-26261
-30368
-31357
29951
28571
26153
23902
19271
12799
6276
62
-4531
-11069
-17185
-25477
29672
26651
22035
15360
16488
14753
16173
20097
24951
27152
-32680
-24234
-16661
-5468
5600
12668
22053
31138
-28214
-20599
-15439
-9453
-2729
3808
8654
10667
6447
5580
3754
-5821
-13334
-19675
-25624
31490
23748
18787
14290
7792
5033
685
-1576
-7739
-12577
-18081
-15527
-16030
-16266
-20190
-22686
-26502
-26585
-27231
-29168
-28146
-31327
28216
25812
21386
18007
15324
14328
13114
12529
15706
18498
23143
26745
29137
30960
30818
31303
-28716
-27607
-28993
-26337
-23082
-25981
-24859
-25940
-26111
-19338
-11482
2095
17295
-31719
-16150
-4810
6566
12308
18145
19735
13153
8575
2510
-4953
-9499
-10772
-15745
-18149
-18110
-20959
-20304
-22364
-26738
-30248
-30422
-29847
-32653
-31944
31596
29507
26716
24812
20417
18286
16227
11753
7233
7814
4530
1867
-350
-2203
-5428
-4363
-5732
-4344
-1023
-1483
-1287
145
1365
7818
16074
23932
29622
-29711
-26526
-23934
-20450
-23461
-23672
-25380
-30535
29510
25360
19084
13127
12130
11975
5457
6429
6054
5803
6299
6230
10308
9701
12603
14317
15498
14134
14450
14118
12145
8097
2135
-725
-5841
-14779
-15996
-19828
-25379
-28230
31361
25211
22747
19706
15264
12996
8243
-69
-2165
-3969
-9230
-9187
-9490
-10545
-4132
4680
10190
18892
25920
28341
-28686
-20988
-15889
-9802
-8685
-7906
-3633
-1146
1610
8381
9498
10688
19539
24577
25530
-32531
-27101
-30986
32604
32329
24203
15854
5845
-7690
-20490
-30682
19212
4612
-5206
-12218
-20875
-23431
-24266
-23505
-20058
-14287
-10692
-3509
5182
14247
27228
-25397
-11594
4581
20899
-29195
-15623
-4558
9356
19637
-31866
-23817
-14212
-9400
-8727
-10978
-9837
-14772
-24209
32420
20723
10219
7538
1401
-4660
-7597
-14454
-18984
-18529
-17383
-17287
-12782
-10423
-11942
-12839
-13827
-18400
-22703
-30322
30039
23213
16529
5697
-1475
-9600
-20110
-25780
-30060
29737
25952
22158
17893
18321
22868
23503
28654
-32459
-27773
-18872
-10222
-4439
4394
15598
25046
-26547
-16911
-7512
1005
6670
11356
15136
14862
18234
21635
22825
21355
21845
21324
20701
20209
16985
10498
4246
-1617
-7793
-17411
-25520
31679
21649
11715
1764
-7109
-15414
-26068
28699
17076
9250
-256
-10732
-16792
-21703
-25884
-29362
30465
21392
14559
5722
-2108
-10631
-14326
-11825
-6836
3829
15831
29996
-20152
-4124
13764
26780
-22270
-6748
7200
21894
-32472
-20299
-7823
4246
12744
20863
25982
29889
32491
-29114
-30221
-26884
-22278
-22111
-21373
-22392
-25892
-27987
32551
28092
23378
16173
6389
-2348
-11295
-23281
-31963
21550
11605
-724
-9544
-18991
-27976
-32356
27668
23343
23732
25284
29187
-29177
-18411
-9480
367
12753
22610
-32150
-26021
-21393
-19359
-15864
-16545
-20689
-22634
-26548
32216
27164
18999
14899
8530
427
-4622
-10466
-16241
-19879
-23597
-29697
-32605
26328
20249
19774
17344
16694
17409
17474
17958
19886
18359
18999
20444
17742
15258
14665
11386
10048
12103
16254
18246
20599
21828
25037
31320
-31236
-28715
-26688
-25579
-22555
-22184
-23951
-24942
-24104
-27096
-26650
-24823
-24631
-23970
-20192
-19200
-14881
-10693
-7147
-3732
259
2007
7140
9951
10787
15242
17664
19346
21463
21804
21974
22819
24594
23407
24863
25224
24222
24979
28220
32217
-30963
-29378
32638
32587
29008
25522
24242
18904
11069
7429
3778
-15
-2181
-4202
-6442
-6328
-3203
-2215
-1640
-874
-2139
-3192
-4551
-5683
-7049
-11631
-14660
-18813
-24302
-28869
-31801
31360
29984
31175
32255
-30531
-27754
-25404
-23047
-20158
-19164
-17364
-13811
-14233
-14840
-15538
-18399
-20611
-23708
-27413
-28940
-32240
31548
32061
-29483
-26723
-23819
-21388
-18639
-10835
-5103
2779
12541
23747
-30211
-17660
-6819
1714
11876
17171
21985
22022
21067
19769
18304
15253
5825
1235
-4416
-10514
-14434
-19231
-24516
-28600
31910
27874
26742
24760
22644
23832
24350
24907
27474
29727
-32425
-32128
-29830
-25287
-23909
-19535
-18727
-18663
-20013
-20694
-25478
-29232
-31923
28078
24878
24481
22485
17711
14586
12606
10700
7694
4425
-733
-6424
-12286
-14030
-13453
-16467
-21612
-21645
-20564
-18157
-13899
-9056
-6063
-3155
-161
3316
5748
7535
6683
6019
4703
2035
-550
-492
-4336
-8483
-12652
-17779
-21112
-23804
-26064
-29149
-29224
-32204
32044
-31753
-30050
-26003
-22363
-20794
-16806
-13434
-12554
-9018
-4172
-4315
-4326
-4082
-6229
-9213
-14489
-18074
-19500
-20510
-19688
-20852
-22629
-21504
-21147
-19271
-16801
-15994
-16631
-15068
-14494
-12247
-9825
-6430
-2500
2543
7576
13805
17407
19306
21559
27156
29237
29127
-32068
-30998
-29386
-27261
-27005
-25946
-24689
-23869
-24351
-23374
-24451
-26628
-28845
-28332
-29132
-30627
-29402
-30325
31461
31405
30723
25851
21821
17085
10743
7559
5823
3603
1345
-2806
-5705
-8572
-14476
-16297
-19285
-23205
-26526
-27647
-27960
-27548
-27306
-30052
-31687
-30447
-29902
-31166
32567
-32160
-29991
-32111
-30420
-31072
-32366
-31631
31114
27994
29641
28874
27720
27755
28472
27519
23044
22325
14824
7310
-7
-4689
-9457
-12165
-11352
-13074
-9318
-2242
4356
15664
25770
-28955
-19426
-6207
9516
22995
-26398
-13943
-3905
8676
21125
31256
-28378
-21696
-14468
-10890
-10023
-7884
-6840
-7973
-9137
-12101
-17281
-21444
-25870
-31532
29146
25845
19273
12558
5586
-2333
-11874
-23590
31614
22138
12151
146
-11162
-22286
31048
19855
9071
93
-5161
-10954
-14295
-14530
-15216
-16005
-14942
-13900
-15320
-14033
-15672
-17131
-15936
-17953
-20288
-19611
-17242
-13217
-6773
-2587
4091
13332
22097
29043
-31070
-24700
-18771
-14220
-8706
-2773
4138
7356
15715
22519
29169
-29363
-21448
-12916
-6881
-1330
2292
5457
5733
3424
481
-3020
-8240
-14667
-21591
-27268
32040
26340
21857
16739
13596
8494
2304
-1795
-5264
-7640
-9866
-12623
-12857
-10910
-8947
-3701
815
3095
7474
12616
15838
21783
24000
25317
26676
24261
22471
20864
16770
12961
8037
508
-4690
-11522
-19098
-27514
27733
17640
7846
-2747
-12127
-20116
-28917
26921
19491
14987
13517
13099
10615
9917
13044
15321
19696
25200
31600
-28822
-21374
-14124
-7060
621
9253
16532
23573
29955
-32591
-30203
-27355
-24848
-24357
-21117
-23209
-24800
-28382
-32686
27722
22058
15083
6535
-3752
-13797
-21429
-24372
-23113
-16783
-9863
1900
12038
24117
-27250
-13968
5888
26981
-17334
710
20941
-26075
-14572
316
9952
19186
27694
-29939
-23917
-20142
-15801
-15992
-18245
-20724
-26328
31672
21680
13752
4898
-6224
-16974
-27984
24811
12625
32
-11065
-23837
30200
23228
14586
9018
5380
893
-3480
-5153
-4337
-3870
-4943
-5904
-7192
-7801
-9994
-12596
-16489
-23726
-32353
24844
15217
4023
-6334
-15013
-23433
32646
26046
18458
13418
11472
10897
14708
16542
20468
23287
29552
-30451
-25369
-19351
-13120
-7073
2228
10217
18179
26503
-28032
-17711
-5016
7928
18670
28199
-28650
-21588
-15124
-11895
-11021
-12371
-14956
-19250
-21638
-24401
-30313
28580
21891
14854
8978
3233
-3592
-12662
-19331
-27482
30997
25305
18923
15696
11580
10061
9631
9756
8343
9522
14186
18125
21683
25873
31597
-26294
-17804
-7587
3327
11746
17279
22185
26175
30047
-32217
-28527
-26808
-25883
-22870
-22133
-23364
-24133
-25731
-31287
26971
19284
13867
5662
-2992
-11311
-19728
-25992
31425
25991
21244
17710
12645
6524
4138
2146
39
-2994
-5352
-6516
-5060
-4477
-2950
820
3748
6888
8517
11962
16240
18356
19866
20285
25018
28730
28818
30219
32148
-30175
-26772
-21571
-16298
-10313
-4925
-2952
1727
5525
6449
10376
12051
14113
17182
19147
18905
18593
20098
19889
20082
20839
19467
19728
19352
18129
16369
14669
11979
8844
8573
11094
10009
10100
9184
8026
7612
8785
8465
8637
10113
11944
12586
15898
16607
15630
16373
15778
16045
19312
20618
21638
23554
21194
17575
12869
3571
-6582
-15895
-27820
23512
15962
6980
268
-937
-2509
-2029
3029
10632
23705
-27714
-16246
-6278
4761
14144
18747
23578
23163
20108
17877
15824
13276
13251
14486
14554
16531
19126
22810
24744
25794
29081
29621
27692
25690
25649
20120
17074
15518
12208
12545
13304
13771
16033
20420
25628
30803
-29419
-23914
-18831
-17783
-17243
-17074
-16061
-14965
-15600
-16946
-20705
-24428
-26907
-30260
30460
23125
18059
14677
9529
3372
-1032
-5781
-9572
-13591
-17160
-20797
-23989
-25159
-25407
-26471
-26487
-22555
-20697
-17718
-11903
-9542
-4494
-293
2224
4390
7427
9831
9468
8748
6493
2968
1022
196
-2068
-5708
-9781
-13527
-21544
-26548
-29917
31430
26947
23608
21515
17870
14608
9434
6464
6350
6210
5125
7350
9716
10490
11942
14487
17727
22507
25775
29476
-31789
-29266
-26057
-24461
-22403
-18884
-15579
-13250
-13673
-13220
-14394
-16692
-16343
-16128
-16674
-18410
-16989
-16586
-12949
-11130
-12056
-8539
-5448
-4934
-3164
-2294
474
2828
5358
8049
11736
13198
15678
17108
18918
19635
21261
22457
22999
22188
21372
18470
14285
12185
8080
4726
517
-4005
-6378
-9486
-11616
-14266
-19685
-24370
-27042
-30305
31385
27244
24386
22484
20062
17329
14938
12871
9976
9093
7555
6461
7264
9196
11906
15365
21435
27163
32679
-25135
-17002
-9458
-1585
7067
15291
21463
25987
32020
-28231
-25868
-22477
-23221
-24034
-24616
-26316
-27719
-28982
-29018
-28652
-29158
-29618
-30727
-31585
31750
30751
29629
28143
27467
24319
20981
16100
9516
3560
-3437
-10870
-19612
-29735
26109
16403
7741
-729
-10030
-18177
-22602
-24657
-27146
-27809
-26723
-23211
-16935
-8836
-761
8689
19550
32165
-20817
-8188
921
7195
13336
18828
22221
25447
27351
29348
31921
-30887
-25426
-20425
-15803
-12828
-9459
-6694
-3917
2262
8527
12782
14523
13336
13160
9809
3966
-983
-4184
-9946
-14908
-16733
-17073
-17632
-17215
-14913
-11451
-9240
-6917
-1660
125
2723
6362
7554
8050
5787
2153
-2590
-7524
-13957
-18169
-23095
-28415
-31102
31433
26987
23884
21945
19697
19111
18821
19761
20751
19860
19414
19290
17427
15864
14310
10518
7346
4371
499
-3886
-5957
-9129
-12337
-15832
-18974
-20270
-22803
-26788
-30246
31258
28119
25515
22243
19618
17466
14688
12796
10584
8458
7027
4836
3487
3392
5612
9522
14689
17109
21381
24529
25747
27023
26242
27248
29549
29738
30090
30543
28402
26643
27619
29645
-32547
-30601
-27953
-26071
-23755
-18958
-16951
-14426
-11322
-5980
-1418
4607
8763
11129
14214
16610
19158
22004
25059
25621
26029
27862
28400
29898
29954
28435
27147
24742
21864
20065
18584
18491
17573
15871
15736
14459
12469
9444
7601
6264
5151
5621
5495
4895
7212
8440
9688
14996
19113
22703
28034
-32282
-26299
-20545
-15511
-10507
-7476
-6357
-5320
-4634
-4962
-5691
-7361
-9562
-13110
-15122
-19097
-24127
-29080
31522
23944
18343
11388
4432
-102
-4018
-5869
-6687
-7298
-4727
982
7188
13191
17557
19603
22366
24307
26711
28660
27946
27438
26700
26735
29251
-32686
-29695
-26862
-22888
-17686
-13129
-10107
-5865
-3504
-1847
-658
-294
1772
1850
1008
359
20
-800
-4973
-7788
-11358
-17799
-22680
-30068
29558
23642
17961
12037
4838
-437
-6086
-10805
-15714
-20909
-25512
-27288
-28841
-30195
-30174
-28362
-26716
-24129
-21367
-17896
-12943
-10326
-10183
-10826
-11019
-11353
-11970
-15254
-18367
-19657
-19531
-16849
-15804
-13387
-13022
-13201
-10131
-6405
-3990
-1084
1611
5357
9543
14499
18333
18488
20550
21905
21320
21602
20912
18708
14724
11235
10829
10977
10388
11679
15476
20565
24315
30104
-31359
-29753
-28106
-26937
-26830
-28119
-30015
32669
30714
30934
30300
-32209
-31313
-31194
-29480
-27749
-25901
-23727
-21733
-20406
-17760
-14485
-11639
-11398
-13056
-12676
-14742
-17087
-20813
-23867
-27805
-30558
32471
27564
23148
19148
18339
16611
12443
6943
1507
-3344
-10354
-18265
-25658
32485
28255
23691
18083
15999
15066
13598
14186
15206
17455
18296
18912
20888
24039
26738
29742
-31578
-28142
-23292
-19298
-14325
-7661
-913
3800
8209
13218
17077
21305
26249
29576
-31629
-26872
-21516
-15738
-10343
-6440
-5642
-4247
-3660
-5922
-8970
-12133
-13316
-16850
-18427
-18694
-18641
-20284
-22525
-23233
-25272
-27111
-29424
32755
30213
25570
20077
16191
11625
5991
1247
-3720
-5994
-8229
-11948
-16152
-19096
-22425
-23657
-22326
-22042
-20675
-18633
-14690
-11686
-7770
-4039
545
4426
7320
13160
19026
22333
22795
23216
25456
27286
29668
32135
30687
28937
27343
25456
25020
24378
21936
18580
15671
13482
11382
10081
7134
4835
1253
-792
-1286
-1465
-5237
-8527
-9454
-11858
-10918
-9888
-11381
-11105
-11084
-12719
-13230
-13373
-14562
-15198
-16878
-18987
-22350
-27977
30580
25836
23901
20428
15488
15132
16041
18806
22415
24968
30600
-28664
-23478
-17825
-12759
-10644
-5775
-2680
1025
4835
9687
14641
20619
27362
-31684
-26223
-22745
-18153
-14110
-9601
-2358
2203
5608
10686
12877
12306
11793
9807
10064
11617
10735
9892
8977
8765
12320
14207
16250
20044
22874
26008
30235
-31938
-29375
-25201
-22654
-20390
-19296
-18898
-19253
-19888
-21561
-24858
-28881
30623
23356
16461
8433
457
-6547
-13748
-21472
-29700
26142
17840
8185
478
-4049
-5246
-5441
-4055
-2424
-181
3868
7070
8387
11095
13736
14809
17329
21270
22631
24006
26103
29236
32398
-29309
-22160
-16196
-9797
-4194
-1993
-2819
-2819
-1655
-801
2360
3863
4075
5374
4800
3934
4708
5466
6734
10263
11021
8596
7350
5042
2737
-1710
-6119
-10900
-15548
-18146
-19966
-20994
-23608
-24420
-23613
-24910
-25159
-23539
-24185
-23556
-23021
-23132
-22853
-22711
-23653
-26750
-27516
-29091
-31680
-32695
31220
28508
23410
20200
19354
19661
18980
17343
17577
14809
13994
12651
10592
9064
9837
8876
7596
6743
5938
4702
3751
1259
-1495
-2988
-4888
-6732
-7377
-8601
-9613
-10069
-10331
-10039
-10181
-10000
-11004
-10207
-8897
-8563
-6995
-5250
-2832
-764
-294
-996
-310
1069
2820
2154
2525
4821
4837
4226
3918
2926
2182
3825
4123
5829
6254
6701
7998
11120
15705
18359
20763
24501
26737
29428
30756
31430
30669
29405
27885
28196
27238
26986
28124
27204
27202
28200
29382
29624
29427
30051
28999
25172
24004
21164
17291
14490
11037
6565
581
-4328
-13480
-19803
-24225
-28812
32325
31086
32038
-32139
-29973
-28217
-23670
-18863
-15961
-12223
-7844
-4224
-986
3390
5338
6611
9695
11701
11434
12281
11847
11040
10993
10699
8170
4707
2657
1643
-486
-3438
-5969
-7096
-6461
-6373
-7072
-7970
-8669
-8229
-6224
-3688
-2679
194
3934
5784
6962
8000
8642
11443
13236
12991
13609
14497
13789
14671
14834
13999
14268
14373
14206
14190
14543
14750
14913
15362
16650
18284
17971
17277
18030
18767
17656
15620
14072
13082
12416
10720
9049
7901
4282
-838
-3590
-7315
-8376
-10207
-13264
-16475
-18638
-20227
-21561
-22998
-24922
-25664
-26209
-26888
-28998
-30548
-31218
-31859
32227
30838
30803
29295
27784
26012
26664
27308
25689
25418
24249
22207
21338
20745
19202
18477
18398
18479
19391
21968
27113
31941
-31237
-27362
-21760
-19581
-17286
-14847
-12375
-7905
-3419
-846
3921
9752
14591
19634
22629
26164
29638
31997
-31025
-27186
-24971
-24160
-22603
-21285
-20744
-22627
-22354
-20928
-21341
-22435
-23625
-25047
-27568
-31176
32249
31025
26859
22800
20423
16849
14555
14124
11777
10793
10971
10016
9561
7956
7950
8046
7961
8450
7272
7551
9349
8957
7337
5853
3704
2954
123
-2387
-5056
-6223
-7821
-8698
-9979
-12074
-11430
-11610
-11487
-12597
-15451
-18662
-20111
-18053
-14562
-10159
-5117
1085
7329
13441
18179
23342
27375
30772
32585
-31718
-27986
-23293
-20546
-17597
-13834
-9083
-3225
2592
7855
14133
20461
25099
30107
-30567
-26393
-23482
-19872
-16532
-13632
-9855
-6983
-3592
156
2528
4685
6967
7275
6979
7007
6682
4977
3053
-17
-3838
-7412
-13041
-19165
-24825
-29166
-32690
27250
23767
21069
17121
14502
11030
6196
3616
2188
819
-1000
-3141
-5981
-7194
-8317
-10451
-11194
-12445
-14218
-15684
-17783
-17384
-18744
-21501
-24986
-28240
-32461
29595
26627
23622
20056
18176
18397
21367
23972
26905
32135
-28884
-22636
-17743
-13131
-9915
-9755
-9968
-12385
-14099
-17679
-24417
-29891
30987
25380
19084
14200
8421
5279
718
-4012
-7183
-9796
-12413
-14574
-16829
-18648
-20530
-21925
-22842
-23145
-24238
-24159
-23834
-24828
-26007
-25520
-23615
-24724
-25613
-23742
-24263
-23634
-22226
-21705
-20387
-19733
-19981
-20860
-20429
-21009
-21885
-21146
-22012
-21414
-21465
-21438
-21253
-19816
-19537
-21203
-21404
-20262
-19209
-19235
-19961
-21791
-21667
-21021
-22127
-21645
-22617
-22920
-21053
-17952
-16013
-15517
-15572
-15664
-14088
-12845
-11487
-11249
-11353
-12178
-14013
-14695
-13799
-14783
-16855
-19890
-22068
-22743
-25623
-28169
-31245
-32648
29746
26006
25298
23870
23786
22274
20779
20682
20307
20352
21594
22132
22597
24333
26192
26336
27001
28967
28133
26592
27436
27082
26009
25399
25681
25145
24337
23691
21964
21486
21008
20312
18588
17738
18295
19163
18879
18713
21256
24312
26218
27778
27459
30179
32705
-32649
32730
-30655
-28695
-27861
-26526
-23649
-22339
-22651
-19671
-17757
-17158
-17505
-15617
-15300
-14770
-12691
-12977
-13492
-13327
-14193
-17068
-17934
-19281
-22050
-24675
-27493
-29289
-31180
-30461
-31437
-32622
-31799
-32012
-30800
-30525
-30318
-29645
-30475
-29942
-28915
-27583
-27198
-26216
-26515
-26687
-26135
-25430
-24275
-23320
-24154
-23782
-21491
-19612
-19809
-20210
-20762
-22628
-20668
-17387
-17590
-18958
-17760
-16485
-15886
-15929
-14595
-14265
-13631
-12774
-11953
-11705
-13010
-13180
-12656
-12874
-11857
-12055
-12613
-12454
-13812
-14886
-15328
-15483
-16121
-15673
-16314
-18921
-19928
-18876
-18987
-19283
-21004
-21863
-21326
-19680
-19560
-19204
-18972
-19373
-17559
-16467
-16582
-16520
-15273
-15130
-15182
-14439
-14003
-14144
-16281
-17320
-16507
-15454
-17142
-16788
-17082
-17534
-16981
-18877
-20103
-19908
-20769
-21367
-20813
-20975
-21530
-22557
-21502
-19802
-17817
-17579
-17922
-15372
-13761
-13427
-13951
-12626
-10210
-8257
-7963
-6635
-4470
-3153
-12
2020
3008
4188
5446
6842
6596
7368
7277
6152
5718
5129
5084
4591
3207
3198
2127
2432
2272
887
760
-845
-2262
-3023
-6279
-8575
-9013
-11819
-14093
-15814
-17380
-15312
-15748
-16550
-16961
-17312
-19628
-20856
-20915
-20921
-23736
-27073
-28272
-28517
-28391
-28235
-28858
-29525
-29393
-29957
-29385
-30862
32412
31541
30572
29039
27636
25419
24302
22972
23410
23601
21263
20001
18532
21038
23726
25131
27617
32099
-29330
-25484
-20054
-15206
-11819
-6632
-1584
1320
5049
8662
9183
12370
13485
14452
18205
20175
21418
20909
20799
23893
25176
25272
26138
28863
29104
30046
31478
32048
32198
31985
30822
30152
30172
29241
27324
24541
24666
22692
19777
19329
17347
16072
15682
14938
13561
12071
9906
8790
7247
6266
5064
3265
2578
1021
507
709
-239
114
-153
-695
-1899
-2725
-3440
-3137
-4691
-5320
-5301
-6735
-7716
-7660
-8786
-10684
-11137
-13324
-15327
-16130
-17079
-18914
-20588
-21428
-21744
-24929
-27459
-26555
-27580
-29595
-31726
-31311
-30613
32676
32607
-31950
-31133
-32171
31425
-32756
-32368
-32030
-32096
32270
-32558
-32728
-32046
-31723
-30524
-30005
-29501
-29764
-29978
-27582
-24188
-23164
-21420
-17421
-13859
-9431
-5623
-2117
365
4074
7217
9844
14178
17356
20155
22002
22986
26303
26092
26804
29172
28704
28323
28485
28751
28071
27949
28401
27170
26876
28362
28758
29268
31111
32467
-32547
32009
-32640
-31830
32275
30547
30003
30372
29916
29377
30808
30475
29591
27565
27205
26042
27157
27299
26115
26034
25334
24216
22458
22618
20247
18426
18407
18369
18848
16987
14017
11873
10035
9175
7518
6531
6415
4745
3821
1701
469
-1766
-3631
-3487
-4144
-3633
-4998
-6398
-7105
-8514
-8520
-8369
-8747
-10664
-11107
-8594
-8840
-8871
-8697
-8294
-7684
-5545
-3925
-4395
-4720
-3468
-1964
-2964
-3173
-1618
-315
-607
-1982
-846
2285
3571
3082
1921
1413
896
610
633
0
-1788
-2451
-4487
-5504
-4855
-7303
-9330
-10886
-12753
-12154
-12664
-14441
-12998
-12457
-11991
-11120
-10771
-10078
-9299
-8313
-8684
-6927
-3631
-3107
-3196
-340
931
2399
4720
6570
9856
11615
11795
12831
15187
18320
20780
22204
24047
26827
28222
29573
32588
32650
-32197
-30793
-29466
-28461
-27686
-27171
-25833
-27367
-28059
-26466
-27284
-26997
-28351
-28601
-28769
-31521
32699
32545
32413
30752
27124
23852
21712
20348
20060
19711
19408
18475
16253
15354
13188
10954
8385
6957
5910
4363
1948
-107
-1252
-2392
-4309
-7119
-8733
-10531
-13518
-16613
-17855
-21674
-24939
-26879
-27466
-26169
-25834
-23698
-21477
-20615
-21094
-21235
-21265
-22480
-22311
-21784
-21899
-21689
-20993
-19341
-17951
-18307
-15321
-14115
-13163
-12223
-10221
-7968
-6414
-4262
-2248
-2993
-3678
-2401
-274
2916
3468
3829
5590
7147
8760
9953
11389
11276
14580
17722
20768
23599
23956
26608
29314
32445
-31982
-29832
-25752
-25277
-23654
-21325
-20476
-19330
-19153
-17556
-16623
-16437
-18562
-20770
-19772
-20085
-22033
-24171
-25679
-26864
-29134
-31387
-31795
-31134
32664
31757
30164
28013
27827
26883
25556
23673
20724
20238
19151
17292
15464
13490
12379
11429
12181
12439
10763
9610
7930
5750
3896
3206
869
-50
-612
-1921
-753
-1921
-4214
-5076
-5820
-5250
-5590
-6020
-7412
-8160
-8930
-11095
-11617
-12291
-13313
-15279
-16143
-15600
-17116
-18527
-17351
-16875
-15981
-15135
-17896
-17826
-16811
-16244
-16905
-16789
-16676
-16447
-16415
-14184
-12972
-12473
-11583
-11833
-11929
-13527
-12513
-12517
-12858
-12662
-13294
-14547
-15804
-16574
-16014
-18748
-21830
-23955
-25355
-26163
-27305
-28853
-29410
-30025
-30557
-30058
-30751
-30710
-31127
-30637
-30748
-29960
-29613
-29421
-27623
-25891
-24326
-21910
-21514
-20243
-19147
-18359
-17516
-16444
-14686
-14518
-13986
-13113
-12678
-10620
-10632
-10881
-10717
-10644
-9356
-8222
-8244
-6586
-5075
-4925
-4947
-6327
-4362
-4262
-4632
-3493
-3439
-3778
-2063
-2931
-2569
-1985
-1547
-74
740
1372
1594
3875
4567
5845
5429
4340
4189
4429
4813
6054
6348
7517
7931
7635
9346
9013
9293
9672
8296
9424
9379
7314
7002
6392
4989
3360
3515
3471
2339
3065
4041
3583
1770
364
1047
1043
1539
2026
3744
2820
395
-283
-53
-1287
-3097
-3479
-2242
-3009
-3646
-2461
-2592
-4908
-6115
-6730
-7405
-9885
-9844
-9451
-10715
-10139
-11145
-12450
-13158
-13124
-11392
-12494
-13307
-12403
-11582
-11837
-10867
-12010
-11516
-10040
-9109
-8811
-9556
-8072
-8004
-6622
-6616
-8841
-8737
-8628
-9024
-9122
-9649
-10932
-12382
-14419
-16139
-16550
-17291
-18597
-18430
-17108
-17432
-18074
-18550
-19089
-18807
-16970
-16482
-16979
-17212
-15334
-14159
-12232
-11518
-11973
-9451
-8521
-7931
-5798
-3525
-1906
-1200
77
625
664
1003
1486
1536
3139
5792
5306
6508
7861
6206
6274
6732
7029
6782
6426
5849
6255
5485
3517
4598
5247
4517
2835
940
-228
-151
-1895
-3495
-4971
-5669
-7418
-10172
-10374
-11403
-11977
-12750
-13968
-14104
-15894
-17496
-18841
-19934
-21105
-20650
-21588
-23333
-24714
-25002
-24337
-26587
-26350
-25912
-25065
-25493
-25130
-24788
-26664
-26673
-27060
-25670
-24194
-23484
-24270
-25594
-25850
-25096
-23858
-22623
-22318
-20837
-18894
-20142
-20204
-18069
-17337
-18202
-16589
-14910
-14319
-13860
-12002
-10424
-10834
-10598
-10050
-9611
-9380
-9114
-9660
-8213
-7650
-7342
-7911
-9440
-7701
-7452
-10394
-10638
-10021
-8786
-8744
-10561
-9909
-8821
-8309
-9242
-9004
-8730
-7644
-8129
-8943
-8786
-7248
-5432
-6188
-5191
-2483
-1587
-1651
-2573
-2360
-2440
-4146
-4791
-4671
-5013
-5526
-6664
-6715
-6956
-7333
-8262
-9763
-10104
-9527
-9914
-10421
-10643
-10899
-12655
-13137
-15072
-15487
-16079
-16503
-17436
-18224
-18514
-20217
-20217
-21109
-21285
-21475
-21467
-21758
-23023
-22200
-22738
-22853
-24377
-23663
-25231
-26207
-25020
-23431
-24116
-22845
-20873
-23835
-25219
-23248
-22759
-23882
-23489
-21801
-22017
-21963
-21520
-21630
-22251
-22902
-22474
-22027
-23741
-24098
-24028
-25295
-25260
-25643
-27274
-27819
-25967
-25423
-26682
-27988
-27894
-28207
-29252
-28978
-29638
-29477
-28389
-28251
-27906
-27505
-27709
-26000
-24526
-24297
-23989
-24611
-24845
-24291
-23255
-24829
-24212
-23477
-24256
-24572
-24660
-23677
-23016
-23966
-25148
-23648
-23459
-23177
-23164
-24001
-25145
-24772
-23844
-23776
-22547
-21552
-22183
-22297
-21857
-20729
-20639
-20146
-17707
-16960
-16235
-16500
-16378
-15424
-16127
-15903
-14906
-14751
-15118
-13245
-11541
-10745
-10788
-9224
-8374
-8612
-8470
-6872
-6619
-7204
-6192
-6599
-7442
-7857
-7516
-5877
-6287
-7909
-7432
-6399
-3750
-2065
-2327
-3388
-4535
-3000
-1940
-2355
-2816
-2065
-1431
-947
-154
-547
-2372
154
42
-292
-2150
-1526
206
41
-1120
-165
-678
-2031
-2878
-2576
-611
-1451
-767
-6
181
-666
-568
888
2829
2026
553
-13
-171
-91
-573
-826
-1156
-870
-983
-556
625
336
-561
-71
-108
758
-505
226
-219
-967
-274
-461
-1776
-2107
-807
-684
-591
-387
436
807
-125
400
760
-151
756
981
963
674
1311
2179
3282
3666
3635
1479
-146
508
744
1538
723
1367
1846
1141
1705
1329
826
46
820
2418
2203
2043
1998
808
38
784
1394
910
-1621
-1935
-41
209
538
561
240
-1035
-1127
-1303
-1676
-2171
-1804
-1780
-1672
-1145
-1465
-1135
-2015
-667
-156
461
-613
-1235
-2686
-5173
-6397
-6818
-5520
-3506
-3318
-3597
-2934
-3228
-2753
-1856
-3014
-2778
-2679
-4073
-4624
-3556
-2858
-3588
-4121
-3996
-3919
-4837
-3584
-2186
-1223
-1521
-2355
-1621
-2544
-3315
-1159
-356
-896
-1630
-2355
-918
408
1652
2006
1789
1071
1074
2836
3594
2030
1512
1254
8
-1737
-1088
96
-354
-417
415
-1130
-1107
-586
738
2164
3028
1681
2373
2146
1993
1428
1749
2395
2460
3150
2562
2501
2447
858
1105
571
1098
676
-351
-421
-461
-829
-1849
-807
-445
-359
-1514
-2342
-2962
-2162
-1724
-3304
-3481
-4378
-4531
-3471
-3484
-3848
-2687
-3092
-3242
-2693
-743
-339
-1949
-2868
-1862
-886
-705
-2185
-2183
-2379
-2664
-2608
-4529
-4768
-4469
-3117
-2346
-3289
-1600
-591
-1217
-207
-175
-1197
-1497
-2317
-2812
-2164
-1443
-498
1090
1302
2207
1087
-162
695
824
-802
238
573
-528
-524
-185
715
414
-314
360
53
-154
504
1205
1630
651
-303
-57
238
1143
1523
1405
2177
1798
930
1279
1790
998
572
1741
2885
2198
2434
2582
1231
2106
2678
3573
3077
1097
1847
1123
1648
1287
-1381
-2682
219
1694
-897
-1172
-822
-2022
-2148
-2542
-3218
-3013
-4171
-3717
-2311
-2900
-3175
-3116
-2298
-2113
-2521
-2826
-3297
-2617
-2718
-1076
-1100
-2041
-2019
-3356
-2997
-2161
-2631
-2754
-2166
-2935
-3055
-2470
-1601
-741
-304
-443
409
267
219
-425
-657
-1000
-2281
-1431
-850
413
-283
-2524
-2106
2394
2516
-23
-354
-531
1184
1237
431
-168
-1095
544
1952
740
-546
-1376
-682
-2096
-1836
-2326
-1829
-28
-353
-854
-169
-252
-493
776
1254
1489
585
660
2057
3348
3543
1290
1157
764
-334
-272
-1449
-1778
-1721
-1426
-940
535
1211
832
808
-164
-714
-1037
-500
-1323
-2848
-2887
-2766
-3428
-2731
-2806
-3583
-3386
-3052
-2880
-2905
-3845
-4145
-4058
-5551
-5351
-4535
-3990
-4345
-3443
-2568
-3416
-3272
-3683
-2257
-2078
-2722
-2719
-3438
-3304
-2144
-1113
-1258
-2159
-2438
-2792
-2944
-1925
-2099
-4091
-3592
-2302
-2159
-2437
-2386
-1789
-1994
-1408
-2054
-2253
-1350
-580
-339
-408
443
511
1362
990
-345
-1450
-2939
-2131
-293
-1689
-2444
-1080
-1812
-2107
-351
622
-943
-156
1286
2077
1497
802
-154
2184
3155
1617
1382
1794
2532
1608
946
984
1066
1027
1030
2488
1571
-656
512
798
881
1003
96
-754
-44
122
-341
-1372
-1732
-1471
-1946
-1981
-993
-2155
-4350
-5072
-3718
-3327
-4411
-5739
-4870
-4256
-4348
-5346
-5881
-5498
-4565
-4545
-5304
-5693
-3739
-3635
-3473
-1858
-2301
-3582
-4353
-4605
-5104
-6086
-5735
-4387
-3746
-3232
-3397
-3739
-3725
-3316
-2173
-1724
-2771
-3846
-3242
-2944
-1898
-373
-112
-1713
-1825
-1760
516
883
-775
-1235
-240
1011
1576
368
338
-23
726
626
2169
2756
3299
3057
2319
3238
1427
832
824
874
1851
2500
1137
134
247
-169
36
272
319
-1185
-1325
-1035
-1622
-1166
-379
-372
-898
-1099
-872
-2138
-3551
-2592
-1375
-1213
-3505
-3707
-2798
-3567
-2969
-4399
-4737
-4170
-4329
-4904
-3569
-4589
-5313
-5475
-3038
-1892
-2115
-2489
-2520
-2615
-3175
-3037
-2314
-3464
-3659
-4180
-3845
-3667
-4396
-3212
-3222
-3708
-3145
-3464
-3191
-2388
-2589
-3259
-2443
-1523
-857
-1849
-2311
-2670
-3417
-2185
-2684
-4237
-3275
-2205
-2010
-1211
-1972
-1661
-2906
-2118
-1036
-2377
-2020
-1825
-2614
-2765
-848
-740
-2768
-2522
-1983
-154
-240
807
1876
479
1337
2495
1532
77
-1130
245
-981
-2117
-2392
-2547
-2235
-3372
-2505
-2503
-2769
-3540
-4536
-3041
-2290
-2785
-2455
-2491
-1205
-446
-315
-417
-1412
-1395
-2378
-3073
-2204
-2327
-2530
-2346
-1889
-2050
-493
-27
-583
-572
-772
-689
-1672
-2309
-2194
-2761
-3412
-3228
-3270
-1822
-871
-1352
-458
-1431
-1551
-325
-1826
-1240
-551
113
1759
609
-960
-1208
-1187
-1757
-2804
-3655
-3099
-1864
-1369
-125
-708
-543
-1410
-1468
-745
-1170
-2387
-2278
-1292
-2619
-2976
-3786
-3550
-3183
-2021
-1417
-1224
-912
-252
-372
-72
241
-4
1270
343
232
151
-723
-286
-263
-561
-572
-1423
-1035
-173
185
-672
31
-541
-1384
-154
1182
110
268
-848
-1518
-1979
-1294
-2080
-3828
-2682
-2601
-2035
-1253
-779
-1149
-149
767
-1329
-2231
-332
972
2077
1156
-140
-1764
-1491
-1482
1067
282
-851
-1026
-1772
-800
-41
485
210
-1013
-1249
-390
808
1754
1130
238
77
-142
510
-14
-141
-1970
-1478
760
270
-582
-181
-1088
-2124
-1609
-1339
-3568
-4090
-2388
-694
-693
-664
-1156
-1489
-2181
-885
-595
-1912
-3202
-2410
-2239
-2344
15
-164
-859
-579
-207
1461
1741
1849
1737
203
-1533
-134
95
-291
-1428
-1418
-139
223
1315
693
800
665
-1874
-2067
-367
45
-616
-953
-2129
-1840
-783
-525
-1586
-1175
-531
-605
-1354
338
308
-1424
-645
-1186
-1249
-834
-1000
-1709
-1932
-826
-1094
221
444
1427
1351
1951
2292
1238
750
803
978
-835
-1188
-569
-14
111
-1386
-378
-272
-1023
-799
-793
-218
-1073
4
818
1402
1308
-555
-290
-118
-174
-639
-520
-1082
-1957
-2043
-2756
-1255
-442
621
-202
-1329
-1413
-479
-329
-1821
-866
-1232
-1744
-221
142
459
-1237
-1790
-62
1136
1503
574
306
1161
448
1208
1436
1981
2324
3068
3365
2247
2247
2221
860
1159
1478
-153
-246
-1416
-1293
-1041
458
657
909
1190
944
445
2305
2902
1972
672
515
1397
569
1226
94
-869
-625
-64
146
-532
-52
1426
1334
1430
1120
984
1707
2361
2597
1996
1720
1985
1598
717
1831
409
847
662
2779
2670
2737
1923
631
1725
1993
2338
2299
2350
1652
375
654
372
-168
-1507
-3383
-2991
-2816
-2198
-858
617
-136
-1466
-2216
-2643
-2394
-1297
-2335
-3884
-3443
-3117
-3466
-4012
-4746
-3255
-1968
-3577
-4665
-3674
-4458
-5328
-5854
-4870
-4441
-2662
-2681
-3490
-2989
-3328
-2355
-3641
-3687
-4630
-5544
-3812
-1621
-2365
-2635
-2047
-1437
-2104
-1282
-1557
-3342
-3912
-3982
-4206
-2139
-1617
-1281
-720
-654
241
-228
242
-826
-1363
-1978
-1236
585
2202
3406
2791
2462
3549
4181
3401
1678
1272
1414
1671
2290
2737
2432
3312
4313
3367
2272
3009
2425
3934
4058
3491
1818
1832
2522
2028
2724
1563
1817
2565
2818
3011
1301
119
-210
877
790
691
-243
-1416
-140
-652
-751
-452
-2442
-1804
590
474
-1451
-2457
-2635
-4772
-4367
-2942
-3580
-3776
-2817
-3020
-4879
-4341
-4489
-4247
-4232
-5463
-5563
-4465
-4403
-3901
-4485
-4112
-4083
-2479
-1782
-2394
-1627
-47
-1235
-1475
-447
-1280
-2488
-2754
-2242
-1158
-733
-896
-216
-666
-1080
323
-993
-496
-817
-328
722
2244
1510
-372
177
56
-296
-501
-1906
-1582
-493
1048
1100
1076
375
346
1145
678
605
391
339
2077
3268
2722
1284
986
-193
-1875
-1081
-316
264
-1341
-1901
-753
607
194
-249
-1390
-1377
-1269
-1034
-1259
-2399
-3787
-4009
-2144
-1410
-931
-2473
-2758
-2195
-1192
-1330
-1616
-3304
-5050
-3374
-2476
-2937
-3123
-2657
-2124
-2228
-1600
-2300
-2796
-3152
-3009
-3362
-4111
-4023
-4293
-3954
-3512
-4234
-4960
-3571
-4565
-4972
-5005
-4234
-3179
-2443
-2912
-2648
451
1127
537
428
-196
-623
-981
-1701
-1417
-653
-2864
-1689
1620
2650
2271
461
699
451
2154
2351
641
399
1714
1310
439
626
1074
390
-1159
-537
-490
806
1635
1142
2455
3768
2306
712
566
1742
398
-621
-1046
260
421
-805
-582
-523
-1110
-938
-1726
-2615
-2414
-2871
-2885
-3922
-3261
-3093
-3331
-3315
-3427
-2742
-1924
-2984
-3345
-3217
-2101
-2718
-3659
-3790
-2632
-1710
-2182
-3113
-3823
-4001
-4968
-4628
-3344
-3223
-3423
-3993
-4061
-2428
-2389
-2366
-3068
-3492
-4115
-3581
-6686
-6335
-4186
-4434
-5487
-4907
-5639
-3826
-2050
-1978
-2059
-3933
-4510
-4682
-4659
-3659
-3532
-3848
-4564
-3411
-3325
-2823
-3325
-2609
-965
-625
-1849
66
336
36
-672
709
774
-898
-158
-158
504
1210
1488
732
-224
1155
2940
2972
3283
2581
3691
3141
2806
2275
840
-23
70
-1369
-1559
-392
677
1109
-177
-1341
-448
1271
1122
900
922
1632
1096
1105
1692
1499
-89
-362
638
-1109
-2249
-2852
-2810
-1876
-1994
-664
-691
-380
-213
-1359
-1343
-1875
-3284
-4355
-4729
-5660
-4968
-3573
-3199
-2905
-3022
-2057
-2552
-4215
-3920
-3353
-4228
-5670
-4400
-3954
-4685
-5046
-5740
-6380
-5942
-5480
-5441
-5824
-5254
-4363
-3867
-2628
-3599
-3431
-3673
-2819
-2160
-3662
-4508
-3676
-2245
-1571
-1885
-2477
-2179
-854
56
1807
3350
3609
2520
1502
2103
2294
1708
1953
2903
1964
2152
1153
2279
3074
2732
3061
3562
3614
3839
4870
3356
2235
878
216
13
1252
752
-250
-717
-479
-162
-274
-1410
-2153
-1600
16
-430
-1123
-1726
-3788
-3576
-2257
-1940
-2139
-2464
-1853
-1341
-1698
-4185
-4491
-1708
-791
-2511
-3382
-2725
-3782
-2805
-1450
-2033
-1669
-1706
-2007
-2958
-3904
-4329
-3552
-2365
-2093
-653
-1041
-1972
-2275
-2397
-981
-1474
-1469
-2013
-3422
-2122
-1224
-766
-1451
-1494
-34
-1534
-1478
-670
-887
-1761
-409
1116
494
868
1652
1786
1810
2629
2468
2796
2240
2003
2494
881
1471
1808
1955
3058
2455
2075
3159
3908
2762
969
1538
1333
445
68
444
-422
407
-484
-1222
-615
-851
-2106
-2501
-1207
-66
-463
-871
656
604
-21
-1226
-1137
-673
-1338
-1841
-667
-1066
-1353
-1697
-2038
-2588
-2702
-2319
-1799
-239
934
1135
-501
-1235
-387
-3280
-2342
18
-1566
-2267
-3661
-2779
-1752
-1306
-708
-1805
-1921
-1011
204
1204
632
-477
-1515
-1059
-1288
-137
329
-961
-582
-486
-1122
-548
-1029
-1332
-936
-86
374
-772
-2052
-1866
62
118
455
1870
3178
2856
2584
3783
3326
3227
3543
2272
1811
3757
3621
2780
2477
1811
2603
550
-982
630
1075
702
1130
1516
495
542
-1338
-1846
-1203
-528
50
-235
-1788
-1204
773
-74
-1560
-1520
-2258
-3755
-3917
-3716
-1838
-1112
-1599
-1517
-636
470
879
1153
1422
1580
1662
1216
1329
1162
-452
-575
-1963
-3982
-3035
-1498
-25
274
-909
-659
-607
-2881
-3164
-2706
-1508
-1149
-796
-877
-1642
-853
-522
997
537
1390
714
-61
1
-347
-4
-305
-306
102
-455
288
332
-1012
-821
-1374
-295
406
-1192
-1130
256
2274
4392
2255
1620
588
835
1168
1221
1218
25
1077
2812
2679
1506
-366
-1670
-254
171
-213
-891
-1438
-1271
-655
-945
-287
393
-435
-1417
-1230
-748
436
-227
-1825
-1939
-550
1098
741
1038
392
-1151
-446
-601
-870
-196
79
806
1107
2210
1927
942
515
1934
1841
1155
-134
349
-472
169
-112
-1138
-1180
-1557
-1595
-1178
-738
131
-377
-1646
-384
-486
-509
-845
-1596
-751
-1498
-1874
-2578
-2088
-811
-472
-661
-439
-1288
-740
-206
178
-1685
-1300
-1458
-2077
-2574
-3024
-951
-242
431
1629
48
-1448
-2012
-1205
1145
801
-177
1056
594
226
317
-630
-721
-310
-1526
-664
-1249
-821
-870
-23
560
1605
615
-1026
-659
-1544
-1278
-1609
-2180
-546
-35
1723
1555
478
477
368
1184
1270
642
1949
2397
2472
1392
634
-1542
-655
668
2576
2023
1859
2962
3169
3373
2640
1931
1154
-631
231
-923
-1314
-1266
-3247
-4396
-2824
-3361
-4590
-3975
-2907
-2161
-838
-1237
-639
-1117
-349
1040
-369
-1688
-1306
-11
-868
-2225
371
1182
-812
373
1829
1775
580
647
1009
907
-522
-1208
-55
1670
3033
3281
3532
4061
3688
4730
4966
5791
4112
2789
4526
3899
2824
2931
2521
751
650
-458
718
1492
-365
60
731
144
-1061
-2600
-2015
-2057
-1335
-254
388
1481
64
-613
-1102
-860
-1314
-870
-60
330
-281
-1226
-972
-2086
-306
1222
952
-898
-548
847
440
-1182
-2392
-1784
-13
-103
-1978
-1059
-253
612
-335
-1122
-744
-45
-68
-687
96
-2178
-2345
-2140
-617
835
-299
-513
566
426
1188
2386
1430
141
1128
834
-100
2557
3475
3514
2331
3224
3684
3400
2631
1580
1546
1234
2594
3295
3413
3492
3328
2923
3131
3745
3902
3210
4503
4537
2987
1965
2283
2450
1484
1774
1512
335
563
374
-460
-1440
-1540
-2093
-2339
-3475
-5874
-4560
-2289
-2483
-3180
-3235
-2394
-2552
-3430
-2143
-1731
-2524
-3495
-3159
-3177
-3054
-3421
-3244
-2365
-1044
-869
-630
790
1998
2325
2766
2497
2343
1720
1306
1643
61
-92
-318
-1902
-961
112
1305
733
1970
2108
633
551
624
1442
549
-716
788
1843
2573
2593
1224
2346
3298
3507
364
1492
3841
3868
2872
1880
1181
-960
-32
1694
2476
3533
4566
5060
5556
5805
3576
3761
4238
4072
3613
2592
2886
3994
3944
2916
3707
3107
2466
2736
3772
3581
3359
4133
1880
979
268
512
-231
-2585
-3504
-1115
518
-1689
-2126
-764
-106
-1353
-1501
-2012
-1530
-1255
-1508
-1519
-3874
-4186
-3011
-1589
-1676
-1220
515
769
841
1745
1828
177
84
704
62
714
1535
392
-498
666
1016
510
1328
2248
1892
1079
1020
1060
1875
2073
1293
1355
933
158
1921
2103
1448
230
-1335
299
1308
1150
401
1407
993
807
2271
2363
2608
1047
829
2603
2708
2637
3165
3717
2641
2528
2612
3047
3410
3036
4282
4424
3671
3165
3683
3188
3478
3772
4822
4634
4632
4859
6228
5331
3966
2755
2814
895
-548
-869
-1795
-1301
-686
495
443
1142
1140
-425
-14
1590
1462
241
18
-375
-1300
-1117
-316
1506
3033
2700
1044
1106
1920
2393
1539
301
-214
20
-351
-810
-342
686
466
-248
-1029
573
1867
1867
1721
1239
2357
1417
2105
1201
4
809
272
-1030
-632
-994
-1463
-524
1049
1309
181
784
1905
2658
1947
2231
2139
-271
-121
1000
98
302
728
890
2019
1764
741
287
862
55
736
243
1642
1718
1207
1359
3038
3369
2829
2039
952
1726
1714
2859
2520
1183
2046
2540
2804
2748
2604
2119
3135
3516
1865
2414
2195
2565
1834
533
314
-470
-406
847
1088
391
534
88
1497
2707
2379
1708
2563
2874
1754
421
1176
1242
649
-517
-704
-651
-1523
-2953
-3712
-2046
-384
-837
-564
-470
-610
-362
-447
-851
-1188
88
-627
-1107
-1127
-2610
-2616
-2771
-1922
-260
59
-793
-1181
70
-350
832
322
-1020
967
1706
1667
2742
3353
3194
2447
2878
2790
3818
2921
2353
3075
3008
2431
2877
3401
4452
3240
2065
3592
4014
2309
2227
3748
3522
3089
1799
1972
4158
4743
4668
3175
2420
3481
3729
2256
1862
2774
1262
1455
964
476
1270
1942
2689
976
1135
713
-393
-444
117
807
-385
1744
2798
1816
850
-75
-439
-267
-494
-1136
-1743
-1902
-1890
-2111
-2467
-2049
-448
-1616
-1893
-1249
-1459
-1853
-2077
-2475
-2371
-2719
-1346
-1048
-545
-2093
-2536
-2260
-2827
-2440
-1475
-2173
-3429
-1268
-161
1771
671
-320
1359
2138
2461
2411
3440
4006
3069
2105
2566
2917
1991
1730
1133
2254
2047
2001
2211
2461
3029
2921
2931
1553
568
648
1644
2838
1585
1149
453
-456
-322
-583
-1190
-927
-1013
-1048
-225
-453
-456
-1397
-2029
-1092
-799
-819
-30
-851
1521
1200
-231
-877
-2138
-1621
-1722
-1377
-1506
-343
-252
-1545
-1406
-2113
-701
552
-223
-983
67
-13
-292
-688
-967
1226
968
1072
871
-544
-994
-1816
-1638
-2789
-2285
-2153
-2852
-1032
360
707
-932
-424
535
-820
-2079
-1522
-1371
-1554
-852
-11
2120
2439
3111
2126
1610
2506
1514
1084
1841
1474
1836
1990
1480
2542
3088
3058
2144
1995
480
764
1048
1842
883
-612
350
1916
1150
644
323
452
140
-522
-516
-531
275
470
219
-736
-1942
-1752
-52
1287
245
-2716
-3363
-3574
-2469
-1270
-1808
-2873
-3771
-2322
-1057
-535
-1252
-1384
-858
117
-260
-77
226
1026
1063
1417
1803
2391
1393
1445
2277
1618
1227
1119
1279
629
557
1177
698
111
-61
-877
-1153
-928
974
394
75
-1398
-693
231
-885
-2070
-1323
-1504
-360
-510
-164
-59
-691
444
64
-385
346
539
-478
-2021
-525
-124
20
1854
1306
919
273
409
1022
-184
-1041
-569
-768
-553
-334
706
1128
2308
2375
3353
3417
3076
2857
3347
2269
951
486
-731
-366
-1516
-2836
-1982
-1837
-2098
-1597
-1618
-1296
-1213
-827
-230
-423
-2088
-3653
-2179
-2624
-1726
-1095
-1066
-2192
-2447
-2093
-1421
-1474
-1737
-1159
-2
1578
2706
3221
4247
3824
2879
1398
1629
1999
116
100
-1127
97
1424
38
1845
1810
1749
883
-502
688
375
216
-101
211
265
273
-676
-1829
-582
242
-263
-438
-1448
-1625
-1252
120
313
-753
-1202
-1414
-878
-854
-1601
-2614
-2344
-1859
-1934
-3545
-2251
-1060
-1188
-780
-1943
-2526
-2718
-271
1375
2325
845
-1301
53
790
395
940
1577
345
179
1319
1998
2148
986
1615
279
-76
749
-140
-2009
-3116
-1907
-430
-53
-205
-1670
-1567
-1977
-2148
-2995
-3358
-3592
-4380
-3120
-898
-758
-498
-2390
-1653
-358
559
2113
836
110
-212
-1012
-1586
-1181
-1765
-1028
318
-56
703
1080
1108
-402
-1007
-553
209
1057
1957
2862
3021
574
349
695
2175
1841
-484
-778
350
1562
1011
1243
1515
1993
1857
1644
1452
1690
1151
885
716
50
784
1939
926
353
2162
2319
2283
1920
1109
666
-426
1972
1573
1180
455
-581
-777
1618
3247
1096
-1078
-1381
-644
250
1481
407
-1465
-3685
-1488
1030
645
277
-387
-151
925
1726
1705
328
-854
-507
-142
-2098
-3419
-3594
-2535
-1787
-1508
-3729
-4384
-5141
-4515
-2972
-3609
-4636
-3885
-2906
-2535
-2752
-3371
-4586
-3680
-2407
-2075
-1635
-877
-540
-1279
-71
311
-1825
-2631
482
1600
1580
631
-1227
-1351
-1364
-356
731
1880
1095
1069
2787
5045
5879
4844
3249
2115
846
1927
2158
3076
2339
2232
2286
2433
2945
2710
2496
3377
4989
3904
3654
1520
1466
2386
1907
74
-529
-550
-705
-490
-699
556
303
-1383
-1197
201
759
770
-1592
-2200
-2645
-1930
-1411
-4118
-5126
-4378
-2340
-1117
-1458
-2514
-1888
-1319
-1795
-2036
-2653
-4012
-3192
-3506
-4440
-4868
-3557
-4274
-5204
-3699
-2690
-2466
-2519
-1353
-2247
-2780
-2034
-2471
-4019
-3297
-2520
-4610
-5063
-4177
-4040
-2831
-2921
-2097
-2411
-795
-544
-641
121
-1048
-1826
-941
-237
1398
84
-1986
-690
-669
227
65
-1251
-620
-181
868
-806
-175
572
713
1433
2276
2281
1160
728
1900
1900
1038
-193
-723
-291
415
1372
1348
1125
2567
1676
647
-67
-721
-974
-973
-2270
-2707
-3319
-3260
-2037
-2483
-2065
-1869
-3178
-4183
-2625
-3013
-3065
-2677
-3156
-3645
-3509
-2333
-3248
-3793
-3111
-1852
-1010
-1807
-1153
-812
-60
-862
-1850
-1045
-2118
-989
-568
-1468
-666
-1097
-1124
-1142
-2324
-1917
-1804
-2517
-1914
-1754
-1812
-2391
-2553
-1849
-992
-295
-886
-1764
-1848
-2190
-2421
-2778
-2249
-2024
-1289
-1010
-580
-401
-1194
-1759
-1775
-1385
-707
-144
1057
1207
-835
-1052
-289
8
-755
-7
404
215
917
1185
573
55
636
790
1821
1524
550
898
1077
2498
1677
-264
454
-46
-1242
-1586
-2134
-3599
-2382
-1786
-3221
-2517
-2529
-2467
-2709
-3680
-2908
-3375
-4849
-3889
-2788
-3725
-4507
-4129
-2669
-2162
-2176
-3141
-4301
-3992
-5628
-5200
-4418
-3786
-5802
-4983
-2290
-2714
-3593
-1440
-1670
-1219
-1398
-1481
-1271
-3406
-2010
-2159
-3239
-3655
-1089
-1410
-3361
-2995
-2280
-4234
-4300
-5197
-5901
-5068
-4525
-3671
-2585
-1822
-650
-1932
-2572
-803
-1842
-2605
-5024
-5707
-4211
-2920
-2302
-3383
-3349
-2455
-1550
-671
-1581
-2643
-1409
-945
-799
-1251
-789
624
678
157
-714
804
-478
-926
708
1541
488
134
-68
760
732
667
2010
1539
1468
-314
60
1249
328
265
-994
-1983
-130
844
1107
-250
-729
-378
-555
-793
-925
-994
-1364
-524
-385
-936
-396
-2027
-3423
-3377
-2988
-2772
-3159
-3891
-4053
-2547
-2690
-1174
-478
-1009
-851
-963
-798
-45
-465
-1899
-1366
-2854
-3814
-4417
-4308
-4225
-4357
-4007
-4840
-3562
-2886
-2515
-2556
-1620
-1918
-3458
-3820
-2713
-1738
-1095
-1035
-1877
-2481
-3700
-4600
-3765
-2416
-2432
-3604
-2858
-1682
-702
-618
-769
274
-1357
-1147
-900
-698
114
255
-17
397
74
151
535
1585
2139
-190
-1083
1481
1142
65
-288
-1957
-1425
-104
1556
1141
1897
2622
2989
3095
2826
2820
2256
1328
2533
2231
839
862
1998
1018
-1672
-2666
-2925
-3074
-1858
-1502
-1424
528
504
-1291
-2250
-2769
-2386
-2027
-1622
-2321
-2919
-2240
-2091
-1324
-904
-129
-1409
-3021
-595
236
-856
-436
-612
-1594
-2074
-851
-167
-1596
-574
-91
-894
-1312
-377
-110
-105
1034
1224
2248
1584
-390
-390
-574
-714
577
851
124
1228
61
-957
1307
2155
1408
1608
1757
1264
1614
449
-782
-467
-829
-901
-5
1072
172
-9
-729
-998
-1808
-2231
-1732
-590
-1292
-1943
-2342
-3958
-4430
-1883
-1533
-1270
-2473
-2575
-1749
-2805
-2309
-2256
-3065
-2298
-3128
-4273
-4341
-2828
-1258
-688
-666
-1963
-3006
-2843
-1318
-1163
-2615
-3077
-2389
-1701
-3
-79
-1885
-2455
-1854
-2766
-2480
-2187
-2166
-1533
-2276
-1840
-1673
-1498
-1212
227
-881
-1700
-2476
-1843
-838
-329
1287
1179
-464
-160
1164
1715
1633
1287
2831
2415
2874
3613
4241
3604
1457
641
1703
1679
305
461
-343
965
696
1413
2643
1267
739
1299
1473
2025
2042
1359
884
978
1977
-532
-688
-20
724
1983
372
-483
1123
255
-918
-587
855
1984
470
-407
2003
1484
-353
-660
-163
32
-608
-1103
-977
1161
1608
290
1454
2223
2564
3441
2843
2319
1392
444
493
469
322
378
1700
1846
2091
2957
3385
3346
2473
2878
2839
3741
2758
478
-1133
1016
1720
1085
-350
-1053
-1316
-1739
-1845
-1705
-1896
-1105
-1157
-1771
299
2413
1968
1395
1172
212
295
570
946
1561
1460
1762
2821
2118
1008
-30
-586
282
527
103
-116
-345
-615
-1255
-1778
-1231
229
629
-1287
-805
-4
-781
-3253
-3362
-2522
-3372
-4426
-3394
-2895
-1756
-1392
-1424
-1618
-2548
-1628
-1014
-633
-537
-61
112
679
1316
1318
499
-1035
-1076
-2370
-1528
-398
266
1693
2035
1967
1878
1274
2320
1883
2955
2847
2457
1728
1408
1999
1265
1837
2187
2103
1762
2321
3377
2797
1921
3024
3480
3747
2894
1880
1264
1616
1409
869
206
-1673
-797
-358
-989
-637
-1193
-1164
1508
1796
1262
527
1012
765
233
-1056
-1972
-1522
-294
803
941
995
1186
2063
1541
3060
2331
-522
-1304
-114
772
-301
-1388
-1649
-825
-960
-346
512
482
-1151
-877
-1183
-1465
-1618
-852
-1051
-1878
-1401
-1165
-882
-3019
-3116
-1861
-1888
-1500
-24
-279
-1539
-910
630
1314
-256
-1418
-2107
-2485
-945
-1279
-974
-235
-1731
-1760
-1815
251
1301
320
728
321
835
765
1407
2324
3050
2235
1464
1406
1562
788
291
101
-469
207
1023
3134
2708
1823
482
1355
1148
1436
-282
-724
-642
-830
355
842
373
-392
1580
1296
-202
-1838
-273
1273
1316
494
1600
2593
1682
1721
1999
2530
3824
1572
-271
300
1517
3077
3058
2085
3882
3910
3248
3186
3922
4765
3100
4228
4493
1806
1244
287
-940
-2242
-1694
-2709
-2627
-1423
-253
-1109
-1592
-473
436
499
-658
-2514
-2795
-2742
-2073
-2627
-3925
-3414
-3388
-4385
-3463
-2516
-1866
-969
-510
-1490
-1822
-2135
-2400
-1965
-2397
-3077
-4119
-2291
-1129
-1698
-2272
-3594
-2860
-1656
-1250
-1816
-544
1066
513
259
-2347
-2071
-1284
-1388
-2153
-1684
-3162
-3253
-3086
-1860
-1793
-2292
-1546
-1748
-1611
-1922
-1715
-1388
-1123
-19
-1529
-1240
-749
-427
-1142
-1177
-1552
-2274
-197
-263
-1810
-988
-927
-626
5548
6467
6193
5719
5389
4136
5102
5527
4661
5385
6058
6969
5999
4208
4830
5475
5136
5547
5113
5766
6058
6982
7460
7238
5749
4319
3841
3280
4576
5492
5735
4692
4854
6339
7688
6969
4782
3832
4335
2886
2150
2973
2113
2270
2771
3986
6083
5231
3553
3626
4443
4214
5067
4439
4298
3523
4354
5619
5436
4163
4400
3930
3449
1194
2491
4912
4858
5047
5531
6753
7446
6002
4648
3542
3821
3394
2699
3673
3058
3090
3296
4387
5899
5153
4981
4746
5521
5082
5148
6786
6424
5230
5997
5900
5847
6387
7394
8057
7057
7356
6769
6959
8478
8688
9689
9215
7977
7184
7060
7889
7882
6155
5929
6504
7788
7892
7854
7383
6705
7730
8379
7637
6342
4559
4701
5606
5638
6352
4572
4146
4498
5332
5784
6406
5592
4329
4916
5281
5012
4171
3868
3466
4414
5202
3556
2930
1916
640
-163
806
902
1402
1347
522
-358
-117
649
1632
1783
579
1002
1388
2517
2973
1932
2041
2644
2797
2589
2086
2930
2500
2925
2845
1552
1631
2377
2001
1816
2258
1599
1069
1937
2306
1147
2734
2575
1585
2391
2278
2430
3285
3213
3649
2785
3497
2742
2716
3986
2021
1847
1962
2736
3989
3233
3832
3404
3554
3612
3037
3228
3931
3735
3108
2844
1649
2587
3085
3547
3558
4784
6542
5208
4947
3945
3293
3060
2135
1451
2231
2003
4795
5261
3632
2994
3075
2942
1877
2903
1288
2162
1001
1363
2602
2381
1982
1003
695
576
2732
1682
1339
915
556
1231
1005
1532
1050
1639
1133
1126
2210
431
246
565
890
1003
905
672
2106
686
541
2086
1367
846
1008
352
1663
2104
1646
2013
2297
2230
1069
756
951
898
1597
1668
2094
1940
1515
1867
1433
22
206
2172
3368
3861
4047
3216
1707
2266
2990
3652
2650
1956
1329
342
230
528
1288
2065
1511
803
798
1886
2557
1685
1694
1472
1419
1519
2885
3517
3283
2771
2230
3162
3097
3561
3034
4287
3153
1763
2536
2593
2921
2000
1333
598
232
396
946
807
713
1714
1831
1824
1883
2683
1938
701
907
1314
1654
2339
2505
1459
1861
2026
2500
2873
1411
403
682
434
714
961
49
526
168
-377
505
-61
-99
-882
-1165
-2054
-1270
-532
266
325
-69
504
-581
-1301
573
1711
2169
182
-2543
-2594
-699
-378
-587
636
-757
-684
-1754
-2221
-739
-404
-1486
-620
723
-626
-619
1028
378
183
716
-446
-616
-273
-473
-1301
-584
115
4
-1168
-598
1066
-272
-756
-607
-63
71
1442
1337
1524
1290
273
84
-158
-401
2316
1142
-95
-313
65
-2
-1167
-27
-108
326
292
512
1946
581
-880
-651
454
-150
-338
-516
0
-797
-448
-244
145
714
-937
-1573
-191
-19
359
-1290
-2026
-1872
-3039
-2861
-819
-906
-1940
-2594
-3521
-3290
-2721
-2333
-1907
-2387
-2390
-1994
-1361
-659
-408
-168
-1368
-2681
-1828
-1293
338
90
-571
301
-188
594
-1299
-838
-215
564
509
841
271
472
1466
1644
1976
1556
1995
2602
2937
3325
4162
3795
3471
3658
4449
4853
3234
1461
1465
2143
1617
2485
2413
3306
2494
2148
1476
2352
2957
1316
2166
2011
1285
67
684
-17
-680
216
-778
-1768
-1014
1185
1768
1651
3480
3390
2593
1556
-418
-778
-1124
-858
116
-617
-2041
-3008
-2488
-1622
-2082
-2451
-3500
-2165
-1015
-2018
-2825
-2152
-2196
-3454
-2267
-311
-459
-436
-535
-1927
-2245
-3045
-3422
-2160
-1915
-2131
-3718
-2354
-1826
-2363
-2325
-2636
-2545
-4088
-2474
-602
317
-335
-756
-567
-1270
-2763
-3619
-1697
-1756
-1453
-2239
-1866
-992
-378
1525
2113
2457
378
-413
-97
394
-19
976
1583
947
1319
2341
1938
1610
1558
758
580
718
-92
-426
302
135
368
840
990
-293
-99
-470
-2107
-1766
-505
-612
507
-16
-1536
-385
371
965
-398
-853
-964
-1816
-1812
-1262
-604
637
1803
1950
1317
1228
1508
802
-810
-296
252
-2259
-1971
-1297
-2235
-2054
-863
-349
-2528
-1692
46
-93
-579
-1252
-1630
-2874
-1870
-1011
-2206
-2011
-1989
-2435
-1145
-2413
-3512
-3978
-4178
-2243
-2126
-2873
-2318
-2988
-2297
-2129
-3062
-2957
-2991
-2745
-2120
-2535
-3215
-3223
-2598
-1540
-833
-3064
-2783
-2977
-4085
-2493
-2029
-3113
-2968
-3839
-3002
-3266
-2719
-1500
-797
-450
-655
-973
-1944
-862
-1106
-2442
-1538
-946
-330
365
-93
-134
-198
-337
-1533
-1226
-1300
-270
-910
-1869
-2483
-3105
-2997
-1909
-897
-1581
-413
810
387
1900
1761
3053
3213
940
1188
1648
1764
1085
-336
1256
1574
1320
2040
2315
2242
1891
2071
2485
2195
1728
864
550
1108
829
-607
-795
-149
-888
-1122
-768
-2012
-1187
-644
-711
-857
-413
527
-827
-1253
-951
-1447
-1641
-897
-1193
-1605
-1553
-666
-1072
-1353
-442
193
-121
-1463
-1973
-2105
-3176
-3047
-1523
-2441
-2985
-1828
-2289
-2845
-2116
-1521
-1199
-515
1049
1431
386
-370
335
-15
-1123
-1304
819
1794
709
-548
-1537
-2082
-37
308
-50
-520
-166
258
-463
-836
-1087
-1859
-3024
-3252
-3130
-2087
-3008
-1287
672
-561
-1156
-1612
-1573
-3168
-2204
-1340
-1988
-2664
-1760
-1763
-1323
-605
-3515
-3377
-1991
-352
-598
-1506
-1901
-2202
-2436
-2514
-2822
-3538
-3716
-2624
-3196
-4184
-5002
-4760
-5170
-5163
-5042
-5147
-4081
-3273
-2189
-1937
-1181
-1102
-1623
-3038
-2945
-3097
-2557
-1922
-1909
-1390
-2862
-3320
-1613
-1520
-1233
-1369
-1436
808
62
299
816
234
913
2762
3477
1666
1559
1737
1710
1566
1715
277
-270
1351
2143
1992
508
214
2058
3180
3045
3299
2486
1521
283
1674
3007
3389
2680
2322
3022
2683
2183
2434
2192
942
1326
1833
1359
616
-489
1262
410
-779
-592
-1463
-1547
331
35
-1722
-1362
110
-1044
-2621
-2891
-3413
-1080
-470
-1720
-2345
-3049
-3218
-2809
-2265
-2909
-3385
-3543
-1897
-2627
-756
-1932
-3301
-3035
-2563
-1922
-869
-2725
-3242
-553
-215
-1748
-3346
-2192
-1112
-2257
-2557
-1412
-1623
-3169
-4600
-4388
-3443
-3668
-4436
-4786
-3260
-2156
-2707
-702
-282
-1713
-3447
-3123
-2497
-2155
-822
-2506
-3973
-4910
-4501
-2934
-2892
-1475
-1825
-3143
-2593
-2315
-944
-1138
-2292
-2999
-4122
-5195
-3578
-2384
-1481
-893
-248
195
184
-34
881
296
1353
1522
1076
1754
1596
2217
1204
2632
2816
1919
1618
1108
2319
1343
604
1417
2069
1490
725
732
216
1539
2133
976
321
1553
1260
-374
732
1612
429
364
769
739
-156
-610
-422
107
-727
132
56
-958
-159
137
1916
1233
-507
-1251
-1247
-696
-2359
-3268
-1891
-2107
-847
-1311
-817
-421
-2672
-3588
-4838
-4283
-3064
-3461
-3355
-3509
-4030
-4436
-2345
-2954
-4044
-4788
-5449
-6352
-7350
-6098
-4179
-3969
-4781
-5732
-4820
-3703
-4328
-3607
-4292
-6208
-6295
-4768
-4878
-5232
-3740
-2760
-3596
-3820
-1618
-2234
-3360
-4019
-4744
-4864
-3658
-3606
-2775
-3112
-3591
-2802
-2693
-2459
-1375
-992
-569
-822
-880
-620
-925
-942
-396
469
714
-1048
-2709
-2900
-1983
-2153
-2657
-2207
-3287
-4842
-4952
-4605
-3067
-1523
-2675
-2970
-2054
-1160
-1287
-791
-442
-851
176
-909
-835
-540
-470
-286
671
467
-323
627
118
-1837
-949
-1648
-3046
-1502
-805
-1490
-2432
-1557
-1578
-2314
-2859
-1740
-1756
-1668
-691
-960
-1057
-1939
-1094
-1559
-2751
-2228
-2599
-3715
-3810
-3419
-2723
-3937
-4635
-4253
-4010
-3873
-3837
-5535
-4942
-3111
-2894
-1845
-594
-1971
-3146
-4556
-2412
-321
-1073
-1685
-1378
-153
-113
537
-184
-1977
-2042
-1692
-1388
-1483
-2268
-1632
-2020
-1591
-1565
-2394
-1053
523
-852
-2675
-3177
-2608
-2607
-3309
-3977
-2592
-3084
-3883
-2471
-1388
-1858
-3664
-3730
-2344
-3256
-4514
-3214
-2212
-1260
-2216
-3979
-3738
-3290
-4709
-4329
-4900
-6014
-4276
-3389
-4301
-3564
-2060
-3028
-2845
-2358
-1232
-931
-1608
-2947
-2652
-1510
-2296
-2382
-2885
-1881
-1815
-1120
-1019
-750
-1051
-1672
-1286
-668
-487
-1308
-2000
-1753
-359
-753
-738
-1418
-2792
-3662
-2735
-1849
-2094
-2002
-1970
-859
-1824
-3467
-2639
-1995
-2092
-3486
-4316
-1341
-662
-992
-1066
118
-329
-1752
-1483
-899
-319
-24
532
-600
-1025
-1133
-1387
-290
-1429
-2410
-2442
-1692
-598
-1167
-1514
-1583
-2279
-1108
-742
-62
388
-209
-1286
-2698
-3104
-2786
-2358
-428
-1629
-3163
-3708
-3409
398
1218
1059
153
-131
-804
-1015
-163
-1182
-1305
-2542
-2773
-3752
-3674
-2605
-1642
-2594
-2506
-1110
-1688
-2493
-1899
-2490
-2591
-2142
-992
140
-568
-790
-466
-55
-1005
-2348
-2214
-2394
-2472
-3774
-3675
-3568
-1985
-1205
-2068
-2086
-966
-1775
-4005
-5039
-3923
-3277
-4620
-4257
-4509
-5015
-3718
-3350
-4361
-4513
-4002
-2948
-3242
-2787
-1980
-3750
-5066
-5048
-5132
-4579
-4121
-3685
-3831
-3158
-2485
-1316
-2069
-998
-1490
-332
-609
62
-789
-585
-278
-927
-419
-185
1450
3755
4548
3645
3982
4165
2343
1363
1654
839
-270
601
1292
-168
26
1902
1981
2979
3396
2294
1708
2468
3325
3182
3029
787
820
-735
-1841
-782
-452
-300
-486
-2212
-2395
-1512
-1245
-2468
-1951
-1357
-1780
-1621
-1667
-2350
-2738
-3080
-3584
-2744
-3009
-2261
-2930
-1768
-2162
-2662
-2787
-3553
-3086
-2916
-3668
-4275
-3998
-3008
-2919
-3678
-4621
-5003
-5377
-5822
-5101
-5203
-5172
-6087
-4730
-3505
-3324
-4179
-5502
-6122
-5002
-3881
-3689
-3264
-3939
-4994
-4205
-2707
-2966
-4315
-5185
-2723
-892
-1838
-1481
-1208
-3458
-3693
-2313
-1816
-1729
-243
-672
488
1389
1399
2497
961
1347
1692
2194
2540
821
396
2540
1746
68
963
1131
1528
845
187
-302
76
978
1320
287
38
-513
-352
-966
684
-1668
-2958
-1829
-174
-799
-1315
-464
-323
-1215
-1105
-755
-2468
-2004
-1044
-86
55
-169
25
829
1418
1902
1735
1817
474
-1157
-2033
-549
-803
-1217
-2911
-886
-131
-1863
-853
597
-1188
-2176
-1045
-924
-2605
-3229
-3642
-2418
-2514
-2044
-1011
-1964
-2203
37
206
-1361
-3754
-2749
-1781
-1224
-2612
-1715
-1580
-3279
-3578
-1704
506
-995
-2917
-3475
-3439
-2492
-1320
-1716
-2760
-2878
-1398
-1720
-2727
-3515
-3335
-2467
-2196
-1644
-2159
-2595
-1338
-1316
-1843
-1616
163
-285
-852
501
722
-86
-227
957
-29
-1061
251
1427
1860
374
-1901
-2942
-1513
-508
-526
-771
-1946
-2927
-2521
-2167
-1173
-849
-2932
-2808
-3054
-3397
-1995
-2047
-1243
-956
-384
378
996
2273
1828
1990
1057
779
11
43
-878
-321
1715
334
-586
373
245
336
786
755
770
713
197
-852
-610
-404
119
-32
-941
-1516
-2255
-3075
-4039
-2431
-2937
-3751
-3731
-3288
-3063
-4167
-2246
-3387
-2540
-3852
-2395
-886
-2526
-3074
-2440
-1445
-2982
-2462
-812
-1100
-262
-1184
-1055
928
-65
140
-1636
-1137
-359
497
-1173
-1937
-1063
-1878
-1499
-643
-1015
-1745
653
2817
2531
3414
2997
3108
2340
2448
1990
1095
1417
1589
588
1287
1070
1261
1113
663
-5
115
2036
2449
1987
1267
919
581
318
22
104
243
-42
-570
-1076
-1306
-1690
-2627
-2506
-1894
-1775
-2528
-1984
-1985
-737
1422
101
-399
-1141
168
613
-1361
-3824
-3803
-3347
-3640
-2608
-1511
-1444
-1171
-1278
-950
-556
-2634
-3469
-3836
-3721
-4596
-4896
-4388
-5419
-3889
-2283
-2487
-2710
-1523
-1209
-1403
-2080
-125
-237
354
113
18
-308
302
870
613
167
-127
2035
53
376
1126
1371
940
1162
3924
3020
3139
2584
1614
704
-50
974
3112
3049
1936
2572
4112
2712
1719
2612
3556
2329
1836
1766
309
145
1257
1985
3259
2252
1105
1384
288
-43
669
-237
-2299
-1697
-1753
-2536
-1204
-1352
-2594
-1761
-2345
-3609
-2911
-1458
-1069
-1484
-1204
-1331
-1289
-2016
-2063
-1524
-3056
-3599
-4957
-4814
-5077
-5099
-2739
-2921
-2416
-2206
-3568
-4098
-2289
-1067
-2944
-3347
-4156
-3421
-3483
-2869
-2662
-3928
-3712
-2622
-1122
-2091
-2892
-783
217
-940
-925
758
2206
2657
2138
923
105
-430
-135
142
-109
-1558
-195
-677
-1873
-2259
-2400
-1877
-1173
-1310
-1432
-896
-123
242
1282
416
354
1930
1624
1854
1849
-941
404
2009
1443
-116
1280
1337
1672
3302
1820
1722
-348
-850
2033
3204
451
1039
2208
1103
-1092
1523
2049
73
-543
-249
724
657
566
269
1364
2081
1779
1490
1861
559
-262
-296
799
-110
-1560
-3033
-1689
8
-684
-788
-1333
-1661
-1143
-1310
-1839
-2993
-1431
-1635
-4123
-3279
-1759
-1510
-1007
-2234
-2858
-3197
-1869
-782
-2280
-2915
-3225
-2715
-3034
-2651
-813
-1205
-2822
-3122
-2649
-2617
-2713
-3039
-1056
-636
-1460
286
-1445
-4791
-3414
-853
-645
-1465
-1485
-2217
-2623
-1670
-1505
-1591
198
-1394
-2268
-841
204
-716
894
1803
664
37
1540
2368
2825
669
-1009
1274
3702
1973
2580
3701
3295
3897
3803
4628
3494
2840
2730
2664
3280
2199
496
1235
2150
1909
1392
1656
962
1631
2621
1097
959
2412
241
758
1809
1497
2438
1262
-583
-2228
-473
74
-363
-615
-1911
-2333
-1028
-103
412
-1463
-1127
-3047
-2621
-3220
-3462
-2943
-3527
-1531
-805
-2481
-1771
-227
-394
301
785
-1297
-2643
-1209
-1410
-1544
-1827
-3209
-2263
-2063
-582
1417
345
-2173
-2597
-1320
49
587
-1872
-518
319
-1184
-337
89
516
-750
9
1048
1981
2880
1875
236
-545
-1584
-953
-1253
15
529
704
1518
872
898
3312
2782
459
1075
340
145
144
-596
-294
487
9
759
1623
1629
2237
2118
2151
2814
1857
1043
290
-824
1039
437
-1387
-721
1301
-142
-877
-359
536
466
-368
-2706
-2205
-2277
-2283
-2134
-4437
-5552
-5808
-5953
-4964
-2517
-4375
-5113
-3825
-3333
-3406
-3948
-4395
-3675
-1233
-391
-896
-1612
-2847
-1460
-301
-832
-1513
-2848
-2283
-887
-210
1237
1260
1986
166
-156
1469
1153
-42
-561
-378
-38
-109
2331
1144
-666
579
1218
1532
2798
3102
2570
3078
3427
2631
3192
4070
4247
3648
2100
1693
3681
2785
2462
1635
1276
1356
534
880
1115
2220
2148
666
39
927
664
-564
-151
2589
2381
133
583
319
-143
1024
1551
539
2172
2203
2056
2015
1666
1456
770
-150
-1359
-170
404
-815
-843
-1352
-2469
-2861
-1046
-987
-1801
-3780
-3892
-2263
-2798
-1599
-2307
-3250
-4432
-4615
-2135
-2308
-3841
-3885
-3782
-2799
-1754
-1148
-208
32
-544
-383
986
86
-1763
-1618
-481
567
697
-1981
-830
1893
765
1216
1327
2771
2801
1793
2571
3001
2403
1557
3469
3085
1403
2149
3721
3699
4369
4085
3883
5244
6791
5283
5572
5925
6539
6335
7216
6792
6343
6547
6936
6468
5152
4058
4571
3476
2158
3544
4624
5297
5890
7666
7092
5141
4593
3607
3335
3510
2809
1257
1127
2967
2520
895
2965
5228
4252
3282
3652
3373
2921
2518
3487
5092
4754
3229
1642
1164
2497
1516
758
774
1246
4
-413
-209
470
-1298
-671
-129
-1810
-3040
-1896
-2693
-3664
-4882
-4560
-4428
-3405
-2327
-2027
-2127
-3853
-3358
-4241
-4155
-3440
-2554
-3033
-4677
-3816
-2466
-3012
-3852
-4201
-5013
-5753
-2486
-2469
-2060
-2474
-2759
-2656
-4026
-3996
-2334
-2333
-2085
-2193
-2148
-653
-84
-1650
-229
-1040
-2153
-624
373
147
-455
709
-665
-2826
-1757
-794
-929
1976
3401
3400
1724
1526
2055
1858
1516
1695
871
221
1274
1009
1603
2186
2194
2855
2163
2578
3309
3154
3913
4065
4061
3561
3928
4443
5813
4508
1877
2376
2417
838
1872
2010
1718
2291
2159
1406
3569
4409
1821
1572
3101
3093
633
-1122
-1223
-1840
-1655
-1067
-1315
-1541
-1421
-2001
-2332
-554
-53
-54
-733
-1785
-1726
-872
-1646
-1786
-1709
-2081
-2533
-2045
-1601
-122
1006
1856
1001
891
1313
1625
754
1240
2390
1845
1523
238
-387
166
390
-1398
-488
1574
2659
777
-135
765
521
618
2018
2166
1630
1517
737
1339
-241
-578
-810
-1498
-395
149
-377
-2153
-2468
-1884
-2198
-2675
-2613
-1725
-938
-29
-530
-1478
-41
273
-24
145
-13
744
1733
991
333
1000
1163
349
731
598
-864
-1760
-935
-1151
-1203
-392
546
-766
-1912
350
179
-1166
-1383
-2380
-2152
-926
9
-1140
-1322
-1519
-1853
-1310
-1398
-1645
-651
-1127
-2400
-3119
-2098
-516
-1419
-73
188
-404
-490
-787
1041
915
574
1163
2416
2259
1277
843
-988
1644
4056
3836
2775
1269
413
1022
1893
2061
1725
3102
2712
1834
2857
4697
2358
-694
-186
934
27
795
2268
1585
775
795
-201
172
739
970
959
553
597
-647
-220
1115
339
-507
-499
-187
-1467
-1247
884
384
618
956
-448
216
580
668
-97
602
96
-1182
204
-162
-813
-790
-1504
293
1540
1885
495
487
807
1493
449
-576
-2861
-1389
-548
514
787
-778
-3040
-2327
-619
-1582
-2129
-1556
-1871
-2843
-2267
-2343
-3901
-3669
-2342
-2200
-1336
-1348
-1264
-496
-316
-1125
-2278
-2373
-2097
-2616
-2780
-1483
-345
-1876
-872
-576
-322
287
933
-488
-1388
145
1792
1898
255
-431
-676
-1822
-587
408
631
2111
1422
1222
1766
1954
490
-206
124
-136
930
-812
791
1556
1310
1372
1213
1903
798
1779
827
1345
2823
4148
5188
4926
4220
3339
2430
3954
4087
3116
2488
2755
3326
2977
3183
4580
3884
2858
3209
2797
3072
3379
4022
3073
2688
2392
2163
2675
3616
3831
1917
693
687
1155
1486
688
1313
1173
125
566
162
-164
-1795
-3025
-2786
-2932
-2351
-1360
-2123
-2735
-1871
-2042
-4049
-5167
-4650
-5075
-4716
-3243
-3004
-2733
-3393
-3264
-3345
-3920
-3536
-3688
-3671
-4307
-3314
-3835
-4405
-3397
-4437
-4398
-3414
-2015
-2019
-4200
-3762
-2234
-2146
169
-514
-703
-576
-1795
-1522
-2434
-2607
-3261
-2274
-1534
-1090
-1641
-1600
-562
-1827
-2148
-1045
1165
1694
-423
-1030
-334
1964
3115
2176
2106
2034
1046
1594
2441
839
-645
-1289
-78
1189
1824
2407
2601
3607
3839
3160
2375
2218
1849
1306
1723
716
1290
1232
907
1361
2057
59
731
2533
1688
742
556
6
747
2642
2353
2234
1375
1449
1984
1660
2486
1853
1341
697
2248
1678
1464
1227
912
-1133
-868
-332
-591
1442
1054
1745
561
184
1060
166
173
-31
-444
-158
-243
-61
-545
-56
676
564
1371
-803
-779
-641
957
1878
1033
-1157
-677
-1025
-1295
-938
-2939
-4572
-3051
-1809
-1739
-458
-1759
-752
-327
-88
1501
571
-960
-583
-1144
-1784
-1556
-2943
-3375
-2391
-1669
-462
-410
-694
-373
-186
-859
-47
1545
1757
848
-40
93
196
-214
-387
280
536
1829
1189
391
-134
373
-80
-589
-886
-1425
366
530
101
-312
979
996
-850
-459
-51
-265
-284
-930
-25
1671
451
-131
1621
484
-599
-1954
-1174
-1092
-1103
-1494
-1991
-1410
-1224
-765
-1593
-2100
-1434
-1589
-955
-180
549
743
-696
-887
-1406
-1469
-1722
-2180
-964
-1773
-2092
-1745
-1362
-1013
-771
-2004
-2923
-1515
-1456
-795
-273
21
-81
820
-466
-46
646
-1129
-63
1440
196
-5
-198
-653
161
1404
689
302
243
537
1125
1190
1061
602
-92
272
-476
-255
1610
446
-286
1423
265
1154
728
-205
642
412
332
577
1080
1419
1118
371
-70
-1462
-1082
-431
-469
-1000
-938
-1653
-1963
-871
-522
-321
-602
-1144
-1321
-675
-1007
-1019
-1250
-1895
-1413
-2693
-3846
-4150
-3106
-2116
-2772
-1786
-1933
-2432
-2756
-3126
-3348
-2033
-3844
-3552
-1775
-831
-1130
-1888
-1103
-1165
-1829
-2169
-2192
-454
-850
-1733
-3206
-3453
-1733
-49
-634
-314
1073
2997
3894
2744
2540
2749
894
-596
-567
914
1298
686
1514
1768
2497
3167
1718
1555
2842
3347
4177
5199
4678
3806
3696
2375
1477
2925
1455
52
1268
2561
1794
1513
2000
3094
3163
3634
2561
2795
2966
1712
2442
1948
1114
2138
1737
1289
1687
2414
2366
2102
1125
1112
334
-594
-770
-12
-37
-757
-718
944
1129
-413
-323
-330
-1547
-3192
-3182
-2920
-1626
-2117
-3886
-2347
-3202
-5040
-3686
-3505
-5303
-3875
-2353
-4282
-3514
-3221
-3394
-4590
-4457
-2541
-2304
-2842
-2474
-94
-1913
-2228
-985
-1532
-2203
-1730
-2375
-3124
-3249
-2840
-2826
-3478
-2891
-2315
-3717
-3427
-1465
65
525
-553
-522
-294
273
-571
-122
-891
-2102
-1378
-399
-904
-662
702
937
-674
-746
-135
-289
-712
-1740
-709
80
-127
694
-256
409
-1028
-408
93
984
1592
514
199
-1003
-271
-1035
-1432
-418
-1080
-313
1383
724
1479
2732
2247
-146
1034
2077
3419
2396
1639
2373
825
790
373
-500
-910
-1026
-113
141
-1339
-3398
-2798
-1878
537
1387
360
-139
141
458
183
1486
1041
549
-189
499
1961
379
-1467
45
-272
995
-725
-1138
-827
-598
-447
-832
-1042
-1506
-2497
-3309
-3441
-3277
-2338
-1081
-1876
-1732
-2127
-2849
-1444
215
111
655
709
1109
1576
750
107
1172
1896
33
-1282
-380
-357
-1739
-2075
-2129
-2862
-2537
-2029
-1965
-1385
69
356
260
-307
-1095
-419
174
-373
-501
705
1275
541
1106
1246
1807
1143
1972
1794
1565
1007
2419
3403
1818
2232
2682
2268
2973
3280
3173
2635
2666
2356
905
701
-579
-2306
-908
-1566
-2414
-2636
-1798
-612
494
48
204
633
1109
1233
848
260
-883
-155
-936
-1339
232
-61
-659
-523
-311
1453
630
138
-482
-88
-270
-1370
-1788
-3576
-2650
-976
-1454
-2020
-1673
-1608
-1379
-615
-189
-147
-186
208
944
943
557
1410
674
-101
316
738
902
1082
2834
2060
174
329
1343
1770
2565
2224
1367
1692
1900
1492
716
693
811
84
-490
-2813
-2592
249
-607
-804
-117
-1664
-661
-1464
-2174
-1458
198
464
-852
-1361
198
-1024
-1905
-1959
-1315
-1254
-1689
-1408
-643
-688
-2580
-3556
-3975
-3962
-2950
-3061
-3195
-4417
-3780
-3388
-3091
-2098
-2197
-1622
-3155
-4362
-3619
-2255
-2641
-2736
-2648
-2580
-3109
-2652
-2217
-3491
-3730
-4337
-4396
-3955
-3741
-3844
-2841
-2571
-3033
-2957
-2746
-1734
-1857
-2019
-2075
-1639
-1893
-1160
-254
-448
-22
436
789
-301
-1308
-2062
-1416
-913
-560
30
124
169
188
20
-145
1436
1572
399
-51
1214
3789
4427
4910
4713
4551
3964
2472
1122
1701
2001
1910
671
589
713
1329
215
186
606
1172
818
1095
2310
812
266
-971
-111
456
279
1214
598
-126
-255
873
1913
1134
1643
2734
3270
2102
1544
755
-1230
-925
-244
111
-554
-782
-693
-1128
-459
-181
-659
-66
-144
-1660
-3183
-4064
-3053
-2152
-2847
-3197
-4686
-4140
-2842
-2838
-3109
-3608
-3147
-1552
-2950
-2581
-3003
-4045
-4573
-4416
-2951
-2466
-3564
-4294
-4502
-2407
-2749
-2552
-2815
-3518
-3482
-3274
-2187
-2107
-1744
-1942
-2365
-2629
-2323
-1608
-1954
-2001
-1785
-2412
-2629
-699
-820
-1457
-1766
-1143
-832
-198
-1323
-898
-1544
-1055
-646
-91
2003
91
208
-491
-821
-658
-1709
-1084
-1490
-1769
-1587
-309
-979
-1022
-1607
67
628
-209
-463
-1307
237
448
1182
710
-821
-110
50
1098
1401
302
-559
-366
-112
1545
1820
586
513
411
-1003
-2159
-1133
-690
-1064
-1292
-352
-47
-639
-363
-318
-1253
-1871
-2491
-2141
-457
-2901
-3312
-2885
-4061
-4719
-3514
-1302
-830
-454
-992
-3255
-2275
-2752
-2948
-3963
-5986
-6175
-4334
-4237
-4353
-3102
-5067
-5644
-3273
-2113
-2543
-2466
-2379
-2448
-2607
-2501
-3706
-4120
-3110
-3280
-3747
-3681
-3716
-3450
-4703
-4234
-3255
-2770
-2114
-2807
-1876
-473
-1051
-2048
-1790
-1345
-1208
-1876
-1435
-1054
-506
1244
765
-435
-684
59
26
-846
-631
-19
-935
-1639
-1194
-775
-680
-815
-28
-549
-221
-212
-822
-830
-1286
-1128
-1997
-1658
494
274
397
902
412
476
316
179
-860
-1685
-623
-738
-783
-320
259
-1435
-1487
-1641
-1656
-2244
-3104
-2916
-2925
-2263
-2034
-2230
-2747
-2062
-1364
-2174
-1270
-1939
-2587
-895
-1426
-1144
112
-835
-434
-475
-58
311
-750
-2146
-2201
-2408
-1676
-1885
-2145
-1853
-2024
-2797
-1631
-1740
-1396
121
704
155
-279
1215
2034
1281
643
363
720
1006
222
-307
-1688
-1816
-1027
-22
1838
1552
1487
655
-758
-100
-724
-2335
-3731
-3537
-1996
-1929
-1955
-2145
-2712
-3881
-4239
-3666
-4612
-4956
-4724
-4179
-3250
-3180
-3680
-3273
-2969
-2895
-4411
-4401
-4672
-5667
-4731
-4438
-5122
-5075
-4532
-4382
-3301
-3323
-3228
-2973
-3173
-3524
-4449
-4016
-2525
-1859
-3295
-3189
-3321
-4190
-3575
-3222
-3586
-3377
-3615
-2602
-3636
-4916
-3335
-3862
-5624
-4362
-3014
