-11824
-10239
-6648
3251
5479
10608
17157
21450
27784
32414
-28744
-22531
-14403
-10786
-8337
-1159
5117
8386
11753
17086
17279
10681
591
-10087
-20359
-26162
-31175
27402
26790
28421
31474
-23620
-9844
-150
7336
12889
12651
11136
9596
5501
283
-2493
-11779
-18480
-24259
-32018
25085
22587
20313
21394
27637
-31282
-22725
-5965
10859
27115
-19872
-3410
13980
27800
-27367
-20518
-18785
-20354
-25421
-31379
28264
28068
27823
26130
25181
19968
14754
5085
-7899
-19217
-31161
23160
12126
2969
-4216
-16922
-23898
-29142
28299
23000
21560
18881
14596
14032
12354
9271
11052
10329
8794
8307
10082
11634
9614
13581
14500
14556
16165
15633
12578
14574
12972
8131
7959
5235
-305
-2293
-3440
-8639
-11211
-7058
-4321
-2841
3894
8564
13853
20719
27779
30374
-31471
-27718
-30435
-32416
31551
26699
20913
15538
9837
8387
8939
10058
13513
18064
23178
29902
-23987
-12288
2020
17548
31210
-21125
-7324
2335
6783
10414
14814
16918
18383
16044
17024
16981
11025
5790
-852
-6680
-18219
-27249
25628
16132
5606
-3237
-11510
-22525
-30338
26715
17763
8751
2496
-3492
-10623
-15696
-15147
-18539
-19825
-16172
-8341
-3229
3269
9172
11355
12190
12614
11119
10970
13689
14577
12768
13998
20616
31783
-18983
-6946
1402
6055
9504
10892
8023
6292
673
-8390
-26811
25473
7437
-10943
-26186
24653
12967
9568
12665
21604
-31624
-16041
171
13191
27152
-24274
-13605
-6697
-137
4377
10069
11059
11813
9119
-432
-13753
-22917
-28969
32630
-29481
-22752
-10405
3904
24491
-25463
-10403
4682
12877
16959
18752
14879
7292
-5950
-19658
30362
14121
-1021
-16190
-31043
24074
10141
2812
-3989
-7248
-9713
-12534
-16951
-16122
-16042
-15888
-14742
-11447
-7780
-3867
3520
13748
22522
32722
-22688
-13735
-7002
-4580
-2439
-1103
-2002
-6838
-12863
-18807
-27236
30690
26837
20057
16155
13169
8520
9990
16006
19132
25459
-28190
-19684
-17192
-12744
-5926
-3994
-186
761
-2112
-746
-3120
-5824
-7979
-9368
-13987
-20634
-25220
-31151
30304
25875
18521
12878
7464
-1377
-9013
-15587
-22388
-28378
-32354
27591
26365
28229
31580
-28056
-19293
-11583
-1234
10681
23648
-28790
-10500
3383
12987
18106
19953
15388
9724
5468
2428
-2365
-4758
-7723
-9059
-9981
-11787
-14424
-15369
-16792
-14753
-13767
-12372
-13802
-13043
-12388
-14212
-17126
-20949
-27435
-30555
31517
27325
28210
32164
-24469
-10242
103
9582
18380
27049
31267
32217
-30501
-28733
-28601
-22294
-15544
-12380
-13179
-12056
-13862
-18345
-17391
-15968
-16285
-13855
-12451
-13390
-13766
-15065
-20359
-23501
-21457
-23338
-23638
-24973
-23974
-24642
-20755
-15570
-11961
-7076
-927
2367
2831
2249
-2992
-10259
-14781
-27477
25623
15213
353
-8899
-17229
-27955
28602
23549
22112
26983
31266
-25865
-12678
-1195
12963
22374
28681
-32425
-29558
-30019
-26121
-21356
-20078
-21113
-25183
-27339
-32688
26354
18542
12058
9738
6135
689
224
2179
3067
1743
3257
1459
-990
-5741
-15235
-21735
-28258
29821
23038
18071
16767
18066
21726
26284
-31864
-23008
-13747
-3435
9116
24451
-28231
-15532
-6982
1354
5865
9968
10609
9051
3096
-6514
-15746
-25769
28468
18047
11427
4427
-3598
-6498
-7303
-8868
-7321
-479
7858
17569
29423
-23511
-9303
2121
13176
22114
29320
-31587
-30998
32568
28232
22179
14193
6931
-2226
-12546
-22534
30067
20722
14795
5289
-1490
-9845
-18342
-22490
-26089
-29590
-32246
29720
25337
24993
26024
30313
-32668
-27430
-19554
-13597
-6164
3107
8644
10145
14740
15954
14059
10407
7689
4126
447
-2592
-6887
-11553
-15783
-21566
-27132
-32083
27347
24929
19797
16808
15050
12379
9628
9182
9431
7388
6579
8185
9396
13636
14609
16626
17557
18698
18130
18826
19504
15875
15050
14694
11570
9187
7244
3751
1805
-1041
-5418
-7917
-11079
-14268
-18428
-19915
-23618
-24319
-23182
-19867
-19824
-16527
-2869
10122
28663
-14472
5460
25085
-20258
-3504
9538
19379
19995
16276
7015
-935
-8465
-14717
-22228
-27817
-30571
31622
27323
25026
21908
17352
13834
10512
6824
4466
5582
2439
3525
7004
7122
5016
5842
4736
2122
-439
-4168
-8089
-12431
-17723
-23353
-26568
-28167
-28758
-28478
-28763
-25909
-22502
-22154
-22926
-21950
-22041
-26590
-28703
-32361
29102
27742
25235
23128
21726
22843
22538
23728
25818
28938
-32304
-27002
-21403
-13061
-3824
3191
7248
13662
17975
22007
25145
26686
26310
24793
22475
19003
11931
3647
-738
-8277
-12238
-15102
-20824
-26022
-30465
31392
25910
22779
21053
15874
10611
7080
2551
-2890
-5785
-13378
-18684
-21216
-26346
-30859
-32386
31825
32027
-30032
-24829
-19470
-9547
441
10675
20298
28856
-24502
-9499
6235
20336
-28202
-12509
-1038
11451
19913
25418
31635
-30099
-29803
-28369
-28848
-32434
29500
27513
23579
20438
18156
14543
14307
14864
10905
6994
4584
3891
2952
2480
2604
663
-1370
-1345
-4239
-5227
-6700
-11276
-18492
-24976
-31522
23649
16416
9026
1570
-2713
-9878
-18838
-24820
-29856
31098
26447
23602
18880
18008
15764
13224
13024
11520
12128
12403
13361
12648
14340
17063
18177
19145
22130
26334
28324
-32672
-30079
-27652
-27755
-26686
-27121
-31351
32072
29694
28102
25065
21135
20468
18370
13833
11390
9731
9785
10450
11093
11457
15138
22495
27600
29746
31990
-25707
-22909
-20130
-16141
-14905
-14352
-12266
-10642
-12680
-11510
-12607
-11748
-10123
-11099
-11245
-6922
-5440
-3661
-2865
-1925
-2172
-2156
-4861
-6548
-7665
-9444
-12666
-15564
-14710
-15388
-14622
-17236
-19130
-18378
-20310
-20519
-16926
-13352
-9349
-5502
-2427
106
-1363
-3167
-5059
-8998
-11540
-13484
-17148
-15865
-13111
-7915
1097
13219
24610
-28757
-13701
-3014
7678
15737
16062
17602
14509
8529
2586
-4211
-12621
-22407
-31551
20922
6603
-5918
-17172
-23918
-28071
-28325
-28529
-28410
-24278
-18153
-14714
-11042
-6370
-7146
-12783
-16292
-17332
-20852
-25451
-30457
32651
31004
28808
22372
15246
14269
14644
13885
14693
17388
18177
18140
15274
10293
2056
-9036
-18276
-26061
-28572
-27688
-21124
-14438
-5745
5816
16838
30124
-24329
-14182
-5078
3961
11114
15880
21981
26395
31897
-31342
32454
31770
-31172
-29313
-28432
-28405
-26325
-23241
-21472
-20886
-21978
-24669
-26258
-30362
29970
23330
15157
8772
3058
-3276
-10148
-14084
-19054
-24054
-27662
-29912
-28540
-29213
-29574
-31079
-28605
-26844
-26871
-25170
-23920
-21881
-20306
-17728
-15801
-12911
-9814
-8569
-4780
-3059
-2543
2702
6138
9272
11326
15173
16629
18379
19903
19980
22130
24188
23434
22540
18678
16140
12280
9109
6219
3927
924
-762
-4115
-5570
-4962
-6931
-7402
-9180
-9349
-9591
-12418
-12138
-13219
-12611
-13073
-12882
-14134
-14712
-10612
-10726
-9955
-8634
-6055
-7377
-5150
-4759
-4530
-2498
-3802
-4231
-4081
-5804
-9748
-11204
-12875
-17340
-21343
-25445
-29167
-31673
30316
27258
23711
21152
19425
18699
19259
18713
20617
23470
26640
28992
31203
-30538
-28443
-23533
-17949
-13931
-12634
-12497
-8087
-7771
-5273
-3205
-4022
-3252
-3457
-1489
-5440
-5861
-4475
-5168
-4915
-5997
-5908
-7824
-9705
-10856
-13556
-13329
-16629
-21486
-27283
-30712
28717
21630
18281
12673
11483
8784
9985
11952
15564
23109
27413
32266
-23597
-10400
360
11560
20971
25054
31318
-30051
-28202
-25735
-23893
-20724
-19316
-14869
-11529
-7536
-6177
-4332
-251
-13
-1642
-4687
-9231
-13307
-17557
-22894
-30772
29037
25520
20226
14911
12354
11972
7595
8149
6909
4681
2301
-2111
-5657
-10700
-14355
-24823
27521
18259
9447
5001
818
-9408
-19857
-22545
-26425
-31481
32027
28495
26842
29098
31689
-28856
-24969
-22502
-21776
-21445
-22100
-24473
-29190
-29597
-23147
-15055
-7788
-1473
527
1692
3474
930
-940
1286
2383
4817
10672
19016
23846
30339
-26249
-20007
-11469
-5545
-923
1150
5125
12545
18003
25950
32136
-30415
-26586
-19914
-11948
-3122
2667
6096
10447
13244
16151
17735
17629
17212
19567
15793
14091
13511
8703
5444
109
-5885
-12626
-13628
-16392
-20669
-22354
-26491
-28974
-30157
32629
29661
27914
30153
30542
28180
29069
28088
27982
24339
19371
16644
11559
8013
5440
1465
-211
-1321
-2203
-4274
-1897
960
1053
5362
7164
7195
10070
12784
14451
14402
14904
12022
9847
9912
4415
-2538
-6439
-11770
-19344
-26983
30830
23123
18028
12407
10789
9606
10462
12247
14413
19386
22219
28682
32382
-28133
-24842
-22008
-21442
-22367
-23135
-23453
-23774
-26934
-30180
-31201
31366
30624
29625
25929
24772
24387
22971
20501
23447
27683
27822
-32357
-28241
-25547
-21059
-16375
-15105
-16758
-14133
-12569
-13856
-11787
-12191
-10476
-7838
-6896
-7183
-4071
-2877
-1133
1432
4375
8052
9856
11185
11891
15206
16559
19549
18652
19458
23295
26337
28476
27921
26109
20431
16282
11405
1126
-8852
-19585
-28256
29114
22488
17931
12992
13438
18005
22296
27986
-27548
-18631
-8225
2641
11449
13807
16276
19023
19721
24854
-31009
-19606
-7071
5764
10411
9713
9701
14011
11651
7689
9303
1967
-2953
-4176
-8938
-15220
-21581
-26312
32085
27834
23369
12030
4198
-2507
-6566
-12978
-19712
-24100
-29286
-31045
-31173
-31684
-28831
-23831
-17801
-10538
-3479
2664
6296
9358
9779
10216
12517
9635
4258
1621
2993
842
-1465
301
483
954
4129
3812
816
237
-25
-4663
-8762
-9953
-15199
-19584
-21316
-28075
31464
26678
24570
24414
25036
29053
31248
-30619
-23457
-15976
-10825
-6011
-262
3635
8947
14082
15538
18731
22051
23630
24160
24143
23506
21617
18982
19198
20250
21750
25086
26640
31737
-29139
-27743
-27835
-24420
-21388
-19217
-15937
-11950
-5217
-523
2676
1320
-1128
-3839
-7915
-13456
-20213
-22990
-29916
27891
18541
10941
4469
-4705
-8240
-13385
-19010
-22802
-25235
-29419
-32738
31755
27949
24194
23487
21499
22145
22570
22333
18339
19521
20677
19838
18157
18726
19515
20664
24257
25349
25406
28513
32009
32332
32061
-30848
-31859
-31554
-27851
-24197
-18731
-11771
-7113
-351
9173
17963
22465
30351
-27800
-22773
-17648
-14545
-12495
-12304
-12086
-16875
-21483
-23900
-28603
31937
29050
25828
16918
13548
11280
6317
1439
-672
-2723
-6517
-7544
-8278
-8417
-4663
-1099
3507
9823
15370
15102
16460
19103
21954
19281
18541
18693
14718
8888
3628
-1831
-9219
-17806
-24392
-28288
-29638
-29947
-28862
-21221
-15420
-9742
-4903
-6028
-5249
-293
5087
10414
17985
28158
-29838
-19926
-14709
-11658
-6241
-2650
1476
6410
9249
9055
10916
13824
15386
15698
16397
14728
9449
5842
-1591
-9111
-16642
-24834
30694
24200
18328
7563
-1012
-9407
-16393
-22696
-27497
-29984
30540
29279
29092
30435
32757
-31598
-28882
-26191
-23367
-16979
-9358
-2383
3368
8195
9930
8748
6158
3386
-1506
-7372
-11851
-11544
-12771
-19183
-21259
-23720
-29149
32630
27837
25679
24778
22890
19651
17779
19021
17642
15659
14042
12219
6887
4724
7732
7778
8398
13612
19824
23855
28020
-30568
-22458
-17339
-12014
-4198
2462
9713
13810
16154
20048
25476
27639
27004
32188
-29848
-29285
-31868
30197
30192
26771
22222
15147
7460
1570
-538
-4020
-9943
-12894
-15500
-18554
-21053
-23254
-24504
-26462
-27892
-28478
-29024
-30676
-28866
-28515
-29462
-31945
-30306
-29137
-30338
-31213
-29086
-28102
-25950
-22645
-23590
-23986
-19390
-19119
-22702
-23163
-21782
-23349
-24146
-23275
-25709
-27017
-28352
-30502
32619
28553
25884
23118
20065
18602
15672
14145
13260
12107
9177
6128
5892
6347
5556
6897
14322
25373
-30910
-22210
-15906
-12666
-10286
-2982
5950
12634
17829
24478
28858
-32477
-31102
-32372
31884
-30622
-27509
-26102
-26707
-25089
-24068
-25978
-29197
28552
22957
20942
22012
23603
22330
20503
20890
24776
27157
31435
-28128
-25117
-20707
-14329
-7869
-4661
-2980
-3349
-3443
-2736
-3669
-7314
-11223
-14249
-17162
-21500
-25657
-29224
32100
28208
22450
17791
12337
8120
3718
-983
-6986
-15438
-20397
-25796
-30997
28531
23145
18859
15331
14493
10050
7195
7024
9525
12252
15806
23670
-32390
-21682
-13405
-7723
-210
13177
24088
32233
-24918
-19690
-16946
-15519
-13955
-16657
-22014
-26553
-31644
27766
22649
18255
13471
9547
7188
5368
4048
808
409
2951
6268
5683
4988
4062
1376
-2167
-5740
-11931
-16889
-20728
-26048
-31887
30158
26848
25450
25234
24631
24763
28050
30841
-28975
-22386
-18034
-12241
-7354
-545
6542
11598
12430
15518
19394
21284
20519
20879
19754
18668
16972
14390
11171
7849
5823
3882
360
-3903
-6370
-8294
-11192
-13795
-17280
-18366
-20363
-20770
-20521
-23925
-25644
-26699
-24602
-24406
-24314
-20566
-18388
-13967
-9450
-5708
-1586
1862
6597
10891
15900
20832
25159
26411
27608
28285
26309
23441
23117
21799
18771
17402
15224
14560
12608
10502
10538
7023
4274
2628
967
-1132
-3735
-4982
-6987
-9891
-13027
-16264
-19221
-21408
-23149
-24385
-26092
-25463
-29590
32645
-32577
-31763
-29853
-28400
-25054
-20749
-15180
-11091
-7641
-3971
-608
594
2403
6386
10190
15277
22511
26947
29572
-31488
-26789
-24501
-22067
-22853
-24134
-24200
-25605
-28921
-32262
32553
30736
27450
25406
24220
21866
19618
17612
17129
15831
13420
12249
9576
8273
6135
2843
2413
1123
582
-871
-2673
-5771
-9635
-12178
-13877
-15294
-17288
-19725
-21534
-19951
-19657
-19600
-20556
-21590
-20544
-19105
-18459
-18038
-15681
-13954
-13332
-11690
-8857
-6206
-4917
-3399
-2875
-724
2244
3332
3806
5578
8145
9667
9099
8194
6672
4956
3809
3252
653
-3502
-5325
-6153
-8749
-10257
-11793
-12829
-13318
-13859
-15913
-17357
-17548
-18959
-20672
-19481
-18207
-17537
-16481
-12664
-11533
-9100
-6393
-5639
-3149
854
3240
4205
5005
5161
5820
6261
5150
3850
4024
4154
3142
1111
-765
-2352
-2638
-2718
-4597
-3971
-3851
-5371
-7226
-7383
-8264
-11049
-12925
-16492
-18913
-20872
-23892
-25105
-26170
-27748
-30175
-32077
31219
30635
29687
28497
27069
25663
25391
26575
27389
26952
26878
26246
26347
26484
27300
28303
29567
31410
-32560
-32675
-32500
-30212
-28957
-28575
-28893
-27868
-26938
-27954
-29309
-30050
-28995
-28381
-26711
-26222
-26523
-26404
-26864
-26370
-27618
-27415
-27122
-26839
-27852
-29087
-29556
-31249
-31941
-32354
-32746
30625
28857
29623
30943
29516
28947
29917
30014
29924
31588
-30759
-28369
-25136
-23005
-20886
-18871
-17066
-15600
-13797
-10862
-8418
-5747
-3647
-1071
1111
3848
6062
6038
5919
4804
2750
-969
-6750
-10024
-14180
-18898
-23417
-28099
-30161
-32062
31937
31572
31506
30017
28871
27745
26024
24171
23714
20757
18057
16442
14160
11594
8826
6684
5399
2067
-597
-2810
-5480
-8634
-11132
-13049
-16095
-18123
-20794
-20082
-19971
-21120
-20696
-19387
-18890
-17203
-16468
-14949
-11332
-7541
-4927
-2744
936
3377
5503
7685
11103
12937
14367
17705
18668
19804
21752
22529
22362
21887
21994
23312
25616
26808
28359
31119
31696
32439
-32353
32596
-30919
-31112
-30959
-31228
-31109
-30838
-30354
-29872
-32030
32553
-32215
32720
31915
32070
-31924
-30329
-29999
-30053
-29392
-27154
-27496
-27673
-26293
-25710
-24196
-23692
-23794
-23382
-22929
-20912
-19833
-18708
-17491
-15444
-15004
-14462
-13477
-11957
-9100
-6856
-6537
-4731
-2966
-1984
-678
1249
3443
4106
3692
3110
2945
2589
1828
647
72
117
1452
2047
2373
2861
2573
3588
4620
5229
5830
6109
6759
7100
7621
7917
8500
8949
9293
10579
10947
10439
10905
12176
12845
13466
14409
16323
17557
17860
17841
17438
17700
16648
14700
14587
13616
13458
12187
11467
10851
9848
8795
8627
9716
7582
6673
6832
6756
6960
5365
5168
4751
5118
6985
8050
9892
11540
13762
14446
14593
16808
18980
20129
20972
22108
22965
25346
25359
26483
28006
29685
31255
32483
-30977
-30081
-29401
-29331
-29036
-29521
-30463
-29536
-30906
32282
31921
29786
29075
29108
27264
25684
25027
23728
20384
18128
16994
16426
14571
12158
11165
9829
8740
6582
4040
2819
2703
-75
-1526
-1763
660
3481
4917
6006
7665
9254
11555
14101
16224
17586
18926
20062
22051
22585
22887
23148
22074
21772
22479
21309
20435
19921
18215
17361
15683
13344
13184
13347
12288
10666
8019
6090
5562
5144
3593
2444
2218
1407
443
-647
-310
-1079
-2364
-3384
-4113
-5360
-4440
-4169
-2722
-3697
-4189
-5093
-4715
-4551
-5539
-4964
-4293
-3293
-2994
-2854
-3209
-4087
-4656
-5183
-5321
-5428
-5465
-6183
-6861
-8276
-8926
-9248
-9214
-7789
-6023
-5211
-3823
-3593
-715
2301
2811
3096
4579
7440
9227
10754
12451
14928
16468
15708
15634
17542
17532
18091
18932
17507
17547
16058
14447
11582
9256
9595
6633
3126
1121
-1195
-3894
-5449
-6796
-10177
-12347
-14866
-17553
-19109
-19323
-21199
-22273
-22754
-24484
-25693
-26229
-26612
-26870
-27150
-25837
-25386
-25737
-26828
-26631
-27087
-26815
-25832
-25291
-24492
-25183
-25478
-23928
-23910
-22468
-21869
-21612
-20502
-18534
-16005
-14726
-14535
-15287
-14294
-12532
-10437
-9530
-9106
-8295
-8111
-7752
-7109
-5351
-3320
-3759
-3302
-4555
-5506
-5141
-5066
-4315
-5847
-5654
-6126
-8032
-7957
-8345
-8706
-9752
-10362
-10841
-11025
-11222
-11838
-10631
-9928
-10881
-10639
-11607
-12718
-11887
-12019
-12594
-12154
-12783
-11970
-11043
-10371
-10022
-10832
-9539
-8729
-8787
-8086
-6904
-6757
-6054
-6383
-8549
-8646
-8234
-8506
-6997
-4883
-4722
-5248
-6000
-7316
-7020
-5000
-4288
-3938
-1385
-42
1152
1995
2299
2872
4112
4440
2721
2088
3032
3209
2798
2353
2884
2193
2558
3600
3495
4290
5622
5598
4032
3047
1757
1005
1390
2275
2111
1067
818
1006
-225
-141
-1160
-2575
-3113
-2936
-3561
-3381
-1703
-847
-62
-549
-441
468
1009
669
327
1146
1391
648
-628
-924
-875
801
-368
-338
-1461
-3635
-5375
-6432
-6986
-8348
-9622
-11025
-12079
-14651
-14715
-13904
-13899
-14613
-14667
-15042
-15473
-15791
-16466
-16000
-16323
-16802
-17570
-16464
-15929
-15846
-15336
-14811
-13993
-12710
-11752
-10863
-9407
-7865
-8440
-7628
-6703
-5976
-5426
-4311
-5088
-4322
-1947
-2128
-1567
851
163
-243
1053
2030
3687
4354
5342
7444
7593
7948
8508
8274
10419
11760
12367
12632
13872
15112
15355
15797
15673
16157
16990
17399
17326
17826
18413
19236
19691
22063
23919
26988
28420
28194
31379
-31661
-31276
-30137
-29211
-28342
-27796
-27397
-26676
-26630
-26964
-27222
-27029
-26623
-27252
-27576
-25962
-26707
-27513
-27547
-27742
-27377
-29140
-31129
-31313
-30214
-30088
-29330
-29058
-29206
-29270
-29073
-27689
-28578
-30224
-30879
-31948
32582
32210
-32437
-32425
32156
31018
29679
28921
27929
25638
24121
22268
19108
17170
14467
12054
12031
10529
8610
6255
4564
4836
3418
1627
1350
1754
1656
714
1295
1849
1845
476
-765
-758
1018
2159
3929
5550
6526
7314
9019
10535
10908
11105
12774
13052
14544
17558
19354
19723
20155
21626
22340
23463
25762
26170
25833
26894
27428
26337
25238
24638
23596
24580
24369
23861
23095
21651
21051
20458
18626
18245
18676
16376
13984
11439
10107
9352
9108
8622
7887
5439
4376
3189
2351
2314
1800
1125
33
-1250
-1101
-2298
-3930
-4429
-4810
-6760
-8031
-10942
-14213
-14653
-15395
-16423
-17035
-19087
-19185
-18393
-17974
-18923
-20428
-21131
-22279
-22607
-22402
-23246
-23310
-23478
-23674
-23996
-25601
-26018
-25770
-25109
-23908
-23316
-23532
-21988
-20338
-19327
-18509
-17834
-16933
-14874
-13786
-13421
-13071
-12393
-10932
-10455
-8804
-9090
-10196
-10456
-10681
-9252
-9661
-7319
-6243
-6481
-5806
-4066
-3863
-2666
-517
526
1214
1454
4048
6056
7465
7541
8305
8502
8781
9738
11909
14860
16020
17617
18783
20641
21601
22458
23236
24151
25569
25748
26651
29567
31074
30698
30735
30878
32229
32003
32278
-32226
-32234
-31114
-29760
-30237
-29707
-28939
-29098
-29754
-28762
-28735
-29665
-30741
-30765
-30766
-31715
-32276
-32679
31123
29028
27829
25993
24751
23805
22108
20849
19714
18550
17024
18262
17160
15971
15086
13027
11728
10132
9402
8937
9439
9715
9293
7969
7762
6263
6007
7787
8290
9547
10621
9459
7768
6953
7057
6896
5433
4961
5187
6062
5715
6541
8985
9818
8542
7519
7495
7753
7791
8408
8876
8692
9602
8997
9352
11036
11744
10755
10608
10400
11600
12428
13078
14514
14829
13381
12062
12246
11083
10513
10227
10240
10028
10257
8856
7612
7760
5185
5003
5681
6281
6398
6341
4951
4207
3405
1176
-593
289
466
-950
-1671
-1919
-1072
192
-296
-2064
-2569
-3473
-4507
-4669
-5435
-5579
-6501
-6336
-7349
-9342
-8690
-8074
-8296
-8472
-9139
-9440
-10058
-10818
-10366
-9238
-8962
-8948
-10847
-11503
-12186
-13309
-12479
-10929
-12043
-12997
-11666
-11587
-11660
-11276
-10661
-10179
-9390
-8931
-8328
-7992
-7099
-5273
-4487
-6345
-7699
-6983
-5957
-4670
-4478
-4609
-4581
-4841
-5685
-6942
-6358
-6021
-6669
-8122
-8201
-7646
-6009
-5376
-5214
-4972
-6389
-7477
-9150
-7805
-5620
-4964
-4657
-4088
-4398
-2573
-1374
-2286
-3600
-5562
-5904
-5959
-6930
-7131
-7805
-8277
-8360
-8261
-8440
-8129
-6753
-6553
-6193
-5392
-4794
-5043
-6258
-7372
-7668
-7337
-8339
-7996
-8354
-10086
-10608
-9602
-8166
-8515
-7917
-8413
-8632
-8598
-7527
-8350
-7557
-8185
-9939
-10235
-8613
-9260
-10708
-9975
-10832
-11356
-9935
-8282
-8212
-7786
-7410
-6386
-4162
-4559
-5134
-6300
-7139
-7192
-7644
-6986
-6034
-6337
-7515
-6851
-4664
-2813
-1645
-2152
-2364
-2062
-798
-566
-1051
-856
336
892
1945
2757
2862
2594
2922
1733
1479
2859
3521
4027
4941
5277
5884
5220
4458
3500
4218
5278
6192
7566
6091
5480
5371
5052
5490
6194
7157
8182
8862
8338
8256
8001
8734
7808
6826
7983
7476
5952
7000
6233
5605
5366
4579
5497
5710
4428
3166
2447
3816
2881
2067
1539
1014
1380
1199
-409
-868
-352
96
-4
-193
701
1713
1097
-153
-1523
-1873
-2143
-2296
-2415
-3982
-4907
-4719
-3591
-3893
-3385
-2519
-3095
-2639
-699
286
-712
-730
-91
9
-971
-3615
-6080
-6275
-6160
-6268
-7828
-6934
-6683
-6857
-7401
-7197
-7138
-5990
-6382
-5644
-4940
-5569
-5402
-6146
-7404
-7423
-6745
-6579
-6021
-5943
-6395
-6647
-6242
-6452
-6405
-6365
-6251
-5901
-5335
-5635
-6823
-7708
-7869
-7671
-8249
-8759
-9146
-8624
-8994
-9782
-8807
-9012
-8927
-8780
-8334
-8963
-7125
-5841
-7668
-7695
-7094
-6789
-7216
-8603
-8230
-7625
-6996
-7037
-5921
-5381
-5592
-6276
-7941
-8523
-8694
-9064
-9937
-10923
-9961
-9250
-8917
-9450
-9315
-9941
-11256
-11030
-10564
-10744
-11602
-11304
-9461
-9474
-10889
-12451
-12690
-12595
-13052
-15563
-14653
-13377
-12960
-9796
-9694
-10987
-10827
-9951
-10756
-10625
-10746
-10964
-9317
-8498
-10188
-9957
-9985
-9235
-8210
-7131
-7109
-5412
-4307
-5689
-6687
-5531
-3806
-3756
-3945
-5644
-5525
-4509
-4103
-3829
-2783
-3178
-4512
-4264
-3252
-2552
-2025
-972
-576
-2839
-2538
-1534
-2452
-1917
-672
272
258
1397
1421
-1040
147
1530
1998
2798
3017
2679
4299
5014
3777
4366
3679
3817
5200
5557
5820
4597
4663
4675
5728
6602
5433
5203
4084
4153
4645
5405
5120
4261
5445
5702
4791
4075
4604
3704
3088
1437
316
1131
953
1784
1468
968
1524
184
-1645
368
1464
1675
910
1065
130
-655
-438
401
66
-1886
-3215
-1810
-788
-723
-585
-438
-2061
-3179
-3642
-1649
-1515
-2812
-4463
-6027
-5718
-5826
-6169
-6050
-6961
-6100
-5883
-5048
-4459
-4600
-3335
-3634
-4276
-4994
-4810
-5054
-5068
-3890
-4202
-3366
-3130
-3998
-3161
-4644
-5163
-5844
-5363
-5122
-5012
-4856
-5847
-5807
-6009
-7021
-6252
-5681
-5066
-3673
-4907
-4405
-3467
-2915
-3668
-5281
-4685
-4646
-4941
-4740
-4428
-5136
-5300
-3988
-2998
-3255
-3472
-1759
300
-175
-1122
210
655
551
-140
-310
874
736
-1300
-3308
-1804
202
557
-1195
-644
1498
951
1710
1128
800
-26
-403
337
473
292
-190
-233
937
177
-403
-930
-124
-991
-538
607
180
-849
-1529
-1613
-1690
-1291
-149
118
-787
-1268
-782
-928
-411
-856
-2146
-2023
-654
432
183
-951
-469
-288
-1108
24
-447
48
-275
-650
-1136
-1190
-949
-1472
-2261
-3213
-4304
-7121
-6369
-4457
-3992
-3398
-3879
-2644
-2726
-3318
-3485
-2962
-3097
-3890
-3342
-3103
-3557
-4960
-4245
-4746
-5983
-6438
-6870
-4612
-3213
-4678
-5994
-5057
-3134
-3924
-3801
-3120
-1343
-2071
-3604
-3985
-3549
-2954
-3291
-3641
-2952
-3454
-6079
-6335
-4997
-4462
-3369
-2975
-1484
-1659
-1380
-397
192
-1246
-1519
-1682
-1331
-1194
-701
134
792
332
814
521
-698
-460
-341
1051
3015
3036
4089
4462
3651
4691
5945
4236
3413
3111
2465
2373
1747
1091
1068
2413
2295
1988
2656
2465
1461
2222
3996
4925
4875
5153
4417
4151
4212
4483
2301
632
273
-30
755
1111
813
1976
950
-1232
-3318
-2867
-2203
-2167
-2372
-2804
-1223
-2775
-4393
-5086
-5722
-6470
-6336
-7166
-8721
-8956
-7450
-7506
-7610
-8790
-10022
-9489
-8798
-8326
-6785
-5218
-5179
-5455
-5017
-5485
-4765
-4900
-6611
-7013
-6589
-6310
-5489
-5129
-5062
-4058
-3340
-4078
-3439
-2900
-4385
-5272
-4786
-4797
-3831
-2648
-1379
-1584
-2580
-2690
-3240
-1092
-777
-644
-722
-663
-701
-2685
-1524
-2326
-2828
-3029
-640
771
-928
-1458
-1790
469
-645
-255
858
-255
-120
706
1965
289
-515
-1780
-3005
-2203
-942
-292
39
411
-268
-325
-968
-3505
-2986
-3233
-3059
-3793
-4713
-4340
-6278
-5002
-5447
-5604
-3406
-4983
-3722
-4208
-5160
-4651
-4731
-4273
-5638
-6357
-6797
-6162
-5555
-5875
-6299
-5095
597
2693
1524
979
1416
1140
1609
1287
3839
4095
1019
322
109
-626
-2342
-1401
-1839
-2692
-823
-1898
-1642
991
-129
-1286
1025
1195
-1437
388
968
438
641
322
-1383
2368
3275
2769
3362
-77
189
969
3301
2317
1599
3880
1283
825
1632
2264
-199
-506
1186
-38
648
-1451
-424
-93
-1457
-285
-1767
-1627
-1327
-681
-1243
-3018
-1982
-2681
-2561
-4006
-2417
-746
-1249
-1660
-1908
486
-1257
-2490
-701
1495
-759
-1379
-36
-687
642
1191
-1749
-2121
-2351
193
-1797
-2601
1193
79
-1168
-966
-182
-2110
-3288
-1699
-2441
-2547
-2901
-2631
-3612
-1195
617
-422
1125
888
1788
-209
658
2194
1508
2664
1425
1929
631
-667
-202
-1046
802
-1310
-1912
-1711
-3199
-2328
-1819
-382
-1708
-675
1513
103
1209
1051
1183
836
1586
1749
-464
488
1521
800
-733
22
1450
1054
1223
2909
5495
5076
5111
4371
3443
4549
4291
4496
2518
2477
4613
3768
3094
2438
3505
1238
1877
1018
1476
2979
949
774
1343
1192
738
1855
2738
956
1227
239
-846
-916
333
73
-641
732
254
1245
736
770
1466
-348
961
1455
1126
-1585
-517
939
-950
559
-415
-556
-1249
-1448
-1474
-4129
-4961
-6345
-5564
-4043
-3531
-3816
-4705
-4430
-3933
-3092
-4883
-4577
-3551
-4564
-2380
-2524
-2760
-3078
-3234
-3665
-4612
-2141
-2658
-4949
-3842
-3606
-2825
-2966
-2112
-1583
-2827
-3126
-1495
-2575
-3600
-1501
-1638
-1127
-1246
-511
-1234
-406
1298
-2912
-2724
-1874
-3413
-1311
-1188
-1633
-2128
-2689
-2373
-1350
-1518
-1026
829
-273
-1247
-639
937
836
1581
1311
-337
-905
-580
-427
-254
311
-1415
-2064
-1634
-439
-1691
-1546
-1277
-1918
-2433
-3648
-3452
-3612
-3378
-4034
-2036
-2498
-2546
-2484
-3870
-1800
-3166
-2124
-2003
-2124
-341
-483
274
-410
-345
-1214
-796
-755
-1796
-557
-1904
-1856
-1343
-84
-1415
-2259
-1012
-260
-182
-580
-439
-1296
-3240
-1092
-777
-644
-722
-663
-701
-2685
-1524
-2326
-2828
-3029
-640
771
-928
-1458
-1790
469
-645
-255
858
-255
-120
706
1965
289
-515
-1780
-3005
-2203
-942
-292
39
411
-268
-325
-968
-3505
-2986
-3233
-3059
-3793
-4713
-4340
-6278
-5002
-5447
-5604
-3406
-4983
-3722
-4208
-5160
-4651
-4731
-4273
-5638
-6357
-6797
-6162
-5555
-5875
-6299
-5095
-3480
-5242
-5613
-4148
-4198
-5290
-4919
-4726
-3624
-2668
-3804
-2513
-3505
-4953
-3980
-5958
-6048
-4161
-2712
-886
-407
-27
-1586
-224
609
881
935
-853
-775
-1483
-1224
-968
-852
-452
-1262
-1454
-849
-783
-60
2011
3161
2794
1694
192
924
874
1046
814
2464
3159
2946
3830
3732
3582
2639
1696
988
562
3384
4109
3724
4371
5252
5140
3814
5013
5964
5224
4733
4739
3905
4481
3255
2872
2009
1623
1869
1108
379
701
-236
-702
-505
-415
1851
2412
3791
2626
2300
2858
3536
3448
1909
2736
1892
2149
3214
2692
3963
4316
5715
4623
5952
4950
3394
2475
1441
2575
1011
-101
138
-1052
-1649
-2465
-3382
-3651
-3607
-4206
-4384
-3897
-4451
-4106
-2574
-2186
-2286
-2604
-3216
-1214
1008
-356
1448
3196
1798
1754
1149
468
-1302
-1848
-2757
-2644
-3327
-4096
-2407
-2231
-2079
-2383
-1304
-349
-1031
-117
-155
-508
-2287
-2107
-1043
-1907
-1271
-583
-762
-2059
-1494
-935
-1934
-768
-586
492
791
156
297
901
531
-708
246
-1095
-3133
-1303
-1479
-3895
-3190
-911
-1932
-1989
-2144
-1546
228
-898
113
-430
-1299
-1123
-1278
-2296
-2059
-1710
-2652
-2221
-1895
-2563
-2557
-3159
-3064
-2827
-3311
-2711
-2128
-1558
-2673
-1538
-1185
-1101
466
695
1185
1131
246
-146
229
-484
-363
-571
-1865
-2104
-1730
-475
7
-1722
-799
-1289
-2567
-1710
-1726
-2134
-2792
-2016
-1192
-1866
-1875
-1833
-740
170
1276
-72
-361
411
-366
-22
1174
1943
1521
1330
-1521
-974
160
-2248
-2378
-2239
-1709
-2012
-1467
-2085
-2701
-2539
-3698
-3815
-3303
-4796
-5256
-5797
-5951
-5546
-6934
-7028
-5585
-4964
-4583
-3605
-4368
-3631
-1650
-4217
-4649
-1415
-1768
-2749
-1322
-1871
-920
-536
-2116
-1166
-1881
-2617
-1427
-1708
-2692
-2656
-1712
-3563
-3715
-2296
-4496
-3790
-2849
-3918
-2837
-1846
-2953
-2952
-3510
-5320
-4368
-3057
-3756
-3307
-2518
-3250
-1832
573
-395
96
1234
570
759
595
2132
3713
2330
715
835
-846
-1284
-372
-236
-2096
-3466
-3962
-3216
-3877
-5338
-5496
-3826
-3651
-4535
-3082
-3547
-3840
-1884
-1898
-1750
-1140
-631
-51
190
1395
2715
2103
832
305
-248
-1018
-590
971
1782
1957
2112
-62
449
1101
259
108
856
517
116
-498
-578
-13
-532
-470
-6
-806
-724
-182
1729
1282
1683
2539
3762
5010
4531
4330
5184
3239
2806
2504
2723
2200
1093
868
647
389
323
1857
2508
762
681
1581
1362
1123
-1354
-923
852
218
217
-711
-1911
-1750
-2377
-1244
-2406
-2370
-2024
-1388
-1045
-3425
-2158
-1214
-2244
-1413
-1785
-666
-1207
-2056
-564
76
-1754
-1364
-1494
-463
1482
942
1002
1574
1802
927
1480
-11
-215
168
229
875
969
1165
159
-1820
-804
1381
1190
-1548
-1680
1488
828
482
1651
1794
1605
725
626
2171
2690
856
1980
1697
605
501
-1001
-533
1198
-778
-1278
673
-799
-1273
660
277
-119
-705
870
2372
418
443
2714
3807
1919
3101
3862
1537
1813
2504
3384
2554
2913
3475
4352
3094
1989
2911
1696
214
347
719
531
165
-1442
1356
3811
2120
377
1216
2322
1605
738
1356
224
-254
1043
1825
1072
436
2300
1873
1425
478
1257
1050
-248
545
506
-528
-1544
-274
2194
224
-1414
144
-2084
-1969
-316
-1995
-340
-423
-1133
-1086
-887
-1227
-3682
-2754
-1786
-3582
-4116
-3399
-2886
-6420
-5401
-1850
-4366
-3638
-3003
-1210
-1579
-2488
-2237
-1121
-2386
-3409
-1111
-290
-1536
-516
1260
753
2397
-1422
-168
3746
2009
1319
2583
1687
-447
715
1127
-784
-852
-532
1033
2678
-368
1874
1751
-1903
1130
3072
1470
-170
1518
189
-1174
-954
-1867
-316
-1142
-3166
-361
-1502
-3393
-2841
-4627
-2681
-2210
-5511
-4111
-2828
-3419
-4494
-3692
-2512
-4665
-3709
-3470
-3251
-763
-2388
-182
-148
-2371
-2170
-384
-1025
-2255
-2146
-3026
-3060
-2212
-2103
-3413
-1669
-3143
-2620
-1437
-1484
-1732
-2640
-1041
-2318
-3298
-4261
-2939
-2226
-4348
-3294
-1663
-2278
-2762
-1679
-2909
-2321
-3510
-2510
-2303
-3827
-3180
-2608
-5089
-4909
-3401
-4838
-6582
-4288
-3623
-6174
-2961
-2984
-4010
-3044
-2232
-2635
1007
-858
-3015
-2599
-3924
-3962
-2050
-3199
-3826
-2622
-5166
-5316
-3087
-4353
-4917
-2660
-2984
-2417
-1345
-2508
-2409
-747
-492
-1877
-996
-1367
263
416
-2352
-993
-666
-2061
-606
94
-2513
3057
3803
1594
2872
3488
3692
3838
3046
2816
2929
3292
1970
3914
2505
370
2083
389
3428
4076
2929
4253
6446
4458
3521
7098
4573
4405
4233
2199
3493
3695
391
3758
2239
-372
4438
2904
2165
1677
3211
3274
2476
2825
3062
1683
382
1663
1965
665
1875
2619
2811
2777
3065
2601
2394
4321
3288
1680
4461
3751
3999
3290
816
446
-214
129
2932
267
2031
4035
242
1383
1200
978
1289
104
485
2737
2465
-204
2753
1533
-2151
361
15
-1520
1174
-229
-784
-225
506
240
-587
-1723
-2317
-824
-1410
-2076
314
-1525
-1529
-1995
-3230
-1027
-2704
-5662
-4392
-2957
-5085
-5130
-7277
-8152
-8018
-9935
-10014
-5756
-6367
-7313
-4096
-5142
-4483
-2872
-4297
-4734
-3103
-2134
-4417
-2173
-1272
-1838
-1280
-2960
-2990
-579
-2175
-417
-2615
-2663
-1026
-2266
-2210
-397
-366
-95
958
1315
1136
1650
1914
1260
-399
-939
-2029
-1209
-1814
-1957
-386
2334
-564
-31
2661
-618
2091
3147
3591
4639
4931
3023
2772
3994
2910
1318
2823
4430
2935
1822
4171
3802
1880
2641
2780
1153
2457
4575
3692
2396
2117
932
1626
1928
1188
1901
2389
1281
3331
1072
-861
2244
920
453
1213
274
1307
1851
501
1232
904
620
4737
4066
1991
5655
4531
1151
3494
2394
1036
2154
1853
1071
-50
184
-1624
-1872
-1161
-697
1593
1380
1110
2481
1142
1365
1177
-463
229
-900
-749
-874
-2412
-1978
-2400
-3400
-3648
-2264
-2357
-1909
795
-1037
-916
-531
-1634
-2739
-3655
-1094
-1336
-3268
-2593
-3432
-3812
-895
-3513
-3579
-1686
-2038
-2540
-3352
-2254
-2174
-2842
-3621
-4185
-1885
-4897
-2862
-537
-3905
-2777
-2831
-2045
-237
-2248
-1271
-1075
-3266
-2497
-2948
-3433
-3163
-1021
-2218
-1476
418
-1672
-1414
-463
-1136
-623
-2356
-2976
-2037
-3102
-578
553
700
831
275
839
-303
1564
1420
90
-900
-827
1723
809
-335
-380
-2073
-2376
-1951
-880
-593
-415
-1175
-1156
1383
489
-2377
-223
1439
1337
431
-29
2133
2846
2083
3429
2028
372
1524
1623
2080
1509
787
814
813
2821
3698
3026
-338
760
-102
711
1258
1367
3370
1873
1424
2288
-464
-1330
-344
-127
225
498
-1905
-876
1691
688
906
2025
2036
2791
1837
-434
1610
2031
1126
724
-91
-818
-1826
-2795
-2012
-1531
-1046
-1813
-1211
-59
-700
-271
-1335
-926
-706
-1238
-807
-1160
-2292
-3383
-2478
-4366
-2701
-998
-2437
-1725
693
366
101
1583
2092
3986
2278
1666
1899
994
2242
3012
1739
3035
2840
1077
1856
2064
898
1322
2436
2666
3786
3329
2857
3191
1820
508
2127
3353
1944
2584
2666
3773
2826
2725
3240
3792
5017
4129
2217
2829
2870
3515
4888
3916
3673
3855
5128
5674
3400
3574
4908
3111
2200
2939
1241
1668
2184
2586
3224
1813
1263
1931
133
-292
-44
-1277
-1144
-1551
-1965
-2276
-1653
-2803
-2567
-2687
-2011
-1428
-1106
-1211
-2171
-1618
-1234
-1123
-625
-2033
-1201
-284
-1470
-1163
-116
-1641
-766
325
-983
-482
185
-1804
-2126
-3023
-3674
-1969
-2674
-3355
-1610
-2877
-3920
-2869
-3129
-1834
-438
-2475
-1813
-1153
-2722
-2187
-2759
-2624
-2435
-3447
-2441
-579
-1588
-2175
-2814
-3553
-3399
-4142
-2254
-2604
-4123
-3070
-2536
-3609
-5414
-5320
-5651
-6539
-6502
-4174
-4564
-4286
-4037
-4888
-4549
-3491
-4574
-5320
-4163
-6139
-4227
-2499
-3812
-3709
-2455
-3124
-2183
-2164
-2810
-2412
-3160
-361
-790
-1207
-1411
-2314
-2017
-3132
-4605
-3945
-5069
-3781
-3782
-4481
-3513
-2737
-2159
-1576
-703
-762
-1630
-4028
-4331
-3511
-5793
-5890
-5025
-6515
-6019
-5892
-6545
-2826
-2959
-5335
-5770
-5970
-4647
-5053
-5520
-4121
-4162
-4921
-5279
-4571
-3514
-3214
-3377
-3828
-3931
-5956
-5186
-5322
-4215
-2603
-2311
-3500
-3881
-2081
-1376
-2774
-1576
-1043
-1094
784
605
-1495
-1089
-2335
-1392
284
91
927
-246
-649
740
676
406
2692
2619
716
1913
1865
1100
1084
1511
2282
1369
1029
1597
-276
-272
23
-389
1486
1230
1952
2736
1205
806
1279
140
-312
544
-1090
-1140
-1304
-1674
-1146
-764
-1385
-1320
-548
331
518
189
2554
3295
2319
1361
569
-319
-311
-335
-1268
-2987
-3046
-2888
-2937
-1147
-1063
-3231
-2677
-2100
-2040
-1628
-1219
-46
-284
-1178
-202
-984
-1237
1492
3086
2659
2075
2592
2563
1529
-872
-824
416
659
507
-295
-1410
431
-501
-4
1160
255
-1185
-223
-148
-134
-914
-191
510
-88
274
28
-320
1937
2375
1566
2016
2501
4376
5276
5277
5320
3485
3086
3412
1808
1321
1205
-339
-414
-1188
-1379
743
531
-602
-1146
-809
-1347
-1110
-61
-1585
-1435
-4
-2271
-2810
-2168
-2443
-806
-579
-1582
-1267
-933
-1561
-549
166
7
1030
401
-240
764
742
872
1908
824
731
1251
988
172
-129
379
-682
-1746
-1354
-248
-778
-2126
-2214
-2153
-2947
-1546
1124
-416
-205
66
-76
610
1518
1005
536
206
-210
-755
-966
-13
532
-1739
-2058
-1245
-875
-276
-158
-201
-354
-1346
-1461
-1279
-1103
-266
-68
404
-408
-1658
169
54
-513
1205
102
-436
1849
1374
2314
3712
2768
2982
4675
3931
4321
5224
4448
4191
2371
1789
1305
63
-739
654
181
-1245
-592
23
-102
-147
810
-162
-970
861
115
-366
510
-378
184
191
475
2050
-287
556
1533
-1363
-725
1795
1718
1572
1917
1555
3897
3008
2893
2634
304
234
305
156
1325
1568
567
557
850
-190
341
-340
-346
879
-221
-196
-725
-704
351
-786
-1322
-996
-767
55
396
-95
-946
-2134
-3641
-2484
-1898
-2239
-1934
-1698
-665
-621
-167
13
-2381
-2378
-1283
-1110
-1790
-1334
-1715
-2223
-3770
-4455
-4312
-5055
-4394
-5354
-5230
-4932
-4837
-2692
-2080
-2282
-1059
-2099
-1926
-1537
-2360
-2121
-970
-3408
-5046
-3649
-3057
-2240
-2343
-2289
-2687
-3238
-2448
-1974
-3479
-3605
-3878
-5488
-5154
-3808
-3411
-3904
-3524
-3353
-3737
-3070
-1994
-2491
-884
-1618
-653
558
-1347
-36
-505
-2284
-183
788
-862
-1750
-1917
-1199
-299
-1766
-2687
-1490
-1962
-896
538
405
594
464
31
818
1045
424
768
1444
1812
1070
233
360
-456
-420
-1013
-975
-141
1317
2802
2954
2547
2774
2480
2031
2145
2042
2356
3249
2018
234
1236
-73
-938
-849
-1150
-37
818
600
1523
2115
724
2445
3276
1648
129
-264
-138
1362
1998
442
-768
-1603
-847
-1395
-3264
-2177
-1568
-2184
-2744
-2275
-313
31
174
369
430
779
533
-1072
550
529
-1514
-1240
354
419
46
-1130
-2182
-2157
-2509
-2369
-1818
-2551
-1763
-2127
-2127
-2246
-2760
-2063
-1826
-2591
-2412
-2307
-2932
-2819
-3416
-2630
-2544
-2629
-2189
-1860
-753
1626
1579
1669
2501
2463
3388
4506
2676
2497
2896
2166
1895
1363
1661
2243
2301
2596
3184
3150
2274
1997
3042
3962
3644
2849
2589
3385
4350
3507
2346
1858
1297
786
1555
1078
1973
2422
764
932
1678
663
1091
828
697
1423
616
213
361
839
612
-40
-844
179
-921
-1193
-1471
-3608
-1706
-2858
-3673
-2783
-2933
-3120
-2309
-1594
-1133
655
148
662
51
-1079
-231
-1804
-2374
-93
-590
-1455
-1314
-1157
-1138
-2459
-2122
-26
644
-273
-215
-627
141
-382
-1823
-781
-1870
-1446
-1721
-2865
-1753
-933
-1069
504
840
-231
1200
-51
421
1369
957
1725
2267
2041
1531
1975
1443
1626
1745
603
550
723
997
1018
-200
399
-287
-1352
-1844
-1842
-635
-1297
-2406
-3369
-3775
-4325
-4077
-3851
-5439
-5336
-4851
-4659
-5211
-4659
-3344
-5081
-6904
-5209
-5565
-5963
-5388
-7187
-6465
-6499
-7470
-5697
-5721
-7513
-6521
-6943
-6240
-4828
-5652
-6087
-4442
-5097
-4676
-5142
-6650
-5774
-7440
-6305
-4585
-5798
-5916
-6000
-6703
-6467
-6871
-6920
-4885
-4003
-4221
-3207
-2639
-1324
-795
-1383
395
-1028
-1842
-2122
-2605
-2471
-2716
-3699
-2192
-3472
-4589
-2820
-2878
-2095
-2046
-3816
-2292
-332
-2230
-1831
-1737
-3250
-953
-1571
-919
182
210
2051
1618
206
1810
2075
2109
3169
2988
2509
1610
1611
2980
2048
1504
1896
1451
2475
1938
533
1392
617
-299
75
-1422
-2314
-1827
-1290
-1861
-2313
-2499
-1703
-3048
-4742
-3631
-2675
-2370
-2287
-2822
-3299
-2408
-4290
-4743
-3689
-3098
-2178
-2990
-2894
-1142
-1923
-1898
-746
-1914
-1217
43
1725
2760
1884
2903
2431
-370
-253
336
-143
329
-586
503
1371
638
211
-9
390
744
722
1752
2577
2801
1990
1077
386
660
502
-221
1555
1163
427
1451
652
832
2509
2832
2371
917
528
1722
1145
869
1948
685
2252
3284
1179
963
224
435
748
1009
1977
2659
2130
1142
1898
1038
1151
813
1122
2637
3519
2298
1745
1678
614
970
570
143
903
2312
-30
-856
-190
-420
-1194
403
1389
342
412
-55
1237
1858
854
2068
1450
871
2455
2717
2039
3503
3452
2273
2039
844
434
234
-1510
-1010
-315
-716
-631
-1054
-370
-916
-736
-195
977
872
408
1073
1311
1217
-263
-717
-1887
-2031
-862
-1815
-1095
513
-1326
-1244
-707
-2481
-690
-460
-1886
263
707
-965
706
945
593
882
-15
532
1593
870
-157
306
-153
1185
122
-216
-593
-1338
-1401
-1087
615
1295
762
2389
1985
2276
4430
3970
3169
3955
2894
3089
3024
2145
2145
2942
2256
2316
2788
3345
5167
3757
3467
4027
2652
2425
1584
986
1207
-212
-1487
-83
-733
-2850
-3333
-3925
-3022
-3273
-4064
-4713
-6084
-5300
-4083
-3100
-2544
-1768
-2568
-1470
77
-316
68
343
-761
-2336
-2535
-1110
-3185
-3171
-2011
-3142
-4509
-4139
-5768
-5631
-4036
-4154
-3217
-4255
-3520
-1712
-2412
-2712
-2983
-5269
-5228
-3341
-4413
-4428
-3526
-5400
-4871
-4160
-4539
-3001
-2285
-2515
-155
977
-125
1736
2952
1496
1174
1419
230
635
1394
291
1509
436
-1034
-139
617
-643
14
-949
-1907
-827
-241
-2361
-1590
-2220
-4574
-5186
-5032
-5173
-3963
-2947
-2409
-315
204
-2090
-1136
-414
-1627
-1453
-1053
-3044
-1773
-878
-1228
1196
1370
-323
2584
2811
1010
3009
2860
1179
1496
477
-1513
-1018
-2220
-3395
-1395
-2277
-3470
-1801
-2619
-3915
-1461
-1874
-2830
-118
-529
-522
2118
759
736
1250
-818
-992
86
-2176
-1994
451
-428
-326
-824
-2673
-1774
-616
-1976
-1630
-1847
-2375
-2163
-807
-2004
-1208
-973
-1845
-1723
-1829
-2069
-1769
-1074
-2060
-2211
-909
-277
-2164
-3928
-3627
-1600
113
-29
286
1575
1727
2269
2290
1004
1693
1833
773
2440
1145
395
1078
118
394
650
-956
-1468
-958
465
1302
16
-919
-970
-1035
-1713
-990
-1133
-1494
-2412
-2260
-2688
-3064
-2673
-1341
-1284
-308
278
-503
-642
1016
509
2038
1251
-922
-532
-143
426
895
-582
-850
-1465
-140
611
972
-1023
-314
2375
3224
1931
3730
1980
401
2416
1248
459
4137
4322
2727
3932
3447
1400
2502
712
1193
3569
3938
4702
4468
2575
2926
3159
2719
3481
3605
2135
2997
4479
2077
2658
3292
2315
4087
4556
4323
4846
4302
4138
4769
3315
1754
2611
2141
1433
2177
1727
-982
221
832
971
1333
2315
477
1356
2991
569
-2
507
-1806
-171
271
-1359
-115
-384
-2819
-501
624
-831
295
819
-1534
-190
1355
879
-976
-699
-2861
-2927
-1233
-2446
-3080
-1220
-1515
-1139
-211
-1034
-2307
-1958
-3282
-4542
-3185
-2828
-2439
-1621
-4271
-5664
-1768
-4106
-5625
-2870
-4670
-4282
960
-1380
-4194
-2201
-2911
-5225
-1972
-2873
-3746
-524
-2009
-3626
-680
-3055
-4084
-2125
-2992
-2452
389
-1373
-1506
784
-75
-1730
-899
-1931
-1835
-907
-825
-1254
187
-280
-121
104
-1750
-3862
-2500
-1505
-1612
161
876
523
1528
1703
1011
2548
1679
679
2154
3446
1977
2501
2862
1769
-882
-2035
-2853
-3504
-4269
-4301
-2982
-3327
-3637
-2545
-2312
-1164
-1311
-2142
-2797
-1729
-506
1064
-881
-2168
-1425
182
-383
-526
-43
1136
292
1162
1343
1348
18
425
702
1195
2417
3554
2189
1741
2104
1126
349
1730
-1231
-1748
66
-458
-1083
113
406
-2948
-1183
-1053
-680
741
-11
-1284
-437
-196
-827
-2648
-2526
-3294
-1164
-336
-1296
-1330
-1281
-1161
348
-912
-783
461
439
-1127
-6
222
-447
771
2113
-302
76
603
-1152
-869
191
-1949
-1189
-1737
-2420
-1292
-663
-2898
-3907
-4250
-4820
-3982
-3996
-5105
-4906
-3756
-3811
-3491
-3202
-6180
-5494
-4453
-5196
-3983
-2507
-3054
-3056
-1861
-4247
-2039
-451
-2504
-1391
12
170
697
1848
950
-460
2015
2918
2156
1235
904
1775
2480
1485
2195
2949
2742
3747
4326
3428
3610
3328
3429
1996
3853
3484
3423
5213
3189
2123
3974
4070
4228
6950
6761
5414
6655
7094
4799
5035
5057
4483
5326
3858
2295
3607
2989
1552
2139
364
-83
1972
793
142
1845
935
621
1697
2273
1662
700
2018
1587
3164
3107
1409
644
2671
1533
2479
3155
2026
4076
4355
1849
2592
1778
-777
-427
1495
1054
929
2698
1010
-103
1110
-821
-486
1027
-1098
-1881
-110
-1254
192
603
-2705
-2229
-875
-1733
-1250
-387
-1283
-1272
306
1042
488
2565
3192
2552
3540
2979
180
2826
2954
1155
2554
1535
-911
571
-222
-245
856
-954
-3326
-177
-324
-1166
-1165
-816
-1920
-889
-43
-517
741
870
-1244
-942
-623
-1306
267
-951
-2777
-1147
-811
-2599
-1924
-832
-2675
-1145
-909
-1942
-1243
337
-643
240
515
-1118
-73
1603
-256
-488
-206
-1198
-1118
562
-1598
-1814
-1093
-3054
-2253
-809
-1591
-951
1552
450
390
2045
1701
1743
1708
1447
1533
2145
1939
621
-8
-1478
-2425
-2130
-2198
-1834
-205
-2041
-3497
-3806
-2709
-2067
672
-99
-468
1099
1041
-702
212
-514
-1353
-316
-882
-1770
-359
716
-982
-1641
-362
-721
-620
-1021
-2340
-1863
126
-1958
-1804
-751
-1963
-1059
-1174
-2947
-1883
-408
-2356
-2571
-2110
-2068
-862
-2603
-2253
-3053
-3143
-2570
-1890
815
137
-95
-28
-1118
-3068
-2648
-2684
-3272
-2560
-2895
-2689
-1804
-2849
-2198
-976
-1171
-1036
-716
-2051
-2357
-2807
-3499
-3157
-4541
-4881
-4743
-4837
-4052
-3759
-3567
-2470
-2323
-3085
-2308
-2046
-2252
-1842
-1200
-779
-2181
-2057
-1939
-4067
-4409
-4784
-4479
-3332
-3523
-3515
-2068
-2603
-3936
-4076
-3297
-3088
-2775
-1615
-2646
-231
1253
-844
-1388
-1010
-1231
-1753
73
-560
702
1319
-692
1147
1669
1233
2838
2603
665
1145
2682
271
-665
-284
-2034
-1548
76
380
-450
618
-24
-863
-714
430
-755
-624
289
223
737
1474
1716
2199
1910
2823
4065
3382
2415
2875
2441
1966
2718
2114
2147
2765
2892
2515
2745
4492
3788
3974
4376
2326
1306
2744
1743
1722
2008
789
56
859
1102
-350
348
604
197
1545
1660
1497
2292
2026
1178
1831
1808
699
1926
2178
878
886
268
-1994
-1895
-1767
-1919
-1291
457
-314
-632
-250
-953
-2279
-853
-1901
-1832
-631
-823
-114
315
-681
293
101
-1462
-493
-243
-2344
-2743
-1124
-1906
-1624
-740
708
999
324
545
123
332
1177
1092
1969
3215
2954
2195
3205
2087
2273
2089
1299
1970
3073
2662
2708
3810
3700
3620
5142
4927
4722
5771
5223
4009
3984
3046
3891
4732
3874
5161
5347
4400
3718
2684
2247
2116
450
-51
1531
3052
3087
2343
2295
1433
-253
-121
-443
-273
-217
1090
1598
1196
334
154
-953
-1637
-923
-607
-1334
-635
-1181
-199
687
836
646
756
406
1904
1287
454
1476
692
392
967
93
-976
-542
840
276
1476
1677
366
45
1646
1653
1664
1859
1426
3320
3543
3612
4586
4435
3271
3585
3415
3466
5893
7767
6446
5514
5092
3689
3109
4333
3112
2323
3644
5293
5773
4539
5178
7209
5883
5722
7395
7051
5969
6495
4027
1907
2476
1376
1564
2477
2750
3629
4912
3729
3728
4327
3061
3303
2287
1952
2116
3236
3703
3363
2899
2100
1623
2803
2200
1415
1488
2728
2392
2488
270
-435
-366
-1798
-634
-675
-784
-137
-1048
-2340
-2402
-2575
-3390
-2984
-1263
-154
-2442
-3070
-1961
-3006
-4498
-3883
-3017
-2198
-594
-556
-466
144
-653
-674
-1275
58
-2339
-6850
-6164
-4901
-5735
-4834
-4661
-5464
-5804
-5216
-4428
-5809
-5914
-3756
-6630
-942
-550
-2542
-6220
-5787
-5296
-7078
-7112
-3966
-4695
-4913
1206
5313
9151
20533
31503
-22678
-12052
-3305
1441
6311
8579
6985
4663
1246
-1306
-2876
-826
5103
20431
-24314
-2425
15326
26563
-30044
32143
23031
19807
13347
6870
5242
4154
6833
11777
8979
1887
-3957
-9616
-13949
-14332
-12014
-15961
-21529
-24338
-29967
31143
28243
21943
13708
5422
-2631
-12299
-20467
-27112
30524
25365
19169
12499
4498
449
-4019
-8132
-8772
-9185
-4832
5833
22397
-17774
14738
-26765
-14924
-6277
-7230
-17399
-31610
15724
-9618
29799
2999
-18919
27474
12220
-4679
-16269
-17938
-16971
-11695
5093
23814
-22470
2646
24218
-18389
6569
28585
-15570
8563
27515
-23493
-7770
2050
7931
11082
7912
1300
35
-3179
-11338
-13917
-16135
-26666
27786
19960
11296
-2639
-12647
-21694
-27749
31359
23151
13272
-102
-8550
-22594
29059
19022
8395
-4139
-11578
-12645
-13119
-9789
155
11582
29864
-15350
5827
20265
-28658
-21643
-18146
-19137
-28383
25601
11511
-6343
-28035
19367
3676
-4030
-3632
-662
5636
16254
26443
-30497
-23166
-18743
-17324
-10667
-3731
3290
9598
14622
15799
20514
22876
25873
27117
27344
-32422
-20917
-13264
-6824
-1787
-285
-3100
-5659
-11872
-19649
-22167
-27320
31401
27712
21208
11355
7008
-1082
-10221
-14025
-17955
-19522
-18103
-17803
-18412
-19664
-20148
-16776
-11758
-8910
-8895
-11213
-18171
-24354
29406
19373
12397
8549
3710
4800
6058
11613
19340
30518
-24174
-11791
-3288
-1159
-2541
-3263
-5859
-8938
-14869
-23156
31990
25815
22233
25489
26261
29611
-32044
-25975
-20024
-10777
-4034
3335
17216
32180
-22995
-12174
-10803
-10222
-12096
-16236
-25491
31117
18951
5305
-9243
-16232
-23037
-22089
-20162
-21494
-18872
-13980
-13617
-16915
-12788
-12031
-11566
-5424
-1153
-85
4660
8244
11107
12917
15185
18347
18137
16832
14710
9214
4022
2409
127
2194
11276
21839
-31115
-13869
-2894
5449
10562
13574
15636
14329
16192
8784
440
-9674
-24279
26858
14928
3491
-7152
-16068
-27735
28704
23561
21157
17169
16689
14714
11381
6710
2959
730
-6331
-12001
-15857
-19179
-20413
-20561
-21871
-26163
-24070
-22281
-21217
-14470
-4985
7501
24755
-19764
-484
18248
-22663
1361
24170
-20358
-3891
2028
3838
5009
-7282
-22520
27934
7703
-9999
-20784
-29202
29768
21758
13180
3991
-900
-2411
-4329
-6338
-7914
-10745
-15433
-20587
-30847
22897
16393
12207
12425
15523
14299
16380
17054
18048
22106
28096
-31245
-23497
-18468
-16873
-9292
-2608
-3434
-1013
2021
695
2930
6042
4723
3835
6375
10032
15803
22259
29067
32418
-31009
-30459
30825
22487
16851
10782
7358
5310
2338
-1452
-1649
1288
-1945
-787
684
-655
1201
-678
-6750
-10954
-12706
-14348
-18593
-21523
-24562
-32639
23572
16446
6559
-4015
-15491
-23641
31338
23557
20351
19226
21422
26223
-31937
-24286
-19507
-9923
763
16366
-31005
-12082
-583
9949
18310
16727
20152
24205
24271
24248
23726
19439
14567
8544
-1076
-12188
-17338
-23555
-32686
24866
18443
14709
10778
7063
5181
7621
8924
9301
10105
6889
7058
7601
5418
5748
6708
4819
7149
10506
10420
11243
13556
11220
5821
3229
-3144
-6491
-4767
-2364
3292
10812
20244
31843
-23953
-15257
-4835
4253
13690
18520
23276
23104
27632
26342
20307
20321
16935
13108
5109
-3980
-16462
-22242
-28187
28979
25768
21370
12721
11234
7887
2153
-2901
-5966
-12168
-17580
-24808
30230
26249
20238
10300
5545
5229
8623
13572
21607
-31395
-17466
-2994
11903
27231
-19491
-3527
13436
27520
-25472
-16014
-12046
-13498
-19101
-23441
-31834
24565
20919
17147
16280
18276
23394
27051
32280
-30928
-32019
-27663
-24959
-25791
-23083
-23962
-21857
-14728
-9774
-8996
-4496
745
2555
1876
-165
-935
1153
-3104
-9559
-11711
-16025
-18973
-21557
-23267
-28052
-28198
-29242
29877
25390
23603
18835
14810
10603
10671
9762
13584
13727
11687
7924
1768
-5740
-15927
-26832
27296
17446
13417
7004
1626
-4489
-10128
-13156
-17129
-20765
-24051
-26444
-24043
-20043
-19624
-11783
-4515
3716
12471
26354
-25200
-14218
1646
16751
29361
-24524
-13939
-7454
-3607
-603
-5740
-8928
-12390
-19276
-23692
-32016
23801
15026
7669
1112
731
4025
2141
3906
2469
-1131
-1423
-4866
-12044
-17212
-26344
29939
21146
9936
623
-6263
-10467
-12018
-13312
-12112
-12342
-8923
-7241
-4382
1166
4576
12669
19077
28552
-26159
-16667
-6227
5432
15564
22309
31827
-28535
-26571
-22312
-19978
-21290
-23535
-21794
-21429
-22737
-25293
32146
30016
30569
30204
30781
31053
-32611
-26635
-20055
-17427
-16162
-16603
-22319
32151
21259
11157
-3413
-11347
-20562
-31279
25362
15346
8489
2162
-3791
-8592
-16354
-18728
-22683
-24906
-29257
-31266
28994
27168
20703
16158
7431
886
-6339
-15949
-23604
-32533
24599
19225
13344
11129
11295
14509
22420
29082
-26082
-16030
-2620
16017
-26792
-4249
14720
-32347
-23269
-17444
-16284
-15873
-17856
-15278
-16607
-16695
-17903
-17641
-19537
-15468
-11589
-8614
-8532
-4930
-5227
-4010
-84
2840
5275
11339
11957
14813
18956
13839
9749
3887
-4270
-13280
-25299
20753
2682
-11943
-14448
-2535
12201
22366
28397
-32347
32102
-31072
-28538
-28718
-30732
-31177
-30366
-28296
-22215
-12101
398
14494
25214
-30753
-24734
-19887
-16471
-12612
-5522
2431
8270
11687
19845
22028
25514
32064
-29921
-29753
32446
29538
28683
24807
22065
17518
14622
9529
4655
-1658
-11197
-20350
-31288
24598
17641
10738
3831
590
577
1732
6225
9270
16517
21807
29852
-28523
-19672
-15473
-11231
-7823
-6114
-5546
-6571
-12409
-20540
-26287
29038
16843
10116
-2220
-11204
-16489
-25126
-30860
30978
30408
31977
-29158
-27757
-27603
-20434
-14398
-9372
-235
9668
17443
24299
30669
-30349
-27269
-22111
-19571
-15267
-15427
-14740
-15217
-13529
-15323
-12633
-11679
-11446
-12239
-14917
-16890
-20530
-24921
-28430
-30154
-25550
-26211
31265
20318
14878
9581
-5135
-19888
31892
21141
9706
-4813
-13167
-17929
-16765
-12697
-4684
5220
11643
24238
32490
-24275
-20300
-17800
-17783
-17565
-19130
-24501
-28916
31707
21112
16061
9597
2489
-2205
-6510
-9741
-9034
-9672
-9782
-9034
-4718
-1119
3728
11004
17615
22363
31879
-29372
-21604
-17496
-14996
-10322
-6162
-5257
-4783
894
1023
1628
7728
9414
14369
22737
25714
29075
-26934
-22616
-21240
-16726
-14387
-12849
-12558
-13353
-13797
-13656
-16083
-19975
-20829
-23783
-28471
31559
24954
19605
16178
9316
1031
-3400
-10477
-15892
-21409
-27296
-31803
28176
23250
22328
19794
20524
17405
19890
24613
27501
30346
32402
-29428
-28135
-28682
-28701
31752
27775
23743
20784
16488
15551
15004
17094
24893
29744
-29851
-28400
-26824
-23747
-22403
-22870
-22579
-21106
-23289
-27726
-27642
-28032
-29652
-29093
-32224
-32225
-30517
-31674
32697
-30715
-29467
-30820
30659
28490
26086
24058
25113
24216
30745
-28092
-18952
-11787
-5153
1750
6223
12008
18214
21415
29003
-32658
-28356
-25328
-24252
-25588
-23602
-27585
-31035
31578
28566
24269
21935
18964
14297
10472
4049
-3700
-6729
-10386
-14535
-16062
-17151
-17489
-18334
-16446
-15444
-15415
-13217
-12073
-10412
-8273
-5732
-4060
-4070
638
2324
7912
8275
10913
11675
13148
14583
16074
19961
19171
22527
28773
-30677
-27445
-21405
-19852
-16518
-11688
-12630
-9813
-10382
-10020
-11108
-14809
-18734
-22686
-26297
-31533
29452
26267
19634
16481
8827
1801
-5584
-11168
-19230
-29222
31567
26142
21929
20935
17420
15170
16433
20952
25321
28963
-30092
-24234
-14599
-2789
11861
23358
-32066
-21249
-13369
-11250
-12893
-17487
-29013
27795
17639
6745
-220
-5707
-10075
-16302
-16166
-17133
-17934
-15148
-12755
-13863
-12228
-10684
-16718
-23991
-29393
26039
20696
15630
9156
5137
1545
374
-1239
-1117
-396
5972
17560
28746
-23502
-10440
1512
17227
29911
-21047
-9374
1777
9865
18286
27355
-30924
-21922
-18075
-13833
-12734
-13287
-17955
-22245
-29263
27576
17313
4847
-7997
-19891
-32493
22088
12931
6909
3314
2389
1679
-1153
-2391
-6682
-8791
-10970
-10705
-9740
-7495
-3825
-956
1877
3310
3637
4795
3000
4466
2268
-1814
-3871
-9138
-12574
-16122
-20367
-25278
-26050
-28806
-32337
31636
30956
28314
28755
30496
30184
-31564
-30354
-28980
-25855
-23603
-20770
-17316
-13196
-10815
-9356
-5250
-3151
-3083
-1628
-2195
-1956
-1769
-71
3636
6504
7130
9654
11244
12217
11339
9273
5639
3620
2047
-692
-3327
-5920
-6608
-8660
-11631
-15485
-18467
-18969
-20741
-19963
-18791
-18942
-15954
-14020
-12797
-8503
-5323
-2724
900
4165
4574
8678
11420
11895
13085
15401
15767
17607
18052
18494
18240
16586
15315
15887
14629
12192
11547
9417
7323
6514
6542
4340
4556
4251
4322
2959
1601
745
62
-2952
-6831
-9476
-12000
-16549
-17936
-20891
-24323
-25783
-29850
32101
32121
29206
24962
23537
22698
20514
20271
21492
24930
30471
-28238
-23725
-18849
-14635
-9681
-7367
-4997
-1855
1154
4289
5787
8192
10980
9440
11223
11380
8698
5846
4014
451
-1626
-3864
-4218
-3232
-2656
-4829
-7920
-11042
-16387
-22166
-25931
-30432
30852
28295
25079
20169
17104
13087
9330
7857
7460
6508
5535
4795
2310
359
-2179
-4506
-6966
-8337
-10737
-12742
-14821
-17945
-19215
-20863
-21678
-21856
-22132
-21330
-20840
-20234
-20805
-21457
-22420
-21756
-19999
-19198
-17891
-16289
-13974
-13295
-11848
-11810
-13526
-12788
-15243
-18035
-19785
-20323
-21820
-21008
-20094
-18141
-14978
-9660
-5282
-158
4597
10789
17502
21792
26783
32005
-28927
-24493
-19845
-15734
-13606
-9639
-6555
-4280
-3259
-2865
-4203
-3286
-4171
-5192
-5144
-3490
-3182
-3859
-3483
-3996
-2544
-786
-1648
-3217
-4280
-3688
-4618
-6163
-7280
-9213
-10249
-10964
-11316
-12031
-13416
-14306
-14314
-13737
-14860
-15538
-15283
-15574
-16917
-16418
-16545
-16408
-15727
-13519
-11921
-8238
-2411
3150
8770
13389
17059
21187
24350
26927
26667
28162
29664
28838
28687
28520
27543
24334
22443
18139
14782
12771
8148
2301
90
-1870
-3690
-6604
-10222
-11292
-12810
-14172
-15485
-15585
-16301
-16678
-15036
-15798
-18091
-19422
-21253
-22790
-24932
-24964
-26158
-27267
-27817
-29341
-31286
-32126
-32213
31328
31831
32498
-32746
31741
30981
31063
31233
31213
30424
30720
30429
30781
28966
27397
28058
28006
25595
23604
24266
25654
23654
22480
21426
20564
17988
15477
14840
12865
13041
11974
10189
11722
13089
14468
16063
17567
18537
19060
21130
24220
28149
32696
-28934
-24559
-19854
-15972
-12286
-7574
-2823
-467
1803
5198
7244
7748
10344
12562
13571
14716
15423
14987
15787
18077
17541
16653
16129
15300
14249
11576
11572
9459
10334
10129
7205
7144
8754
9985
10267
10152
11400
11356
12948
13994
12999
12236
12096
10829
10273
9885
8790
7429
7693
6926
4304
5128
6312
5982
7288
10477
14634
19343
23983
27984
29807
-32100
-28789
-27865
-26281
-23084
-20229
-18500
-16943
-17251
-15812
-16653
-17221
-17022
-16969
-15438
-15094
-15666
-15117
-14480
-14989
-14750
-15624
-18591
-21509
-23252
-25129
-28175
-30724
-31926
29771
26225
23565
21001
19052
17427
13674
11563
10966
7249
5327
4706
1664
-1128
-2822
-3404
-4394
-3394
-1512
-427
1521
5195
6506
8134
11998
14517
17061
18293
18647
18561
18730
15503
11798
8832
3847
-526
-3607
-8668
-13484
-16094
-19084
-21050
-21988
-21295
-19592
-17667
-14810
-11464
-9024
-8470
-5604
-1889
-863
1959
6377
8268
11604
14606
15568
15506
17526
18032
16639
17776
18108
17787
18494
18655
20044
21291
20938
21979
23055
23266
22628
23117
23157
23967
23077
21980
23617
24282
25088
24715
25408
23920
22219
19707
17149
16226
14285
12317
9683
9116
7924
5771
4222
1670
-636
-3870
-7639
-10271
-11355
-10679
-12475
-15060
-14451
-14015
-13125
-10696
-9966
-8774
-6349
-4006
-3784
-4168
-2740
-4069
-5875
-5395
-6069
-2991
-1214
-2496
-2881
-413
1859
2625
1624
2021
2530
2979
4007
4623
3742
5104
6353
7696
9901
11934
14449
16777
21416
25856
28928
31287
-31748
-29976
-27536
-24597
-24013
-23464
-20754
-17265
-16512
-15647
-14840
-16815
-17932
-20002
-18863
-19762
-20206
-21540
-22546
-21611
-22171
-23701
-22870
-21578
-23537
-24329
-25216
-25566
-26455
-26901
-26842
-28940
-29331
-29173
-28459
-26934
-26704
-26876
-24990
-24761
-24372
-23782
-22781
-21342
-19411
-19028
-17889
-14991
-15265
-14391
-12870
-10502
-7429
-4134
-3421
-1987
947
1744
2918
6207
7032
5572
8292
9454
9466
11132
12705
12231
11407
11711
13049
13282
13219
10218
8168
8565
8883
8577
5728
3965
1082
284
-2199
-3033
-5427
-10267
-12144
-13572
-16394
-17895
-18712
-22503
-24314
-22067
-23149
-26151
-27708
-27401
-25021
-26872
-28021
-26995
-27471
-28584
-28089
-25923
-24499
-23758
-25425
-24826
-24097
-23386
-24095
-26707
-26706
-25246
-26789
-28952
-28723
-27580
-30589
31999
31245
31851
-32148
31732
29295
27062
24433
21680
20380
19536
19883
18138
16693
16928
15334
14118
13458
13021
11444
10820
10234
11139
11612
11549
10321
9812
8931
9782
8847
5560
4712
3059
-766
-3823
-4954
-9073
-10245
-10449
-15789
-18604
-19189
-22206
-26054
-29042
-32285
31414
30107
27512
24197
23118
22889
20731
17986
15292
15521
15698
15797
16523
18227
19617
19512
20691
22691
25655
27936
28294
28988
29815
30628
31217
-32273
-30874
-29488
-29156
-28358
-29538
-30895
-31207
-31958
-32077
-32587
-32325
-32618
-32410
-31616
-31242
-32156
31954
32157
-31130
-31052
-31534
-30211
-29417
-28047
-28197
-29252
-28513
-28072
-25513
-23512
-23654
-23282
-22625
-21882
-20373
-18928
-18672
-17627
-14651
-11427
-8449
-7136
-2619
1290
4406
7690
10323
14998
17134
17627
19143
19378
19913
21407
22152
22533
23000
24354
25548
25215
25250
25359
26781
27954
26261
25427
27695
26299
25990
25140
23872
23112
23866
23660
22804
23794
25774
26295
27317
27460
28513
28106
27664
28633
28593
27577
25061
23508
22928
19750
19170
19613
17452
15416
15044
14017
11541
9434
8057
6281
3544
4246
4610
5784
4648
2941
2444
2968
4874
6135
7375
7505
8997
10478
10303
11585
12233
12277
12090
13349
13791
13458
11664
10954
9328
8435
7626
6932
6980
6512
7341
8621
8293
10006
10270
10136
9129
9450
9986
10784
10612
11366
10820
12529
12771
13060
14313
15448
14791
17476
19354
19142
20042
21151
20967
22657
22318
21752
22695
24336
23983
23879
22726
22778
22925
23531
22923
22878
25135
23349
22747
23360
22457
24228
25722
24864
26008
24865
23378
21829
19583
18427
19334
20470
18690
17817
18358
19066
19628
19944
20691
21523
23023
22114
23130
24369
23921
23400
24220
25454
25436
26730
26369
25918
28668
30089
30701
30758
29337
28964
31146
30939
29200
29047
28434
29065
31643
-31749
-31611
-30029
-29311
-29847
-29243
-28368
-28645
-31589
-32364
-30956
-29808
-30732
-29786
-30299
-29716
-27294
-29083
-29260
-28510
-28788
-30830
-30934
-29294
-29680
-29767
-29564
-31790
32595
32113
30692
30996
31439
29771
28964
29175
29482
29064
29087
28126
26777
24943
24494
25098
25736
25794
25352
25340
25238
24814
26215
26905
25795
26751
27225
26777
25887
25668
23948
23659
23628
22054
22620
21360
19132
19110
19886
20412
20566
19977
17807
16272
16658
15266
13958
14735
14455
14955
14570
14030
12513
11095
10986
10472
10560
11240
12328
11684
11131
11676
12006
9446
9014
8413
5889
6064
6082
3030
1071
-874
-2292
-3920
-4905
-5528
-7058
-8261
-9639
-11387
-12875
-15193
-15716
-16883
-19418
-20128
-21504
-23043
-23933
-26429
-27586
-27574
-29126
-30751
-29422
-28475
-31080
-31880
-31798
32278
31537
32309
31268
30071
30216
29305
27494
27477
26524
26255
23880
21972
19890
19270
19415
19572
18318
16752
17718
18575
18242
18488
17709
18964
21100
21084
21101
21235
21530
22067
21394
23512
25862
26726
28508
29967
31574
-31914
-30332
-28898
-27466
-28166
-26683
-25057
-24215
-22492
-22134
-21938
-20560
-20125
-19045
-18533
-19788
-21300
-22649
-23226
-25390
-25358
-22922
-25630
-27023
-25300
-25031
-24707
-25970
-26354
-27125
-27202
-27995
-29104
-29746
-30949
-31798
32629
30260
30409
30345
29535
29891
28991
29613
29272
30433
30321
29254
27653
28095
28056
27991
27349
26995
27600
25670
25170
24892
25595
25256
23954
22452
21718
22549
22708
22241
22139
21427
22877
23532
21825
21430
21838
21624
21327
22018
24154
24614
25041
25555
25632
27141
30236
31515
31271
32020
-32136
-30432
-28535
-29469
-27481
-25527
-23731
-21760
-20263
-19327
-16708
-14308
-12991
-9570
-7163
-5282
-2811
11
623
2055
5235
7195
10750
12714
13811
15053
17407
19887
20968
23045
25325
25675
25382
27633
27848
27766
27403
26607
26469
24360
23991
24736
25793
24733
25070
23840
22314
21480
19566
19379
19930
18665
17369
17121
15947
16710
17847
16660
15426
15198
13499
13470
14473
13809
11432
10151
10146
12710
11751
11993
12003
11818
14594
14618
14348
15312
17445
16198
17753
17866
17163
17738
17295
19341
22028
23544
24298
26671
27013
28943
30011
30005
31351
31644
31391
-31543
-28887
-28859
-27806
-26959
-25613
-23895
-24530
-23884
-23433
-22741
-24086
-25104
-25768
-26135
-24431
-25407
-24801
-25686
-26668
-27061
-26261
-25003
-24017
-23883
-22501
-20195
-18963
-18886
-18084
-16828
-17617
-17418
-17187
-16162
-15557
-14875
-13971
-14231
-15428
-13733
-14037
-15150
-14601
-14763
-14245
-14100
-14975
-13274
-12285
-13572
-12697
-13880
-15989
-15810
-17910
-18528
-16551
-17444
-20072
-20337
-21922
-23880
-23021
-23274
-24671
-25379
-26074
-27028
-26363
-25577
-25029
-27049
-27465
-27789
-28405
-26995
-28799
-30754
-31450
-31029
-30790
-31045
-31067
-31505
-32219
-32745
32526
-32419
31155
31680
31569
32110
32209
30559
29123
27912
27142
24982
24300
23842
20989
19484
19539
17563
16074
14560
13653
12418
10377
10307
11388
9615
7207
7007
4134
3221
2726
1130
181
-172
-2115
-3716
-4018
-4940
-5739
-8373
-9507
-10015
-11534
-12808
-12961
-13724
-14406
-16640
-17325
-15693
-16812
-18361
-19917
-20194
-20087
-20455
-19428
-18174
-20226
-19136
-20314
-20174
-19793
-20449
-21627
-22211
-22729
-23711
-24437
-25050
-26381
-27834
-27519
-27901
-28159
-27433
-27732
-28299
-28728
-28759
-28389
-29399
-30719
-32032
32392
31593
30181
28787
28656
25825
24452
23664
24095
24311
24267
23756
23858
24542
24368
24747
24094
21897
20605
20762
19892
20208
20875
19716
19090
18310
16952
16113
14767
13654
12734
14290
13731
14732
14234
13758
14354
16369
16770
15685
16856
16691
16301
17414
16059
15839
15324
15916
15615
16274
17194
17034
17075
17496
18256
18925
18035
18664
20406
19997
21181
19239
19874
20822
20730
19358
18159
18213
17599
19761
19065
18419
17326
16464
14982
13938
13645
14032
12855
11560
14149
13110
10790
11885
11520
11741
12289
12393
11856
12328
13159
13283
13171
13847
13339
14916
14874
15011
15544
15396
14460
15460
14997
15815
15982
16479
17996
18302
18495
17182
17383
17022
17274
18886
18236
17832
19427
19346
20726
21790
22456
22669
24892
25754
25109
26375
26945
28569
28141
30873
32194
31661
-31981
-29974
-28988
-29183
-27405
-25917
-25502
-23378
-21537
-21338
-19532
-17660
-17258
-16499
-14899
-13911
-13319
-13453
-13831
-15204
-13470
-13420
-11503
-8895
-7150
-6929
-6769
-5596
-3833
-2572
-2294
-1436
131
2675
4106
4359
2884
4043
6076
5390
6187
7845
7562
8572
9330
8302
9288
11424
11713
11042
10834
12444
12970
13237
13016
12118
10918
12845
16012
15652
15259
13872
13552
14067
13890
13823
12868
12275
13358
11501
9745
10471
11155
11654
11346
11694
12546
11239
11302
12213
10817
9792
10977
9709
9371
7893
7876
7504
7822
8369
6858
5830
5512
6019
5188
7501
7513
7200
4706
5621
5102
4776
5898
4273
4044
3058
4991
6753
6558
7587
6879
6118
7641
8782
9080
7865
7764
8179
6762
6168
8183
10112
12511
12104
12857
12785
13212
13543
13880
13020
14027
12068
11169
12257
11539
11888
11639
11351
12989
13325
13326
15907
14977
13562
14135
14461
14707
14273
15700
14833
14330
14975
13067
12705
13883
14316
15085
14108
14491
14485
14261
14565
13925
14252
14544
14634
13601
14313
15163
14974
14524
15698
14995
13884
14668
15361
14530
13702
16273
15321
15139
16903
18353
17530
17903
19111
19085
18120
18553
18651
19122
18343
18338
17443
15539
17439
17370
16373
18810
17845
16374
15734
15560
17613
17243
14820
15745
18547
17365
15934
17576
16743
14939
13781
15483
15662
16744
18291
18779
19799
19023
20040
19049
17187
17093
18134
17093
19042
17455
15578
15951
17275
15089
13818
13469
13381
13474
13267
12058
11583
13696
13560
10611
10125
10368
10460
9608
6695
8417
9239
6626
8079
9030
6884
6196
5740
7100
6096
4937
2686
4158
5254
3794
5291
5459
4920
5097
3237
3690
3345
2176
-318
-1295
-821
-2320
-2736
-3857
-2519
-1176
-2112
-2315
-1312
-1873
-930
-812
-218
-1148
-1970
-2759
-1259
-1055
-4252
-5785
-3328
-1816
-2382
-3139
-1703
-1902
-2629
-3739
-5965
-3914
-4860
-4583
-6396
-4795
-3885
-6354
-7809
-6490
-7670
-11144
-12206
-10917
-10942
-10135
-9453
-9572
-9055
-8902
-10040
-8903
-9367
-8902
-8611
-7044
-6500
-7124
-6719
-6637
-5550
-6058
-7577
-7571
-7270
-7460
-8482
-7255
-6926
-9386
-10732
-11250
-9927
-10090
-10131
-8743
-8972
-9111
-11134
-12779
-11866
-12229
-15134
-15503
-13943
-12675
-13311
-14311
-12272
-10824
-11845
-13178
-13275
-12869
-13140
-13916
-12890
-13383
-13412
-12736
-15240
-13975
-15194
-16321
-16894
-16627
-14852
-17173
-17031
-15560
-16213
-16225
-16735
-16928
-15572
-16959
-17938
-18050
-17011
-18134
-20606
-21065
-19109
-17700
-21396
-22360
-18418
-18853
-21013
-20321
-19162
-19684
-20345
-20236
-20281
-18046
-19352
-19435
-17731
-19306
-18717
-20696
-21677
-20214
-22549
-22472
-22492
-23049
-22295
-25167
-22664
-21126
-21477
-19468
-20622
-19115
-19263
-18925
-19307
-20286
-18741
-19679
-19124
-18990
-17812
-16877
-19642
-21970
-17972
-18594
-20609
-19658
-17431
-17006
-17472
-16906
-16029
-15669
-17410
-16313
-16375
-18060
-17146
-16583
-18061
-16839
-19108
-19483
-19172
-20294
-20254
-19474
-17294
-17757
-17964
-16861
-19260
-18141
-16397
-16521
-17690
-19529
-16935
-17743
-16318
-16864
-18087
-15512
-14932
-17049
-15750
-14987
-17866
-16598
-18874
-18437
-16412
-17129
-16136
-14682
-14502
-14923
-14311
-14317
-14441
-13939
-14913
-14930
-15205
-14602
-15261
-14827
-15963
-14563
-13263
-14975
-14217
-12499
-11492
-12642
-12316
-11755
-12055
-9505
-8885
-11523
-10668
-9776
-9934
-7820
-8220
-8590
-8176
-8079
-7116
-5424
-5864
-5597
-4140
-4536
-6444
-7149
-6380
-7422
-5637
-6926
-7988
-6250
-5018
-5617
-4397
-3445
-5909
-3914
-3610
-4625
-3660
-3356
-3104
-4492
-3590
-4293
-5658
-3117
-3616
-5090
-2824
-1053
-2886
-4152
-2853
-2437
-5217
-2300
-2952
-6453
-4625
-5156
-6879
-6883
-4390
-4864
-6648
-5926
-5872
-5746
-3462
-3453
-3957
-2904
-3740
-5245
-3776
-1703
-3113
-3605
-1191
-3272
-4635
-4810
-4255
-4316
-5454
-4266
-4905
-3388
-297
-861
-2373
-1641
-771
-3437
-2400
-1404
-1948
272
-643
-1942
-965
274
-1028
-738
-813
-451
333
503
2169
3354
4694
4916
5868
7231
6409
7684
6650
5467
6402
4423
5591
4284
4000
5799
6146
5987
3479
5421
4329
3921
5357
6775
5594
4815
4869
5682
5399
8196
7950
6447
7105
7264
6306
2929
2975
5903
2737
3508
6902
6980
6653
6345
5927
5045
5756
6846
4370
5013
7004
6371
3982
4336
5072
2213
2103
1771
1883
1705
1184
3364
3726
5821
6142
5057
9185
7567
6995
10532
10922
11527
9691
9211
9258
9752
9149
9463
9405
8078
6445
5196
4632
7340
8155
5624
5878
7003
8190
7929
5562
5280
7370
6530
4920
4702
7510
6556
5761
7413
6389
6438
6650
5691
5155
6032
6996
7005
7717
6915
7497
8977
11202
11040
8938
8074
7213
9752
9843
8221
8682
8477
7561
6610
5294
4737
5738
6741
6321
6517
5279
8650
9575
7615
8819
10359
8558
7166
8458
8170
6964
8162
8116
7457
5952
6253
7367
8125
7866
6204
6247
7852
7403
8371
7886
7910
7679
4970
7518
7627
7136
7814
7346
6216
4184
5727
6568
6167
6311
4756
4997
5932
4385
4591
3934
4458
2496
4249
5382
2808
4594
5898
3840
2665
3357
4839
4970
5796
6460
5941
6854
5376
7593
7824
7391
9238
6588
5534
8379
8043
8543
6578
8837
7779
5926
6368
4339
5252
7892
5817
5126
5309
7582
7119
4701
7112
6114
5761
2932
2673
4916
4469
5331
4320
4674
7088
4779
4871
6370
5573
4517
3723
4590
5044
4922
4893
5539
5518
6005
5597
3506
4614
6178
5566
5660
7274
7825
7160
6581
5197
5651
4783
1484
1957
1341
345
568
635
1819
2214
3979
4659
3358
4496
4506
4395
3178
3546
3357
3278
3562
4899
4493
4015
2655
4568
2537
1669
1801
1207
2807
1801
1801
2835
3864
3072
3007
4394
4264
3885
6365
5557
5623
5688
6726
6966
5275
5652
8451
7463
7261
7754
9825
9040
10066
9754
8503
10736
10402
9092
11149
12200
10862
10130
11583
9553
5983
8066
7305
5933
6537
7140
6871
7201
8416
7066
7774
9220
8571
9814
8315
8275
7945
6731
8010
6663
8217
8936
8304
6378
7490
9491
8159
8491
7760
6388
8272
9627
8057
9248
11301
12262
11871
11596
4392
5519
6825
6991
4981
4048
4973
6214
3733
2126
1827
655
1026
2672
3126
1283
69
876
-809
-1164
770
1291
1803
1282
1011
1147
1186
870
-463
-1461
-1783
-2622
-1279
-154
964
-123
-634
1148
973
516
979
1570
1970
3321
2381
1558
2557
4112
2817
2039
2194
1600
904
505
1399
2085
1593
1071
176
-813
-680
-1300
-363
-713
3397
2681
3110
3832
2159
2292
5014
3665
3727
3638
833
909
2107
539
-749
334
1463
1071
782
909
1747
2670
2898
2274
2050
449
1083
1725
2137
3453
4330
2780
2156
3187
1823
3170
4486
2615
2679
3465
3931
4571
3532
2715
1305
1778
2154
3502
4371
4949
5768
6354
5768
4876
4529
5209
5521
5697
6869
7723
7335
7009
7290
6690
5413
5576
6155
7275
8083
8462
8227
7437
6920
5936
6349
7036
6917
8102
8620
10166
8809
6030
5749
5946
5350
5480
6730
7353
5756
7386
8003
8329
7697
6994
6553
6893
8770
9221
8286
7078
8250
8953
8856
8341
8031
8987
7967
8711
8370
8139
8697
8986
9066
9684
10320
9888
9673
9104
7986
6907
6394
6130
5961
6680
6423
5675
5557
6830
5679
4860
5178
5756
7271
8643
9383
9869
8575
8434
6872
5891
6649
7630
6030
5336
8417
8655
7480
7402
8148
7741
8444
9588
8718
7888
7844
8048
7946
9380
9969
9136
9448
10259
8906
6988
8033
8497
9120
8157
8651
7849
5908
6782
8658
8231
6503
6810
6911
6767
6464
6059
4224
3908
4288
3214
3606
4235
4622
4180
4119
4344
3964
3903
4392
5519
6825
6991
4981
4048
4973
6214
3733
2126
1827
655
1026
2672
3126
1283
69
876
-809
-1164
770
1291
1803
1282
1011
1147
1186
870
-463
-1461
-1783
-2622
-1279
-154
964
-123
-634
1148
973
516
979
1570
1970
3321
2381
1558
2557
4112
2817
2039
2194
1600
904
505
1399
2085
1593
1071
176
-813
-680
-1300
-363
-713
436
462
-1428
-1037
926
827
642
221
-393
-1820
-1504
-585
-355
-902
-53
989
1863
2396
2000
1836
1117
2137
2840
4070
3957
3179
2549
1993
1793
2644
2546
2574
1934
508
-652
170
1646
724
-38
367
18
-53
-1141
-972
-357
-1806
-1600
1088
2639
2583
552
553
689
-666
-340
-1213
-511
-369
-879
-479
189
-262
-490
-1013
1443
927
14
-606
-1502
-418
-344
-693
-1176
-947
-1577
-1253
-1248
137
124
-1701
-2041
-2062
-3085
-2636
-2851
-3782
-4366
-4778
-3104
-1315
-2543
-2117
-327
-915
-240
261
1427
2357
2637
2428
2888
3891
4207
3268
2181
2308
1410
424
2288
3428
3737
4104
4303
4362
4516
4469
5191
5777
5315
4895
4794
4205
4095
4450
4542
3533
3942
4040
3613
4024
4568
5070
6978
5718
6231
7820
5729
5404
6307
6123
5790
5002
5896
6454
5818
4926
4235
3189
2431
1245
2577
3695
3693
3956
4651
4651
4288
4563
4637
4992
5641
4008
3048
5163
4259
4504
5200
4598
3826
4348
4070
3248
3192
4664
4380
4514
5109
5078
5206
5531
5911
4998
3799
3298
2127
3495
3212
3179
2558
716
2143
3059
2782
2377
2095
1142
715
1095
1657
3035
3975
1746
1345
2230
2134
3208
2810
2924
3817
4398
4273
4197
5470
5105
4312
3344
3602
4264
3590
4321
4674
4359
4749
4119
4789
4227
3840
5278
4535
2945
3195
3691
3900
2572
2152
1909
1159
1390
2468
4274
6420
5315
4287
4470
3136
3089
2112
3123
2934
3103
2430
1194
413
1842
1148
-71
800
-134
1261
1978
1934
2430
2141
2355
2245
980
1126
2911
2198
2472
1850
2933
2924
1492
2232
2787
3445
1859
1250
3050
2646
3673
3655
3058
4289
5230
4254
2722
3265
3445
2578
2749
2823
3332
3486
2855
1798
1153
1046
1485
2699
2932
3719
4641
4781
4312
3741
2547
3612
4955
4379
4726
5887
5724
5217
4711
5412
3936
3630
4207
4308
5109
5280
4286
5298
5534
4404
3973
3756
4785
4069
1884
1815
3372
3798
2971
2791
992
1133
876
1306
864
253
887
2074
841
-540
-1261
-1740
-1610
-1080
-834
-1498
-842
-2173
-1593
408
-288
-2380
-3559
-2654
-2749
-2022
-1815
-1105
-1441
-3009
-2317
-2362
-2462
-1210
-1600
-2418
-1859
-556
-171
383
286
406
-863
-1268
-2328
-1534
-1773
-1214
-1023
-890
-493
-1199
-3585
-2309
-1821
-1880
-1121
-1906
-1577
-663
-29
-248
-477
-1193
-1170
68
231
-79
858
481
-314
-314
-613
-623
-514
363
109
826
529
263
586
2412
2773
2195
2399
2573
3273
2769
1537
630
1740
661
430
1273
685
-527
389
-270
-178
-52
354
-644
-1025
1231
775
-170
-1376
-1161
-25
667
-217
-952
-1340
-1987
-1973
-1015
-532
-641
-97
600
812
418
-200
-519
37
1725
2401
3094
4503
3995
4001
4165
3514
3844
2564
2676
2277
2704
3986
2638
2834
3485
3659
2425
1721
4067
3204
2964
3638
3948
4601
3457
3856
3186
972
654
2162
4053
3588
2525
4290
3732
4155
5828
5201
5050
6861
6588
6803
7915
6784
6381
6834
5470
5469
6870
6568
7370
6411
4847
3093
2174
4215
4436
5326
4365
3017
3844
3514
4423
3211
2513
3167
2462
4472
4485
5230
5928
5366
5485
5430
5137
3515
3139
5428
5269
5618
4545
4691
5879
5369
5347
5569
5184
5164
4562
4942
5528
3515
5209
5801
5429
4494
4577
7308
4759
5493
7297
6330
6298
3749
4885
8444
6484
7408
9402
9178
10078
12406
10990
8158
7893
9130
7952
7438
8275
7764
5974
6424
6087
6539
5705
6659
5916
5730
9036
8724
7569
4406
4531
7711
7561
5592
5500
4192
4025
5656
5117
5139
5589
5397
6045
7002
6387
5275
4183
4346
4636
5496
6545
3324
1280
3340
2448
2394
-413
-893
1259
1444
3381
409
246
1601
1382
1075
-1480
-32
-1773
-3245
-1805
-65
510
-1231
-347
105
-812
2259
136
-1303
556
1124
-414
-2140
708
-636
-1242
-690
-491
207
-2331
-405
1884
1787
2941
1259
-881
-1183
2239
2323
-1527
298
1108
-1340
-2474
113
2112
326
915
3059
3333
4296
5779
4561
1911
3396
4241
579
-611
0
409
-469
-1427
747
421
-352
-1573
-527
1044
1463
416
-1944
170
983
452
0
-148
211
274
629
310
-2646
290
-893
-5212
-3088
-2280
-443
-1768
-2737
-1286
-2080
-2543
-3724
-1829
-443
-2708
-3968
-5285
-3755
-3019
-5062
-5787
-5345
-6797
-4630
-3426
-4484
-4087
-2191
-610
-2183
-2741
-1699
-1592
-933
-76
819
1025
2107
2291
816
1760
356
-1553
-3141
-1285
164
1691
-384
-1944
2169
2474
-1459
-1879
154
1104
-649
-216
1110
-1740
-1171
-749
584
449
-513
214
-127
-768
-2578
-120
259
-1141
-887
80
1412
491
1362
2586
4128
5570
3724
604
1402
5053
5038
-268
622
6637
4415
265
-352
2831
1904
-114
3659
3632
4911
6154
2293
6063
7443
5492
1271
1537
5812
1897
3525
4205
2580
4711
4662
3696
994
5240
7522
1609
3405
7665
6363
481
2243
7327
3333
1463
1514
1756
3753
5202
716
542
4871
5324
1888
1517
6633
5154
1454
3531
7228
6170
3236
4201
3134
4262
7225
2491
910
5592
6156
1531
2666
3697
2111
4760
2570
1226
2762
5233
6654
3078
4266
5318
5841
4482
2550
5366
5044
2650
3660
2561
1645
3042
3755
4742
4637
4987
3849
1828
547
2782
3915
-805
-349
1855
2420
97
-341
1830
740
3678
1882
2943
7021
5982
5164
6150
6135
4262
4204
5537
6449
5573
2786
1994
2105
1808
2752
2462
552
3756
5053
1508
1469
2388
2058
376
-1114
-2416
-2059
-1193
-457
-1779
-3076
-198
-1261
-1591
-2451
-1945
1757
-3524
-188
1362
1581
4635
956
3765
754
3287
4390
1067
3143
1995
4203
2175
2027
2663
1654
4486
2200
-2079
1249
5455
675
-269
5008
5907
2719
1445
5325
4012
813
3038
2217
54
74
1928
-1280
-1002
5150
4717
1306
1211
6000
5817
6284
6219
6002
8673
4203
4369
5677
8573
5340
2292
4072
3435
3633
2308
2756
2172
770
620
2299
2195
2230
2616
497
1815
1352
22
2390
1832
838
4352
4523
594
2480
4510
887
-915
3115
2182
-2831
-2131
530
-245
-3325
-167
-1265
-3566
-338
-45
-6001
-4470
319
-1474
-6093
-5591
-3613
-3602
-3656
-3646
-5185
-5455
-2616
-2231
-3052
-1798
-3316
-7331
-6436
-3297
-5350
-6794
-5841
-4921
-4806
-4515
-4615
-5100
-2709
-4780
-5181
-3798
-4162
-5440
-2834
-94
-3851
-3250
-4518
-5819
-4420
-3695
-3911
-6277
-2595
-726
-2624
-4883
-2873
794
-4212
-1887
269
-2347
-4298
-596
-908
-1614
265
-3014
-1966
-276
1213
2432
-2564
136
2467
351
-864
-231
2781
551
1279
613
1235
2018
699
69
3644
3651
1403
327
-110
2624
-1206
585
4028
997
-151
1433
2871
-83
2012
4721
-221
450
3076
3589
2038
1649
5637
5318
3532
2153
3678
3837
4304
6917
3197
4547
5268
4619
3448
4511
5847
3528
4294
3711
3921
4293
4020
1391
2650
4406
1026
-746
2498
5524
350
-280
3600
2541
608
555
2404
2019
1756
352
253
-279
1058
943
-371
-673
1429
2765
-1038
4532
7594
4033
1911
5807
7434
4799
2604
2673
4935
4130
2525
2546
1214
395
1788
795
-385
2922
2022
-801
3962
2944
636
2417
4343
3926
2527
6427
5278
1481
4736
7134
4958
655
3254
4214
1580
3091
5063
4270
3326
4998
4243
4570
3779
2169
5389
6434
5183
3871
6558
2845
4136
6079
2939
1805
3439
5895
4590
5358
4569
4401
3221
2561
5007
4582
6971
5222
5689
6307
4208
5332
4640
5279
7673
6201
4885
5804
7010
5521
5593
4619
5933
5060
3064
4849
6017
7287
5282
5126
3271
4206
4479
4431
4821
5591
2897
1404
3060
3093
3395
2895
2754
5212
4924
5006
3750
3709
7062
5448
3903
3229
5056
5168
4213
5012
7110
5426
3909
6108
7733
5033
4187
6352
6385
5435
4689
5149
4660
5026
3033
2565
1088
1776
3285
1424
2202
3680
3487
1174
1443
2721
2449
-1024
-491
3961
2095
400
3052
3130
1557
2138
2976
1051
593
1574
1036
1436
733
3606
2353
145
2602
930
-682
-356
253
-2246
-2785
1947
-426
-4470
-3415
-4197
-4591
-3185
-4471
-5650
-3225
-5120
-7696
-7191
-6483
-5852
-8266
-6403
-4010
-853
-4438
-5719
-3631
-5421
-4343
-1177
-1630
-1062
-885
-1341
-3692
-3017
-2846
-4266
-1423
446
119
-2638
-443
1114
-2703
-3453
-1215
-2656
-2116
253
-103
-2927
-2389
-2205
-2572
-2624
-892
-1028
-1446
-2203
227
-693
-2526
-1453
970
-168
-3534
-1567
-1147
-3273
-388
750
-666
-1579
-968
-2847
-1556
1256
-42
183
83
-889
9
595
-5
-446
2386
4328
1960
1411
1895
1360
2004
673
-2722
-2252
-783
-1745
-1510
-1226
-420
826
-294
-818
765
358
-2735
-2492
-752
669
-752
-86
474
2700
1488
1482
2726
2629
1024
904
129
32
1096
148
-2134
-97
1571
-1140
-4301
-2251
673
-985
-2586
-94
-761
-1298
-1012
-1572
-1431
718
2246
1596
1730
2649
1532
720
-948
471
2102
148
1997
2120
730
-2741
-4018
-1008
-2438
-634
531
2158
510
702
27
-1704
1055
2068
263
-1252
834
1933
-1603
-1441
783
1620
229
439
1571
976
1139
2100
1511
1220
753
1597
1878
3145
3255
2852
2575
2259
1440
2525
2174
2044
3238
2714
2840
463
557
2420
2049
488
-648
2459
4529
2553
4266
3027
497
-166
-875
-723
-473
1772
2015
491
640
2380
1015
1744
2586
1869
422
546
1959
1087
2367
1972
136
-506
1965
2625
3115
3088
4978
4590
4033
3019
2459
2427
3795
2729
1674
3878
1536
-631
1228
418
955
-2
-66
-1309
98
375
102
1536
2189
835
-1097
1051
2318
-191
177
1856
540
534
1477
1067
230
706
214
-304
1168
3423
1419
1546
3968
4097
2910
4370
4330
3559
2959
2930
3078
1817
1045
861
340
1388
1166
1962
2666
4112
4443
3201
2902
1916
502
-267
1462
2974
5166
4228
2549
3489
1146
880
777
1369
288
788
1154
2789
2419
1664
233
-1189
-436
-225
1072
1564
1027
446
1152
1865
114
-328
1505
1217
2096
2127
1947
1253
2178
998
-886
-1258
370
1488
1092
430
959
1931
2410
3346
1938
-455
-20
-35
-2042
-1918
-2297
-3818
-3079
-2208
-1852
-324
-398
-1568
-1207
-777
-2224
-1997
-571
-982
-598
-1848
-2430
-1079
-2778
-3427
-3682
-3353
-3188
-2008
-1639
-2062
-1769
-2676
-3835
-2059
-1381
-1648
-2788
-3741
-3773
-4359
-3431
-3016
-2649
-2772
-1897
-1792
-2227
-1693
-2554
-3850
-3854
-2900
-4398
-3809
-2227
-1531
-2559
-3134
-4194
-3471
-3740
-5074
-4144
-4702
-4154
-2808
-3061
-5862
-4809
-2171
-2404
-4840
-4126
-2143
-3184
-4010
-1540
-2537
-3300
-2912
-2287
-1695
161
-960
-2073
-911
-217
-677
771
1257
-1085
2520
3993
140
-505
1614
1512
410
794
1352
-276
-1376
-970
-1096
-1468
-1741
-1224
-848
127
-874
-2266
-2545
-216
-1665
-3777
-2668
-2678
-926
8
-1611
-2605
-661
-673
-352
565
2619
536
-542
1088
2600
1987
2521
2202
2890
3807
4063
3731
3537
3659
3498
3726
2834
2866
1895
384
1103
-643
-720
430
1397
1813
2407
3122
2211
3599
2452
-336
1228
2811
3110
2262
997
447
1912
-560
-415
2445
2969
3367
3634
5238
5592
7570
6682
4508
5402
4654
2397
3527
4412
2586
2163
2290
1616
1468
1416
1830
1348
1394
1708
1655
1226
306
1930
2829
2194
1185
2536
2086
239
-1364
-348
911
827
839
913
-611
-51
1702
616
1055
1913
603
-230
-17
1450
336
227
-543
-801
-909
-108
219
-370
-875
902
1031
747
1538
1283
899
2599
2111
1373
2848
2172
3415
4061
3425
3211
4820
3525
751
-301
-124
958
2081
1834
2238
2762
1233
1554
2246
3109
3809
3983
3271
2910
2188
3176
3089
2810
3152
2808
1028
2118
4182
3948
3422
4555
5221
4805
4619
3381
3095
4265
4336
3603
4321
5879
5609
5129
5143
6348
5680
3985
4520
4855
5980
6974
6530
5994
5770
4962
4690
3767
3041
1751
634
588
843
2049
1013
-1350
-1388
-1802
-2402
-1703
-1020
-1700
-2160
-2021
-1844
-347
189
731
511
352
-1393
-1389
-1633
-588
-491
-1063
-2233
-514
232
-1605
-508
117
-1415
-1201
267
-465
-1410
-1019
-885
-531
-444
-3087
-3593
-3038
-3182
-2751
-1182
-1592
-3125
-3488
-1250
-381
-1407
-2936
-3750
-1884
-1195
-1771
-1712
-1256
-2047
-3797
-2702
-1305
-771
-1695
-1823
-198
1
932
1078
-1292
-2996
-3339
-1770
-1179
-1581
-1076
-2094
-2754
-3292
-2139
-1646
-3057
-2554
-1613
-1936
-2013
-1143
-2330
-1794
-1259
-2301
-3144
-2171
-124
1176
1745
485
1174
1867
2778
1355
-442
878
-141
-2039
-3127
-3573
-2632
-2966
-2141
-1264
-800
-2215
-4582
-3866
-2329
-2611
-2098
-857
-304
-1456
-445
1038
-149
557
-738
-2684
745
3837
2325
1359
1523
1073
1897
3140
2963
999
-516
-1577
-1344
-532
-982
-1457
-2887
-2624
-87
1227
-580
-2211
-2573
-3340
-2550
-3039
-1767
-2634
-3261
-2710
-3706
-3342
-2986
-4499
-5697
-2889
-281
-1187
-2561
-1926
-2778
-2201
-845
-1694
-398
-1119
-872
-819
218
1590
-186
-1177
-730
-935
-1764
-2146
-2046
-143
-1614
-977
-2897
-2592
-881
-24
-2298
-2860
-65
-1183
-1759
1836
1348
-338
124
-593
-2694
-1960
275
-607
-2183
232
321
696
1438
-572
2177
1565
2809
1960
503
-832
1
1002
641
-1202
-490
-2849
-2282
-531
-550
-1043
-732
11
-3651
-3256
-1659
-2594
-1347
-1535
-199
1376
1066
3508
917
-1153
-2327
-98
-106
-5030
-836
2726
432
-187
-338
699
65
-1136
-772
-54
2579
3705
2767
5250
3510
3316
3834
3022
4222
1081
1559
3501
3360
4504
3661
2475
5739
4830
4875
6291
6778
5551
5258
7417
6590
5494
6615
7587
6459
6106
5344
5173
7274
6543
5192
6370
7537
4970
4313
4399
2139
1800
3362
2837
2645
4236
719
1766
4699
4384
-682
674
4270
2493
397
1093
1876
1379
-891
-2580
1466
1969
1747
-1255
-1066
1306
1556
-529
-1796
1383
2129
-1171
965
1559
1592
1214
-1263
-292
100
-5
-784
-305
1464
-1998
-722
308
-2578
786
565
-1787
-1167
-524
303
8
250
2676
2100
1776
576
564
1749
2927
1547
-1143
-574
2825
599
-3594
-4082
-323
129
-2300
-3208
-2153
-2133
-1807
-551
-2211
-1104
-634
-1823
-1565
-2427
-1165
-564
-2344
-227
-1191
-3276
-215
-709
1489
-573
-5224
-1901
-720
-3643
-3358
-446
936
-2705
-2130
-1360
-2710
-452
-1446
-6484
-4878
-2078
-5238
-5754
-4088
-5937
-6714
-3881
-6363
-5248
-2925
-4146
-4485
-883
-521
-2165
-1994
-149
384
1577
-724
-3069
-1199
714
-1788
-2479
-2
1417
-1630
-1861
1340
772
-582
354
-217
-2301
2095
951
-2571
891
208
-3114
-3215
341
372
-2010
-135
-1057
-622
418
-2846
-1117
-2158
-1821
-942
-1376
-246
532
413
950
-1149
409
2055
1815
-643
-1183
2612
2010
1030
944
303
431
-2972
-5559
-2931
-365
950
-748
-1930
-820
977
371
-3148
-1984
-61
-2054
-964
-3846
-1894
1233
-2817
-5942
-3694
-1505
-1487
-4325
-6293
-5144
496
-1829
-4595
-1922
-233
-2376
-4801
-3348
-709
-1092
-3795
-4638
-2199
-2338
-5050
-4468
-3758
-4362
-2918
-5964
-4634
509
624
-531
-813
297
-641
1337
4548
158
2400
3324
1119
2318
1003
-20
1160
746
-1510
402
1176
2095
2384
462
62
1016
1157
1747
1017
1238
1281
1609
18
-358
677
-3942
-3602
2610
1330
806
864
1195
956
1326
2539
-133
2933
2309
-2282
594
1487
331
21
-1940
1016
334
-978
-1056
-514
-150
-1905
-2950
-1680
-405
1147
-392
-2434
-1903
52
214
-3394
-901
653
-3171
-1517
-1151
-606
591
-1814
-1042
-388
-647
1059
63
375
2814
3713
1407
1411
4950
3723
3132
3671
3685
3557
2040
1634
2607
-1628
806
3732
241
193
1587
3153
3339
2002
-1023
139
4060
3136
977
455
2391
3253
3109
4277
3446
2516
2602
3932
3014
1081
495
1656
607
2922
3484
2244
3045
2272
2899
2249
2488
4256
5119
7234
6662
7054
6536
4483
6989
7538
2841
4044
2935
1616
3347
2702
515
2866
3505
2195
4829
6014
5335
6620
3946
2970
5855
5605
2723
3619
4799
2019
5646
3023
389
4820
1554
118
5169
4188
3473
3417
3151
4775
2666
1601
2691
4290
-652
-1860
3296
3086
-1351
1734
1572
-1922
-829
2828
-530
-103
2358
-820
1628
6355
4687
4215
3840
3129
2690
4825
1594
828
3212
1841
511
1271
-2869
-2686
-1105
-1435
4
-853
-1618
-2484
-2874
-1838
-4267
-2593
-1569
-2150
-163
-2685
4710
2911
-1705
-139
2308
975
248
2476
4115
1800
-343
153
858
2504
2265
-945
3108
2041
-590
1853
2439
3648
2516
1997
1889
360
96
404
-330
-345
-3507
-6176
-5451
-3852
-4019
-7157
-6255
-2608
-2266
-4761
-3717
-1317
-420
-5933
-3232
-1289
-3884
-4616
-3919
-4853
-3403
-4549
-6900
-2341
-4892
-8869
-3853
-2535
-3639
-5937
-4492
-5675
-3966
-3509
-6271
-2573
-3077
-5162
-4812
-4124
-1851
-971
-3447
-3052
-770
-3500
-3067
-545
-2581
-1565
-43
-1975
-1796
51
-2135
-4290
-2525
-458
-3872
-231
-242
-4908
-657
-1355
-3818
-935
-4159
-5179
-1973
-470
-3449
-4502
1550
403
495
1871
2254
5956
1948
874
2644
2027
-355
-1718
-1839
-80
-1123
-5819
-4389
2038
-613
-3175
-710
1378
-626
-1168
288
1294
2866
1252
-1956
2853
4501
608
-1761
2536
2710
859
779
-3249
1198
3854
-1433
-1943
3397
1413
-3588
117
2006
1560
-2228
-4637
960
895
-4176
-4696
151
-2905
-3858
-1769
-3278
-2039
-3329
-7091
-4944
176
-1587
-5886
19
756
-3022
-3005
344
1793
-1103
-4156
-3789
-543
-2606
-5449
-4695
-2243
-2553
-4584
-4500
-288
-1268
-5012
-4214
-2321
830
640
-1262
-660
3082
3623
1294
1025
2738
2346
487
466
2355
4903
2029
2705
4906
5094
3975
1326
991
6263
3382
657
5227
4731
1203
2832
4804
3721
2547
4443
4346
5418
3136
25
3629
4606
3596
-208
883
5032
5689
2299
3657
6650
5205
-251
-50
4825
6214
1721
1554
5128
5548
1128
165
1859
5460
492
-364
4025
2449
1410
1177
231
1914
-803
-2590
-3225
-441
-162
-1927
2114
460
118
2892
527
2390
2932
1646
2195
1523
3723
1693
802
-2320
-1703
-61
-3013
-946
-499
-825
-825
-132
-1719
-2896
1096
-523
754
4242
2437
693
3030
2897
1245
137
1115
2205
846
-2453
-991
5597
106
-2501
2810
-23
3214
2275
-787
4236
4807
79
-783
3725
2011
-1801
-3116
-2462
432
-1740
-7712
-4017
-1228
-2159
-2301
724
2070
265
-2080
-801
1837
1539
-2764
-995
919
2500
-2597
-4010
1011
-1200
-5820
-3907
180
-839
-4128
-2646
-1247
-3015
-3295
-3727
-2580
-1454
-4157
-6561
-1596
-1352
-1746
-4080
-1868
-1542
-4587
-2189
-2146
-4139
-3183
-4617
-3647
-2700
-5060
-6118
-5006
-3415
-2949
-3799
106
-1247
-5314
-3506
-1462
-2172
-3101
-2767
-2552
-1203
1070
-3437
-3289
-2007
-4886
-6606
-6740
-5096
-4915
-4613
-2815
-1198
-2888
-3184
282
-2096
-1753
-87
-1249
1387
-509
1632
5520
1602
3487
3446
3422
5113
2228
125
3724
1805
617
692
-727
-4244
-3896
665
-114
-100
-1815
47
649
-7271
-3359
1476
-2406
-4762
-2902
201
-992
-845
-3181
-3574
-130
-2064
-2781
-1348
-843
-778
-2050
-3296
-3378
-2906
-3792
-4324
-17
1346
-1622
-2192
-703
6
-2722
-2132
-121
1154
-1518
-2303
1659
978
-3040
-2880
-823
-8
-3203
-1125
3147
146
-1669
-1650
1266
-880
-3530
-3133
-4121
-33
-1288
-6620
169
2515
-1349
-1773
364
2874
-348
-2583
2123
2601
1337
-1610
-305
4548
982
-2494
850
1688
2256
-667
-483
2925
-714
497
-1691
-1322
2414
-1729
330
1802
158
1227
-472
-91
-1902
-2517
-782
-288
-2826
-2623
-317
314
-2870
-1258
284
-1073
-1594
-2778
-1441
2601
-817
-3097
1667
4061
548
-2308
1759
3014
-1195
188
3368
3909
2770
856
76
3962
2919
553
4219
5666
4433
3866
5622
5259
1618
3864
2873
3697
3997
4043
5749
5771
3872
4693
3935
4569
4534
4265
4530
4516
3807
3463
2966
4236
2348
2026
4160
3638
3988
1479
1334
1858
2082
822
1401
1924
326
-1212
1887
3099
631
-1295
-35
935
972
-158
5824
3535
1037
5052
4999
1941
3901
3632
1152
736
3548
-1131
-3194
-641
161
-1831
-1565
2538
3536
-617
494
2164
2249
2166
-1022
-1987
2614
-1584
-5713
214
507
726
1418
-36
391
4039
4566
1015
1731
1416
2142
1887
-698
2297
4742
-1062
-3101
-1365
1109
1287
-1838
-2195
2290
2459
-85
-1605
52
875
1157
36
-3066
724
1701
-3117
-1512
3536
1856
884
-856
-425
-141
264
-1909
-2883
-999
-2513
-2855
-1578
-2894
-2874
-2002
-4367
-5254
-6106
-6361
-4990
-5962
-6398
-2121
190
-5113
-5187
-2206
-3162
-2592
-2901
-2777
-2091
-678
-2139
-2767
-1991
-2079
-3589
-3866
-2597
-2846
-2212
-680
-2942
-2349
-2475
-2856
147
-3195
-2138
-945
-3266
-1144
-4035
-5511
-3956
-1230
-4444
-6516
-531
-2369
-4761
-3900
-3956
-1972
-1098
-3744
-1281
2352
-3845
-3994
-598
-537
-3134
-2204
-1518
-264
-445
-3541
-2746
2909
1697
-3039
-1817
-1002
-1193
-3886
-6452
-2842
-799
-4665
-4574
-4542
-3478
-4947
-4676
-3771
-2385
-4057
-4810
-1892
1932
-5821
-2153
-1694
-3048
-3118
-1206
-544
-2291
-942
-2113
-775
-590
-4709
-6110
-3777
-5377
-8419
-7442
-9168
23785
22490
22865
25464
25122
24069
24348
24698
24035
22067
21840
22113
22239
20537
20152
20721
21490
20257
18787
19638
18674
17913
17493
17935
17643
16890
17671
18768
16409
15080
17345
17775
16709
16740
17297
16187
16577
16058
14549
15776
16422
16304
17609
19618
19464
17652
18474
20036
21062
20073
19322
20052
21773
21898
21087
20671
20305
20204
20032
19678
20318
19569
19293
19730
20493
21157
23040
23600
23035
23081
22336
23572
22275
22098
23326
23195
23141
22150
23915
24646
22520
21903
22440
22811
24387
24772
24652
25355
25035
24459
24228
23483
23126
24052
23619
22426
24003
23761
23142
22565
21891
23597
23008
21594
22471
21853
21847
22618
22791
22393
23260
23986
24363
24361
24285
23984
22950
24439
23578
21084
22088
22932
22067
22062
21851
24129
22561
20713
22209
22552
24415
23731
23870
24723
22897
21470
22346
22442
22695
23323
23703
22422
21290
21337
21934
20984
20057
20384
21940
22804
22968
23627
23721
22301
21062
20793
19790
21912
21257
20304
19297
19448
20559
20369
21279
21731
22237
21597
20521
19561
20576
20064
18561
18124
18398
20747
20913
20699
20850
20968
19902
18246
19142
21149
21899
22229
22048
22197
23182
23475
21837
21901
22578
23594
23027
23619
24080
24300
25497
24040
22784
22272
23538
23960
23947
24450
23942
23945
23582
23802
23546
24109
24818
24820
24340
23250
22921
23067
23202
23013
23745
23326
23669
24364
24910
25614
24550
24000
23839
24389
25583
23946
24239
24689
23300
22326
23504
21669
20892
21749
20311
19387
20385
20890
19483
19296
20061
20018
19727
20136
20138
19181
19799
21305
20816
20242
21090
21617
21161
20708
20318
20229
20680
19979
19106
20621
21090
21030
20012
20759
22678
21722
21128
22669
24721
24669
24105
25237
24965
23527
22726
22767
21920
20788
21225
21362
22551
24938
24846
24231
24353
23359
23665
24353
24861
25750
25728
25170
25160
23279
23628
23195
22973
22881
24289
23996
22779
22544
22234
21910
21166
21540
19389
19513
21006
19093
18490
17452
16469
17013
16983
18938
18507
18159
18321
17859
17469
16994
17646
18132
18799
19421
19811
20359
19522
19463
19037
18672
18877
18883
19953
20117
18987
16001
15155
16003
16381
16253
15334
17180
16787
17364
16885
15896
15272
16099
17739
18298
19116
19784
20336
18410
16815
16721
16643
16920
17851
15988
16195
18173
17355
15595
15460
17017
17402
16013
16435
16873
18729
18799
16663
15558
16189
17453
17455
18520
19685
19965
20205
18791
18601
19002
18632
17166
17946
17566
17828
16995
15760
16018
16151
17113
17542
18568
19395
19294
19340
19561
19308
18098
18560
19320
20376
19549
19726
19073
17519
16479
16988
17643
16630
15965
14804
14820
15621
14729
13180
12927
12646
13039
13645
13122
15226
16085
14937
13228
14874
15281
16203
16662
15957
16626
15343
14021
12851
13284
13889
13617
14141
16100
16500
15965
14282
14115
14526
14707
14564
14446
14145
14616
14895
16068
15979
13479
12399
13363
14833
16909
17893
16278
15065
15274
15486
16046
15389
16222
16949
17209
18150
17596
17096
18160
18643
17925
16763
18411
19412
19403
19080
18149
17706
17657
18157
19367
19627
21126
19161
19067
19203
17562
18033
17110
16239
15775
16338
17197
16884
14109
12865
11578
11609
11566
11070
14047
14552
15372
15914
16370
16301
16316
16343
15785
15279
14749
14117
14039
14597
15760
15671
15004
13819
13925
14082
12996
12586
13186
13888
13332
12870
13903
14800
13551
13154
11089
12847
14972
14864
15922
15549
17223
18022
17712
17262
17561
19357
20666
20157
20384
20236
20162
19113
17931
17756
16954
18488
18777
18254
18452
18879
17605
17041
17018
17571
16790
16412
17581
18351
18654
18406
17047
16360
16486
16755
17537
18992
17652
15729
14643
14406
14569
14014
13710
15425
16083
16268
16180
16123
16145
15435
13976
14027
15659
14916
13832
14145
13736
12933
12385
13559
14414
13390
12548
11399
11361
11672
12916
12242
11834
12255
12570
11706
11835
12969
12328
11101
10310
11567
12068
10778
10997
10938
12421
13818
11941
12255
12759
13198
14073
12560
9962
9427
10136
8756
8381
8156
8113
8645
7965
9122
9767
8478
7037
8482
9189
9989
11211
11601
12671
12899
13929
13726
13155
11969
11979
11292
10291
10119
8126
8518
7476
6768
6025
5988
7414
7140
7441
7476
6703
5787
4533
6029
6664
6208
5000
5635
6598
7343
7662
8649
9238
8564
10156
10356
11436
11445
10716
9118
9815
10132
9518
9416
8988
8185
7783
7046
6169
4625
6089
6779
6537
6074
5460
5161
5331
4588
3912
3978
5024
4682
3627
4189
4481
4899
4367
5007
5483
5874
4872
4270
5680
7013
6975
6491
6150
7777
9252
9058
8004
8010
8280
7979
6467
6109
6506
7096
7132
6286
6839
6632
6806
7001
7811
9015
8709
7800
8063
8160
7722
7379
8066
8105
6540
5849
6775
7660
7268
7010
8448
8816
10041
11124
11524
12120
11556
11350
10390
8506
7745
7461
7534
7032
6272
4581
4423
5255
4905
4702
5441
6026
5525
4819
3759
4309
4450
4566
5072
5016
6797
6191
6966
7396
7629
8426
7694
7651
8869
8513
8924
8623
7164
6472
5946
6120
6084
7044
7414
7181
5992
7179
6081
3986
3830
5038
4179
4622
5875
6343
6757
6421
6628
6747
6203
5965
6458
5858
4532
6042
5968
7003
7742
6194
5321
5458
5998
7127
7701
7314
6848
7623
8780
7703
8163
9700
9940
9603
8919
8649
8766
9252
9502
8133
7171
7662
7229
7678
7443
7047
6621
7419
7957
6966
6497
6838
8906
9001
7469
7761
8668
8804
8454
8326
8518
9291
10162
10060
9459
11108
11357
10102
9280
9916
9294
8513
7707
6833
8139
8928
7903
9271
9778
8477
8466
9353
10274
10986
10408
9758
11964
11940
10714
12457
13063
12641
12620
13180
12934
12499
13081
12209
11619
12139
13065
11810
11219
10109
8526
7821
6256
6416
7323
7617
7887
8658
8460
8348
6872
6354
7416
9509
9703
8831
10042
8671
9118
8580
6274
5262
7359
8334
6088
6448
6954
7328
9271
9907
9528
9699
10950
11641
9664
9072
8605
8258
8836
6989
6488
7333
6529
7179
8419
7195
6332
5469
3698
3788
5295
5292
6493
6750
6026
6421
5212
3039
3676
6267
6275
4460
5121
5024
4978
4123
3808
5424
5721
5803
6783
7246
6278
5210
4504
2954
2474
3017
2557
1299
2224
3200
2855
2066
5
493
1429
1026
1485
1625
2443
2263
2309
2133
2596
3659
2290
2575
2345
2261
1603
1765
2222
1357
1639
1417
1616
863
1262
1807
1752
143
-646
258
746
256
138
1956
3107
3082
3137
2698
4808
5966
7403
8146
7603
7060
7172
6236
5330
4444
4759
5298
6948
7007
5098
4314
3152
1434
185
1341
2670
1883
1660
2382
2452
1589
1100
2697
2700
2598
2621
2408
1863
2231
1775
1939
2960
4090
2461
2415
3119
2508
1829
1962
3396
3548
3318
4371
3876
3744
3426
3394
3258
929
1053
1452
488
578
338
-9
-381
-714
-1463
-1084
-205
306
541
-376
-518
-1484
-2010
-1842
-2342
-2961
-2293
-88
717
665
1101
1849
2173
2594
2679
3523
3245
2752
3113
3128
2535
2224
2232
1659
1887
2592
1510
1066
970
-259
-1063
31
440
176
1299
1560
1618
468
428
1591
2744
3986
4162
4298
5285
5286
5604
5542
5792
6163
6369
6135
5954
6602
4799
3280
4535
3882
3559
3231
4744
6379
4824
4545
3046
3621
3101
2434
1917
1240
1453
1484
1952
2839
2118
2841
3598
2090
2296
2559
3300
2436
2058
1677
1297
2640
3083
2687
2754
3025
5101
4372
2506
3152
3431
3491
3441
3301
3522
3831
3646
2575
3270
2438
1620
2782
3072
4220
4481
3578
4348
3782
3999
3811
3891
3692
3657
5095
7299
6839
6571
6525
6545
7869
9030
8712
7697
9025
10308
8081
6737
6868
6810
6267
7651
7419
7923
8368
7707
7832
8367
7032
6324
6225
5930
6054
6155
4932
4587
5352
6236
7438
6926
6290
7559
7057
6568
6238
7072
6330
5942
6920
7835
5791
3598
2941
2663
1373
68
-178
1736
1782
2693
2930
2267
1230
-261
1016
2330
1929
-268
340
2948
3673
3101
2599
2817
2149
2679
3467
3644
3890
3745
3382
3693
3182
2369
2855
3488
4731
5985
5767
5151
4441
3239
2481
3215
3998
4223
4255
3630
3976
5266
4747
4317
3946
4859
4071
3401
3598
3804
4304
4922
4975
4360
4124
3214
4135
3719
4439
3917
2282
3345
3654
5415
5619
7053
6371
3651
3894
3283
3009
2643
2564
1673
1513
1169
211
252
1005
-241
-883
-1025
-581
-1202
-1882
-1191
-134
280
-1047
-278
1414
1622
1158
1026
1856
2962
1806
1333
3129
4910
2839
591
493
720
-1181
-572
1482
1201
582
265
297
649
536
103
80
797
897
-1410
-2094
-141
608
-953
158
2412
2391
1566
1677
1618
2377
3580
3412
3573
3650
3425
2704
3620
3632
4150
3012
3081
2844
3969
4674
4309
5152
4483
3232
2990
1097
635
1133
21
-271
236
624
1320
1848
1422
2794
3881
4272
4370
5562
5569
5176
4818
3162
1872
1687
438
1790
2711
2459
2426
4921
4919
3005
2474
2125
2768
2556
1042
912
2521
1416
1288
1275
182
30
396
1439
2657
3822
4103
3389
2412
2833
3835
2831
3581
2763
1440
2418
3049
5124
5804
6292
5431
4547
4531
4935
3778
4107
4791
2929
2729
2988
2337
1311
501
919
654
1803
2834
3668
4145
3748
3113
2033
2365
4317
6680
9491
9465
8494
8520
8840
8523
8846
8106
7623
7921
7423
6527
6623
6498
6356
4928
3217
3758
4390
3081
673
1214
2017
2025
734
644
1901
2671
2375
891
1347
1511
2129
3146
4375
5947
5504
5684
5614
7176
5791
6213
7186
7163
5902
3799
4425
6638
4261
3169
2234
2907
3756
1615
736
2704
5353
5145
3959
5218
4635
3317
1940
1318
1516
2021
253
894
3518
3087
3483
4346
5150
5338
4373
4817
6818
8542
8000
4992
5455
7106
6482
4650
4222
4793
5848
4644
4678
6793
6491
2726
2163
5015
3383
-485
-1010
298
2287
1893
991
2142
2984
2233
516
-269
2187
2403
1993
1693
2460
5302
3326
2680
6208
7485
6333
6252
7799
7424
5003
5201
5150
4899
3861
2575
274
1759
116
-3991
-1942
1112
-500
-2145
-728
480
2062
1522
1257
2664
3659
3396
2063
3232
5251
3448
-185
1047
5766
4849
3885
5003
5765
4349
3256
4784
5662
5971
4248
1008
1710
2690
241
-1201
687
2083
770
478
688
769
480
330
870
1360
-1
281
1312
2572
1988
-339
-359
1021
2127
676
1400
2564
3244
2923
2031
3938
5236
3823
2467
4528
5675
5343
2822
3114
5137
3719
1393
946
2983
2979
-217
-1142
1248
4102
2620
1309
2478
3834
2208
1438
3249
5133
3729
3684
5160
5119
5777
6026
6070
6917
5885
7143
7747
8154
8420
7624
6943
6550
6394
4329
2205
4572
3662
790
-504
2046
3245
1112
343
108
967
-172
-1823
-128
2081
1226
-635
706
1852
2800
500
-116
140
214
-379
-55
2093
2043
2983
1370
2447
1577
362
-810
-1269
-1354
-3496
-4834
-4617
-3204
-2402
-4246
-5858
-4568
-4385
-4531
-5126
-4311
-2226
-1776
-2307
-2335
-2036
-3485
-3660
-449
361
-78
-2202
-1836
787
437
-70
1213
2058
1145
-1384
-1747
474
1057
-1408
-3890
-3442
-1110
668
-206
600
1794
67
-1850
-3398
-2088
-882
-2775
-4988
-2367
-1463
-958
-1520
-874
238
-1002
-570
-1081
920
1207
41
997
1120
467
-429
-362
-744
-1379
-716
104
867
772
-1273
-996
731
1517
918
492
1105
474
-618
-69
-1501
-509
-748
-1467
1139
3827
4673
3035
2359
3283
3039
2007
2065
3962
4848
2499
1941
3591
4364
4515
4242
4611
6101
5156
4617
4944
6086
5479
5565
4876
4211
5289
5554
4975
2768
4569
3407
3696
4580
3893
3084
3096
5706
6984
5580
6479
8161
7383
6282
6486
5970
4975
5369
6982
7278
5673
6061
6110
5189
6223
7715
6480
4869
6454
7407
6380
8198
10071
8263
6687
8010
8185
8157
6174
3222
784
765
2755
412
-55
2244
4101
4146
4498
4254
3863
4961
4687
3277
2925
2227
1377
2873
3138
2358
496
602
1869
1751
1135
1868
1122
-273
636
913
2391
3268
2317
163
2248
1140
615
-327
488
2574
2114
433
121
44
831
1493
3170
2621
2572
3707
1856
3037
3829
3700
2078
1725
3103
2779
2087
3187
4758
4823
3983
3103
4416
4979
5138
4926
4033
5625
3881
827
891
4219
3536
1271
3518
4583
1839
366
1493
3314
2828
1146
1765
2694
4706
5079
5125
5345
6548
4747
2774
3154
4058
4466
2562
1420
1693
716
-887
-1468
-551
-341
-3523
-5856
-3507
-2336
-3338
-3141
-3662
-2297
-1035
-3453
-1520
-120
1318
911
1272
2292
2345
-1051
-909
2272
542
-628
-1325
-8
1012
1944
726
627
1623
1809
383
-1762
-893
-1559
-3225
-3579
-1308
-2178
-3690
-3029
-895
-1622
-2145
-909
-138
-881
123
904
2254
3192
2183
150
2789
4291
4210
3274
1639
2337
3458
3082
2200
2649
3596
2729
2725
5055
4053
2455
670
1608
1637
1242
2896
3288
2046
2090
11
-3127
-1170
794
-1685
-1682
384
2194
2391
3408
2734
3787
2735
2535
3491
2848
2022
2209
1672
716
-1252
-656
1400
1080
-359
-2195
-2206
-2301
-1878
-2356
-4143
-1886
-2132
-3761
-2281
-66
-455
-478
-1623
767
2841
3131
-398
-1273
708
448
571
2918
3843
1314
1507
1928
3296
3767
3867
2220
1730
3063
2106
1220
2460
3476
2827
2475
2995
2673
2471
2006
256
-2588
-1475
1883
1837
2198
3515
349
42
2321
4913
5108
5100
4443
4931
2867
3024
5802
4526
2417
4011
5094
4729
6027
6714
5774
4367
4868
6852
7546
7853
6769
7143
6106
4012
4212
5176
5925
3790
2595
350
1827
3483
2218
3357
4267
4674
3762
5072
3651
3863
3852
4562
5400
5606
4350
4368
2700
3973
3628
4091
3363
3279
1251
1512
3641
3993
3737
3990
4654
3710
3986
3934
3019
3090
1397
861
376
2082
3323
3800
2595
3885
2573
1527
3213
3707
2434
3973
4189
2697
3181
4555
3894
3654
5376
5319
3108
3715
3110
4268
3811
2799
2729
3092
3485
2591
2385
3224
2717
886
1145
-203
1560
1636
1195
134
-724
145
1253
735
828
-546
-961
1049
298
-328
-2470
-1972
-2233
-3220
-3248
-1791
-1635
-1152
-1054
1284
1697
686
-458
-1579
-1971
-2503
-2390
-2325
-3007
-3754
-3483
-3338
-2240
-2533
-2735
-3938
-4454
-4103
-3375
-2981
-1965
-1350
-1261
-1685
-243
927
1834
725
605
-551
-2106
-1675
-559
-694
-1179
-449
-513
-2070
-1060
1123
1336
251
385
3243
4728
3112
2329
1945
2805
2731
2560
4053
4758
2778
709
-1173
-918
-1999
-829
-2111
-1597
866
209
762
1442
-303
147
-1080
998
994
470
-586
-1277
-630
-597
-608
1406
2897
2553
1785
1035
1227
-2103
-498
1188
353
657
1370
-1533
-881
1282
-689
-1524
977
733
-760
40
287
-1527
-1742
-3693
-3854
-2873
-259
-2766
-3687
-401
-194
-2274
-1841
-604
-1864
-2673
-2476
-627
192
-1189
-1782
1281
3581
2859
422
1027
1989
501
-124
453
1668
3657
2190
1955
2893
1448
-1652
-3921
-866
335
-2021
-3478
165
2894
291
-1969
-1987
-822
-1461
-3325
-2661
-1486
-3607
-5609
-3691
-3184
-4162
-5155
-8651
-7695
-5215
-6437
-8269
-4450
-3048
-6796
-7670
-4691
-2658
-2615
-3566
-3588
-2199
-3379
-5094
-4259
-4269
-4725
-4831
-4549
-4711
-3172
890
-2302
-3911
-3366
-3997
-3716
-2509
-1059
-1198
-2100
-2728
-1859
-454
-1159
-1483
-1442
-1796
-2124
-109
-1464
-2147
-1578
-788
993
2925
4282
3997
2593
2455
4108
3758
1698
2082
534
-417
565
3037
2864
2318
-67
210
2620
2049
692
2386
3202
3190
4131
3442
2536
3977
5071
1906
2309
3289
4407
3392
3699
2690
2335
3908
2945
3231
6246
4537
1952
1920
4530
4485
2816
4320
3458
3583
3212
1033
1474
1306
1211
-341
875
4804
3695
3141
2833
3772
3665
3011
4513
4640
5350
4310
2131
3598
2891
2684
1410
3638
5598
1419
-837
2917
3575
3604
1946
1224
3508
4941
3622
3686
4794
5377
3791
4971
5249
4103
2630
2099
1564
2392
3149
3045
5530
5533
2336
1652
1733
2210
3771
4201
2309
2201
1705
-255
-1355
214
30
-2786
-3032
1529
381
-1773
-943
580
1621
1585
2131
3320
3755
944
-1402
117
806
258
1099
714
867
1064
1295
1702
2082
66
-1662
-783
745
670
872
2965
2277
1592
2156
3854
3811
2921
-315
-749
2125
2408
1319
-17
-149
-948
-622
833
553
1547
2900
1469
2117
2524
5676
4089
5657
4760
4866
5022
6395
6755
5293
5878
3418
3587
3738
2381
2155
1414
2207
971
1519
3958
4716
3402
862
908
3054
2160
-750
613
1391
1551
1003
1624
2564
2413
1450
202
-1012
552
-365
-1825
-1177
1454
-356
-1970
-1503
-2490
-1285
-2584
-4972
-5024
-4404
-3787
-4334
-1528
-2840
-5325
-3928
-2494
-2239
-843
-2472
-4497
-2316
-874
-1030
-457
-102
-1540
-1558
-3665
-2332
-587
-1655
-2014
-2069
-1393
-2485
-661
-106
-304
-3862
-660
-597
-443
596
-1542
-1421
-389
550
-318
-1317
483
556
-1233
-1506
-2112
209
719
-719
-2029
-1018
600
-158
-846
-1003
184
953
-162
-351
2042
2062
970
1854
2342
1910
1910
2538
668
-3738
-3335
-394
-1267
-3823
-1924
-502
1608
-197
-3991
-3217
-1060
-1996
-2725
-2354
-246
-1932
-2382
-1649
-305
-1663
-1557
-228
-1355
-448
-1444
-2121
-853
-2845
-3521
-143
1894
140
604
762
2524
2835
2879
1869
3840
3743
2301
2233
2376
3858
3329
5846
6274
4986
4060
6214
6492
3344
2601
2603
7479
4434
1742
4735
6591
4902
2794
5072
6172
5469
5301
2412
4436
6058
6032
5432
2431
4408
3256
2847
2740
2852
2834
3196
2566
1734
3667
4698
4043
4418
3984
4405
4436
4954
4005
2906
319
-7
1918
2077
1865
2091
400
1753
1280
900
2114
2390
2069
1337
2908
3230
2832
3506
2016
317
1832
1672
-800
-19
1139
-607
-1237
1980
1941
1473
1900
287
811
2364
2231
2743
2076
817
-599
1860
3819
2066
3085
3763
622
2522
3512
1710
2378
2095
1076
692
1653
2737
1725
1585
-578
1645
2910
554
-174
421
-609
-53
1228
1845
3000
2936
3104
1806
5090
5677
2252
-303
4820
4532
3028
3402
3143
4433
3188
3786
4164
4246
2577
2022
1577
2562
3236
3506
1478
2540
2465
2617
2002
1490
1396
364
119
713
2009
1593
1451
-43
-838
-1534
49
497
-1982
-3663
-3931
-1395
-212
-2638
-878
578
-2459
-1028
658
1829
2054
726
1186
1598
1664
415
1237
-591
-2869
-819
2072
1183
2193
476
869
1317
259
781
-790
-851
-297
-3320
-1040
-143
-1253
-1828
-3673
-5354
-4626
-2603
-2138
-3553
-2107
-852
-526
-323
-2369
-2927
-1304
-822
-1557
85
94
-1062
-1391
1636
1642
729
2334
2393
1107
1762
998
-314
-1742
-1937
-3014
-1635
3176
2867
-232
-812
-1162
-453
78
2524
2567
459
243
2595
4075
3208
2066
-83
221
3258
4882
2462
3694
1927
-1176
-994
3230
-336
-2944
-3111
-371
-281
181
1103
-2043
-2651
-5058
-2934
946
-1915
-5381
-4609
-3844
-4106
-4313
-3068
-4243
-6199
-4498
-3925
-2735
-634
-2876
-4675
-53
614
1022
868
-1168
-2495
-2138
-2420
-1838
1688
-2422
-4747
-2280
-1791
-5276
-5470
-6737
-8057
-6205
-4085
-2801
-3784
-4892
-6113
-6479
-4581
-3890
-3416
-3163
-4516
-3860
-2811
-1664
-903
-4662
-5592
-5544
-3361
-2064
-1297
-1256
-2630
-4382
-2029
2200
1993
-190
69
1384
889
678
1285
1782
1136
-1252
198
2501
2775
1863
2737
1004
1666
3584
2225
1486
481
-18
766
2792
3369
1003
310
3541
4025
3316
3687
4519
4909
1599
232
3263
2496
1861
325
1364
4886
1887
1394
4141
3660
230
2569
4650
3155
3169
873
719
1368
1949
1005
1611
3206
4518
3486
4806
4957
3398
2395
3038
5234
4186
5372
5685
2405
2241
4118
6039
6262
3276
3462
2291
4188
6131
6304
4912
4857
4750
5269
2906
1575
5151
5251
1777
1517
1641
5694
5429
3456
4065
6086
5106
7891
7498
6501
6070
5384
5893
6276
6490
5297
3759
6578
6638
5513
7328
8574
9970
6413
5765
9057
9790
5443
5269
8354
9400
8529
5294
4758
5180
3341
286
3236
5684
5966
5668
4789
6269
2924
3498
6469
5244
4953
4796
7375
7819
4642
4413
2111
2640
3189
319
822
5221
2781
-1439
484
3394
3897
1658
1653
2163
427
-145
672
2767
1107
-1407
-1422
2098
3342
1886
1824
1439
3865
2142
2016
1958
3462
1120
1772
1223
1766
4582
5023
2924
2459
560
1806
3370
3084
1159
1977
1666
3195
1057
794
1127
1797
2044
441
-711
3074
1275
61
267
2273
4483
3753
1128
572
220
1030
2351
1006
1272
1620
1902
2296
2415
-87
366
972
1076
1047
2212
2077
3304
391
275
1444
2763
624
-1221
-1858
195
-2133
-1592
-256
-231
-1392
34
469
2791
-191
-682
648
761
-1699
-959
-3394
-2331
-3554
-4804
-2730
-64
-780
-2273
-2284
-2930
-3558
-1883
-420
-88
-1092
-2985
-2536
-1362
-1104
-4883
-6453
-3725
-1062
-2483
-2906
-2032
-2410
-4070
-3605
-3413
-793
-1921
-2769
-2842
-1615
-777
-518
-1157
-1887
-1639
-1886
-4288
-2536
-3969
-4002
-1425
371
883
127
-379
581
-1329
-1537
-487
-722
341
684
-1763
-1311
507
-1328
-2119
-2325
-3446
-4176
-2841
-1994
-912
-1666
-1141
126
2203
1621
-56
590
1086
735
351
973
2049
3001
2907
2938
2013
496
1782
-748
-2091
396
1131
-114
260
-1240
-2841
-3848
-1468
-1091
-739
-4627
-4965
-2256
897
2535
2208
1676
4168
4815
2272
1828
2884
1042
25
-461
2679
2786
3795
3599
3795
4320
4211
3376
3792
1872
-713
1239
1419
2260
1685
1259
1513
2334
1072
-684
656
1161
-7
510
2871
3950
1272
1306
965
1076
2534
3111
4172
2869
2713
3526
2715
3086
4285
3576
3638
6644
5631
2822
4193
4334
3801
3573
3643
4619
4589
4037
2376
1434
54
198
1528
-168
-1376
-1251
-1350
-2673
-1863
-3585
-3158
-2173
-1894
-2630
-1350
-602
-1032
-915
503
1113
883
1166
1582
-263
-824
-1003
0
-1263
-2691
-2763
418
-425
-616
-2246
-1373
-717
-389
-1325
-2373
-1177
-882
330
347
-111
-1633
-228
751
352
376
1965
2271
2469
2762
1396
-487
12
-374
820
149
871
1252
3128
1465
2658
4099
3704
2405
3231
3364
5238
4276
2370
2009
2905
1959
2085
4133
4254
4421
4803
3846
3331
3390
1793
1179
3308
3022
1446
473
2141
2691
1660
-958
-1148
812
956
-42
-310
1849
675
-1086
505
2211
1394
573
678
2065
45
-1835
-1069
-417
-1072
-257
-128
71
249
-1692
-1514
-570
-2880
-2981
-3236
-606
-1315
-1009
126
-541
-550
189
567
-91
-953
-629
879
727
-928
-2205
-643
-502
-723
-1130
-674
1033
-361
-2919
-1746
755
1059
-206
853
467
26
-891
704
1215
-315
-3127
-471
2188
1037
-1171
1270
3596
1294
-1849
-1548
-1224
-306
-2899
-3256
-399
-714
-2273
-676
898
-795
-1515
-1874
-1132
-867
-1282
-1183
1684
1400
-2434
-2048
73
-829
-3495
-3058
-2435
-1028
-1274
-2599
-2847
-1976
-3958
-5576
-4710
-5402
-6231
-7134
-6399
-4995
-4497
-4033
-4692
-2887
-4557
-5658
-4493
-1742
-2503
-4129
-3260
-3454
-2735
-3383
-5069
-5577
-4773
-4725
-3969
-3991
-3346
-3704
-5757
-3460
-1683
-2742
-3044
-3572
-3886
-5087
-3879
-3828
-2777
-1767
-1993
-2866
-1121
-488
-1299
-1481
-684
-1226
599
-15573
-19719
16275
-25253
-16968
21936
-25411
-23845
-26346
-25717
-22694
-31118
16873
10580
18425
8597
-3186
-9629
820
5016
-9784
-16322
-10058
-4325
-10674
-20168
-32059
26159
18029
17381
24506
26033
25358
23904
20263
22098
-30719
-25083
-22936
-18374
-8003
-1660
-5837
-26012
32408
-11326
18568
-30274
-29235
17900
5841
1583
8686
17677
27151
-28143
-23426
-13418
-679
-1798
-10553
-15551
-16470
-10468
1103
1389
2697
3026
4166
3644
2637
1420
-692
-3466
-7182
-9404
-9777
-12575
-15705
-17653
-20431
-23015
-25601
-26716
-27431
-29166
-30474
-32467
30849
29667
29989
29502
28091
27459
25220
22933
22659
24344
26120
27047
27184
24719
24172
21518
18955
17659
15319
11878
7510
4641
5
-2359
-2468
-5454
-6707
-10752
-15036
-16348
-18081
-20006
-22004
-23925
-25821
-27587
-28298
-28387
-28184
-28221
-29563
-31002
-32297
30539
29822
29955
28730
27421
25297
23128
20947
20951
23673
28162
32503
-28898
-26079
-22560
-15914
-8759
-1748
4922
9235
11203
11151
14252
16354
17450
20077
21138
20824
20114
19114
17687
19726
20751
22498
25123
27218
28794
30029
30944
31766
31610
30287
28940
30031
28557
26472
25124
22482
18974
12811
7933
6311
4667
2254
-1677
-3460
-4588
-2762
152
1497
1885
445
-535
-967
548
2509
4967
10780
12251
12752
12360
10363
10995
12738
13892
14150
16085
18475
17299
18182
20033
18229
17498
17231
14977
12359
10040
7589
3881
2072
2337
2001
2436
1840
842
-1101
-1999
-1110
-810
-3069
-5583
-3991
-3592
-4727
-690
4300
5709
3601
4353
8138
11426
13625
12010
9622
6326
5213
8479
9740
8477
7561
4972
701
-3715
-7053
-10172
-13874
-17956
-22071
-25793
-30450
31290
30492
29357
26551
25560
25122
22355
20889
21695
22317
22301
25905
26985
29561
-30836
-29533
-27151
-26366
-27766
-27616
-24877
-23624
-21251
-18790
-16475
-10484
-3583
353
-1249
-5684
-9146
-9763
-3134
7118
10707
6410
2624
6995
19833
30116
-29605
-21968
-19025
-16062
-8767
-1473
6938
14853
19753
23989
23818
24473
25996
25583
26146
26679
29847
32204
32446
-32017
-32467
30235
28968
26747
23155
18591
17275
18510
21306
23736
24796
24927
27826
-32722
-26046
-26362
-30748
28115
22332
19013
15337
13445
13154
15837
17381
17966
16227
11888
7888
2158
-870
-3880
-3560
-5135
-8838
-13347
-21861
-29826
27572
20620
16185
10415
6144
820
-5872
-9556
-10484
-12748
-15616
-17471
-20233
-24296
-28506
30949
24476
19226
14095
8532
1695
-2436
-2738
-2125
3223
9914
17727
25937
32611
-32144
-32527
31151
28771
30898
-18822
8823
19644
14259
12033
18668
28256
26384
17356
15297
24647
-31028
-23447
-18676
-17981
-17595
-19259
-21823
-26062
31281
25335
22234
21730
20745
19050
17524
14686
11080
8187
4769
-1821
-7132
-13012
-14392
-9877
3667
18648
31692
-28100
-29445
31912
31890
-13529
-16223
-21845
-13073
-3726
-9593
-20672
-19183
-14068
-8447
-9326
-13481
-27161
-30108
-23031
-24429
-27562
-24152
-23958
-22549
-19601
-21294
-24121
-25465
-28233
31688
31125
-29356
30949
22834
19302
28453
-8736
1153
-18535
31751
-31165
-18041
-16576
-15146
-12097
-15373
-10836
4422
14624
21179
29664
-28313
-19588
-12458
-17796
-26607
-26153
-16996
-15033
-28970
29623
-13287
-9300
32719
7542
-3238
-11204
-20651
-19671
-12877
-12997
-14997
-10852
-4458
4448
10567
12877
11765
10076
716
-6749
-15573
-19719
16275
-25253
-16968
21936
-25411
-23845
-26346
-25717
-22694
-31118
16873
10580
18425
8597
-3186
-9629
820
5016
-9784
-16322
-10058
-4325
-10674
-20168
-32059
26159
18029
17381
24506
26033
25358
23904
20263
22098
-30719
-25083
-22936
-18374
-8003
-1660
-5837
-26012
32408
-11326
18568
-30274
-29235
17900
5841
1583
8686
17677
27151
-28143
-23426
-13418
-679
-1798
-10553
-15551
-16470
-10468
-4349
-9735
-22278
30842
18948
14565
9813
163
-9247
-9799
-7759
-10526
-20485
31342
7834
-10687
993
30783
-9833
-4109
-8488
-11571
-16543
-22884
-28688
-25866
-24477
-28493
-32766
-32472
-17102
7473
25555
25976
23114
24051
19225
9326
-6000
-16347
-19963
-24391
-23143
-15805
-8955
-6399
-10358
-22709
31499
32720
29594
11075
-3398
-6462
-5187
-31778
11035
-32678
-16098
-29084
-25307
-19843
-19128
-12040
17509
-11893
12362
29492
-30231
29900
18551
14765
26761
31751
29166
-32128
-30885
13257
5590
23894
-23392
-16019
-22386
-28459
-26846
-28343
-29974
-30941
-27296
-20904
-19397
-12636
-12205
-19853
30965
-13637
6383
-5163
-757
3981
-11720
-26744
-18017
-5606
-5169
-18806
-24998
31470
31357
-28982
-22581
-17979
-24306
31581
25166
18935
20156
-25983
-6941
-1462
-6670
-25400
8806
-453
23624
-25183
-27352
-29878
-29003
-23167
-31628
10181
-16400
-29283
-28495
-25036
-30040
28649
21353
18985
12368
4953
4072
10210
8698
6153
426
15050
31292
-31894
-28088
-19288
-11601
-7338
7493
11468
7955
6588
-6677
-21016
32154
22762
11812
5122
-2315
-3915
3836
6141
8474
16314
30083
1178
-20711
-11569
-28483
-10817
5935
-16646
-19644
28684
-6063
620
-7572
511
5010
9256
-6291
-32603
27602
-323
-30557
32027
-22808
-20507
-21824
-22781
-29054
26922
25385
24373
21563
21514
25835
27361
17486
-3673
-25006
15954
-8328
-18018
-3173
20630
-24855
-7132
30190
-5775
-1163
8963
15107
10233
5656
-15279
24911
17774
15506
18679
20056
8711
-1419
16943
-15976
3857
26399
-28664
-30381
27308
11871
-8748
-22861
31359
25075
24915
17588
9740
4385
11903
26628
-17020
-11530
-13829
-15091
-24219
25480
15270
9384
6413
12604
10911
12518
18656
13796
3520
-9814
-23811
29891
18043
5950
861
-5301
-13347
-19250
-23029
-28693
-19190
-11120
4629
8313
8631
18958
10219
5035
4768
6093
9582
5797
14326
-11169
10706
-20800
-23669
-10474
9937
-30161
-29353
-23190
-28143
25962
11214
18381
15397
-2925
-20180
-15485
-224
22558
29767
-29672
-15568
-25891
21104
20109
27717
30759
10651
-21291
8519
11798
-28090
-15064
-17021
-15329
-318
11277
4275
-3841
-6871
-11144
30103
10009
8189
5470
-19814
8878
9589
-18732
11229
29058
14856
23012
-9034
-6604
12955
27117
19219
22096
-20040
-6628
-8137
-19886
18037
5935
16681
11282
-7087
-9621
-9328
-2480
16654
21280
-11531
21993
5581
9938
29383
-13488
5288
17400
25299
18950
15982
1122
-6606
-23190
24750
26024
21145
-2290
-7217
2654
-6899
1633
26075
31041
2151
-32131
-18949
-940
-5853
-325
16653
32376
-25103
-293
-8383
27578
-25448
-8597
-23321
7100
-6187
-26846
25582
-17731
1965
-12181
-17626
15362
-19951
18212
-25307
-23764
29551
16470
3692
-9248
-17927
-27741
-32621
-32299
21521
3612
-3910
-5533
-19050
23715
12237
-1647
-22649
31964
-9027
12749
13269
-23205
7567
9775
1250
25364
-25621
-6528
12913
1156
23420
10125
-20606
-18065
-18544
-12572
8396
23587
16665
25225
-24401
-12615
-16627
-4760
14197
22461
-25375
-11191
-29809
-3788
-17390
-2916
3104
9991
26748
31491
-9838
18071
3655
-8802
-12157
-8386
-14383
-23912
-24326
-5789
19904
-32193
30726
31166
-29670
29572
-27127
-15622
-5666
4793
1028
-26197
7224
-21026
15066
-3066
10080
-11174
15587
-32480
-18344
19270
-26110
-19718
28137
-25817
-1431
26511
21535
15470
-2146
-3092
12973
19646
7984
-10057
-6138
2185
13715
-2579
29701
-2797
-27227
-27967
-20429
1264
28319
9472
-8773
16222
-27768
-24532
-22194
7845
-18666
-27692
-6823
28420
-17999
13912
12692
17434
-31711
612
28463
-20132
-22820
10062
-23188
24247
-26320
-13423
-10486
26204
-1033
-5083
-1874
-294
-10229
-13850
-11539
-11224
-15346
-23945
-20632
-18541
-26540
-32677
26815
22138
23851
19953
-29938
-4535
-13390
30696
16248
9731
-860
9613
-30719
-11879
16178
-25262
-7318
8964
15036
14085
6659
13280
17231
12514
-7753
3946
21569
-20951
-4378
-12661
-20473
-19552
18494
4499
2416
-12812
32198
7198
-7123
-12235
-8444
517
3320
1347
-5122
-27180
30411
20701
24760
-27894
-27078
-32033
27700
26510
-28241
-31514
-26485
-27712
-2382
25067
-30361
-3772
29593
916
25195
14354
-932
1226
-5229
-28589
15066
-5955
-18270
-16735
-14845
-11014
-5430
-5533
-12805
-12354
-11505
-16281
-17065
-21302
31380
19158
12178
7682
18716
-28067
-6909
30540
-2617
30957
29424
-2713
-4599
-22000
-31921
13699
17329
-31011
-18465
-23958
29176
13667
4452
-2290
-16047
-28207
-32696
23447
13315
25751
-3738
-30462
-1553
-8056
-17344
5647
8173
-5899
-12768
10865
19293
4196
11445
-25618
-4764
5209
-12167
578
12588
28855
22118
23802
16277
14090
-21219
4207
12182
12266
14266
20337
19642
24405
13950
2549
-10449
-18274
-25477
-27915
26381
-12997
5796
31723
28813
-257
-32360
-30314
16547
8011
13285
24249
-23621
-17702
12154
-18843
12654
-2434
13420
-16907
27538
32305
29574
-24758
807
829
13055
-22092
-5916
4497
-25615
32717
27516
-30121
-15013
-6275
1395
8837
-704
-11948
-24357
-22750
30616
8969
-906
675
13487
29024
-22099
-16331
-5684
-2249
-19122
-21881
-5813
1935
14597
27626
21698
3713
-21716
9253
27273
-14156
16476
3789
15158
-18777
-826
27525
2080
13949
27462
-17184
-4949
8706
-25785
-3447
-2543
2453
12109
30738
-16846
484
4748
-4533
-15075
30754
15518
-22581
11521
-3785
-12057
-24998
25023
9224
6777
6968
2316
-12894
-30629
-26261
-27781
30130
31742
31482
23985
11704
16572
18649
21034
4689
-5308
5656
25572
-23793
-119
23377
-15735
3850
2508
-16370
-32450
-28591
28797
16918
-693
-21682
-24287
-26118
29835
26893
25204
24571
22876
22240
19857
21583
31216
11014
-3666
-11055
15420
24953
7564
32435
-14744
-27220
-12635
18696
-12160
-32656
9247
-5602
-17183
-15564
9880
26873
17063
15980
29044
-6743
23425
-2238
-12195
17606
-1990
-8157
101
-5068
-32103
-11140
-15461
-23897
3305
-18928
4265
-5627
-15205
-11271
-5402
-1720
-6535
-21158
24934
9369
-11609
-3451
-32479
-29043
-4747
463
-24036
28561
152
9885
27620
-21263
-12987
-9170
16803
-17773
32463
24660
23890
4513
9138
20759
28352
-18567
7982
28053
-27617
9438
26037
2487
19962
20975
775
-231
358
20552
-14324
-27427
-27781
20510
-5211
-23740
-11260
14352
12995
1588
-3711
-7119
-17441
-32680
22523
19305
9887
-7454
-23226
-31758
-22808
2841
-18621
-4358
-24732
32009
13658
6073
-1614
22040
-15066
27894
3150
14761
25063
-32704
-32155
21336
14104
6727
3479
-3826
-9962
-14388
-14568
-6136
2180
6169
6130
11757
27429
27899
11914
5456
6457
5118
28227
-22025
-31706
-7431
-27213
21313
-17401
10043
12053
-4161
-22378
-28175
26379
-12885
14915
5468
-30950
-30760
-20144
-14852
-15251
32646
21989
13497
5735
-1152
-23590
-31655
-15703
-16605
-29742
-29380
26965
20266
25324
26679
31303
-24620
-19423
-13311
-1867
10210
-32196
-16414
16573
32081
15012
18193
2264
-5999
9177
17298
5510
-14058
-22397
-28807
31114
-27685
30301
14093
12033
14253
16002
23071
-31237
-22787
15072
-16303
-12911
13970
22
9503
5957
-8799
3767
3967
-21737
19694
29578
-25200
24056
11878
854
2301
15423
12689
14179
17471
17086
24639
-21575
-19593
26539
7272
-4342
-9750
-3969
5023
12716
5449
11920
-31654
-5338
12870
24979
-32350
25708
16630
8971
-7586
-7833
17978
16685
-14164
31256
13923
-642
21564
5986
-231
-28332
-16524
-26197
-22095
-8701
-18171
30393
-19702
-8923
-2657
23821
-14809
-20610
19481
18528
760
-29264
1762
-25954
26074
17058
12168
8976
5367
13290
19368
23610
-31707
-22110
-14066
-12730
-13185
-15821
-19339
25068
156
-12037
4054
-27121
-3053
5887
17045
12177
-22167
9154
-16980
-22755
16482
-20136
-21696
-7497
17933
-609
-30730
-9577
7693
-6284
-31017
-1089
-29593
-8152
1501
-10048
-21127
-23773
32695
15584
6717
7711
12213
10095
-169
-17894
-17479
-5017
-6622
-9801
-12402
-16458
-17395
-12415
-8612
-9657
-16612
-19389
-21947
-25109
16894
20546
-12767
-23512
4197
17478
28340
-17636
1785
17165
-8342
-12595
-21685
23932
23154
-29896
-27107
-32417
16726
5395
1887
7593
8880
7349
-2154
-20586
4938
-21404
-15710
-13315
-22212
-21602
-4594
6330
13364
31156
21593
6580
7246
-2338
-12345
-26814
18796
18892
26183
-1378
12363
21146
1541
-19434
-13720
-30410
27609
32484
-16583
-6141
-24501
18027
31949
-21596
-7132
11700
11656
4298
-579
-7685
-20193
-25267
-28045
28458
16772
774
-2421
-5169
-14355
-13706
32069
10350
5943
13184
29051
17731
19311
26855
-28035
-14346
-1837
15248
14598
-1501
-14242
-25500
25438
11794
11751
17157
17647
10524
-18104
-14144
21818
-23855
-22005
-16806
-12965
-13552
-17379
-26470
20871
9336
14015
21145
26219
22127
8116
3734
7759
22224
-28065
-31464
26238
20244
26565
-20018
6377
29612
30405
-16710
-22259
24122
-28312
30024
6736
3886
14345
30597
32290
21183
14573
14319
12484
8924
1692
-942
-18124
26988
32264
-22156
-14132
16247
27326
15825
28836
12287
-20244
-3225
-11198
24533
32677
16050
-3449
-5378
9484
11603
5254
161
-2857
-10654
-9496
-982
8222
20683
-30664
-21811
-19190
-23397
24968
562
-15431
-20686
-16568
-8750
7585
16725
10360
19554
-15824
23132
-32605
16208
21823
-25259
-20334
-16631
24999
-2198
-9490
-21384
4557
-25162
12971
-28938
-14545
-9538
-89
31102
26532
-30649
-21008
-5657
1752
-40
-9215
-19234
-27059
-23753
-28314
7228
3013
13077
15017
13738
6333
7129
13690
16039
11085
10376
7952
25661
-15695
1310
-5731
-18039
-22323
-2578
14412
25307
31354
22919
-17149
2843
9282
9348
-868
-21020
11418
6083
17411
28387
20992
4728
-5996
-16046
-3029
29599
-9442
14779
28505
19160
7674
1672
10817
17879
9493
-5008
-12378
-24831
23822
13187
6707
-19021
-25464
-13059
-10692
8013
20627
548
-14236
-13401
-15870
-5253
22976
15325
7905
189
-21679
1005
-18790
19143
29076
-29833
-10007
7711
20250
-29700
-18726
23463
-19568
32509
-26047
11070
22030
4515
5811
5163
28771
-2458
-13339
30947
-13819
16997
19371
-31512
-9496
-462
340
-3230
-2449
-19893
-23102
-3516
-9105
27162
-1075
21606
-26023
25693
-25503
4765
5808
-18525
-15260
-8211
-4994
899
-1715
3551
1356
-5203
-10541
-19687
-26871
-32567
24033
17019
26153
-28475
17771
-14777
26031
10694
15357
24355
17980
13353
24290
-19907
-4779
9261
29680
-23285
-29364
26022
21564
16555
5961
24822
3899
-26937
-21127
27690
10222
2195
-3803
-16046
-18858
-32041
18118
29449
-17751
925
12282
22731
25961
21124
20242
-29630
-19916
19761
10574
-26127
565
-10083
-30337
-19686
2168
14893
19080
9282
-4873
-24519
25843
13816
5049
1905
-3991
-9057
-11730
-16517
-23289
-30140
-22116
-5259
17696
-19065
12136
-26808
5870
4998
-896
14824
30319
-15925
-12140
-24555
4841
24682
14147
18005
3922
-21766
25893
30584
-32307
31488
32482
20876
3013
-16066
26088
13325
-95
-12999
-21480
-24919
-26126
-22421
-18581
-16086
-9984
-4270
-2865
-460
-476
2306
9811
25358
-18923
-1451
1524
2132
14591
8184
-27501
22564
26864
18074
1798
-7693
-9337
-3377
3735
7533
-991
-16900
-25354
-18101
2390
11567
11287
8550
885
-2407
-3308
-4856
1115
1932
-1062
9711
28252
-27263
-21889
-5839
8393
11273
6055
12227
3629
-5933
-6041
-29289
-32523
-9684
6541
19919
-29450
-11182
-1895
7742
23629
-24972
-12010
-2916
2034
558
-9667
-17877
-31456
19030
11479
2290
-12337
-20726
-22515
-13957
12939
-17098
6828
15539
12051
1911
-11243
-20084
-27284
25035
6833
-15056
29476
11580
8129
6224
7049
6138
5902
11307
23667
-25364
-27963
23321
5939
3912
5193
10719
19849
11357
19972
30543
15085
-22668
-17037
-15039
-16190
8169
8243
-18502
6319
-12770
-12169
-9118
4061
25907
-16343
-26753
19776
20800
-28000
-4393
7576
18315
30203
21031
-14722
-19960
6599
6635
2442
4200
-4019
-17112
-26268
-28754
-28048
-29289
-31105
-31239
-32575
25160
14766
2823
-13906
-30524
18660
3063
-1914
-1377
-17593
-32188
-31912
-32172
-26239
-7052
7968
12454
1978
2085
5388
2158
4706
9011
14935
21727
23078
23152
29720
-25630
-13798
-6315
-1697
3651
6973
14445
16421
12686
11643
6950
3013
2482
-639
-8431
-11214
-12951
-17910
-10333
765
10823
16627
23024
-26694
-9473
-20
6818
11657
12481
8824
9446
5362
-16449
-27296
-21801
-25193
-31278
28699
-30799
-31363
32383
-22768
-4383
13352
23336
23061
20000
18247
14410
9631
3734
-1761
-9613
-24253
30321
20473
8753
-2392
-12728
-24659
29433
15570
7382
7503
5233
-300
-8534
-18940
-25713
30716
20831
12450
5668
2814
9249
17805
24159
-29571
-20883
-20073
-22834
-23728
-23239
-22379
-18661
-11462
-1521
7428
4392
-256
-4642
-7751
-9048
-7183
-8534
-14240
-18506
-21521
-23630
-30625
30407
-23635
-23632
-31381
25593
18136
23561
31474
-15602
4622
20877
-31125
-21790
-13621
1372
14740
18930
24006
25880
28365
27769
20416
12919
-7895
-29605
18984
3650
-12132
-25792
19251
4215
8731
-646
-14529
-13298
-2704
12996
21150
25569
28375
25178
24858
32252
-25129
-20789
-12972
-643
15870
-28984
-18426
-21963
31883
18141
3105
-9758
-20498
-29565
27841
20665
13844
8819
3304
-2373
-7718
-9573
-13628
-16902
-16427
-14595
-14967
-13017
-11977
-13292
-21946
-31340
30106
22812
14167
5332
3669
14472
25963
30021
-27221
-26162
31828
-12507
15353
-30136
-466
-32194
-5674
19783
-24898
-2343
11665
22996
-24999
-15276
-18540
32725
14086
-5162
-17740
32523
3833
-22810
32645
31008
28251
21666
14677
10854
-37
-8302
-11649
-10885
-8675
-5770
-5359
-7401
-4542
-3361
706
10351
24155
-24573
-5156
10331
16801
19944
21341
24831
29683
29767
31910
30464
13268
3270
-1111
-3447
-3477
-4157
-18019
26522
10471
-15668
-19927
17627
-15999
-9987
-11427
-12488
-14042
-10144
-3100
-1737
-11296
-22994
-28317
-26399
-13733
3444
14494
24198
-32752
-32607
24547
13156
9975
17345
31407
-25594
-24674
-22888
-25638
-31581
28488
26319
19150
3802
-5624
-10798
-10806
-6928
-9576
-16010
-15295
-14562
-20434
31059
12195
682
4643
16274
25324
-31590
-25074
-24797
-22774
-15586
-2656
4966
-9736
-20011
-15143
-11785
-18016
-19037
-13962
-8555
-5004
5188
16227
5369
-17331
32453
-21290
-3468
8869
24432
24291
19187
20976
22466
24713
20098
17098
17610
16826
21175
24468
27026
32314
31869
30231
29912
29704
29798
29786
24841
18349
12046
11193
20077
27533
24976
15373
2926
-7460
-16442
-21535
-22640
-16476
-10308
-9699
-2106
322
-6702
-19606
-21746
-3298
17363
18614
12728
14374
16537
17301
13471
7460
3870
12474
24807
22331
17285
17795
18896
20244
18899
19831
21298
13600
-2081
-5427
-104
2697
4842
-7538
-21680
-24506
-22429
-17794
-7925
460
-1649
-6184
-7059
-6791
-9926
-14076
-18487
-19578
-15911
-12144
-9005
-10120
-17913
-28273
-23998
-16662
-21101
-29258
30858
-32095
-30649
26576
17945
15329
17325
19453
23278
23658
16031
17386
28441
-21124
-11599
-13590
-14053
-20066
-23801
-18780
-23414
29494
20203
13884
21177
-25252
-24000
28697
27112
19418
3264
4371
15936
25131
22401
13440
5604
1202
-5228
-8835
-9512
-7815
-6503
-8637
-11356
-1905
1697
7956
13645
19403
25542
-32434
29991
18753
23167
31173
-24097
-14716
-11981
-7627
10014
25733
21926
13916
11591
16729
29252
-26324
-24552
-29131
-31160
28926
18051
15903
21743
30354
-25655
-18958
-20776
-26253
-32371
29961
23189
17153
13507
18139
24466
31452
-30980
30389
29550
23075
-62
-27098
-30716
-14460
-3741
-7930
-9475
-4849
8114
22188
31088
-27959
-27063
-28677
-30382
28928
21997
13235
3837
-5582
-16553
-27317
27491
21744
15345
8028
1462
-4173
-10378
-16461
-21811
30536
21484
24258
29067
-27824
-15142
-2922
7872
6535
6241
9907
15744
25916
-18398
13093
31045
26853
23293
22979
16757
4616
4618
23711
-25937
-18713
-5228
5488
154
1438
11788
17724
20851
28831
-31637
-26467
-24049
-26345
-24883
-20463
-14097
-11428
-11927
-13498
-17988
-23569
-28632
29656
21584
14346
7595
3502
4093
11898
20191
26803
30571
21268
15233
26121
-32480
-21607
-17397
-26648
-29918
-28758
-31523
-31401
-28319
-25243
-23851
-26207
24947
18190
27485
-21819
-5250
2076
-5199
-28935
25163
22281
15672
2443
-3185
-7747
-20282
-29959
-30618
-29071
-29470
-19092
-10717
-11965
-17998
-32462
19349
8285
3357
4873
1743
-6964
-7238
6802
17880
14641
1046
-14235
-27915
30685
29352
27833
23902
16344
15728
14013
413
-3811
3549
14355
26265
31262
-31552
32366
-28674
-16188
-1741
9207
16690
25804
29919
24496
19388
19319
19008
17232
12617
9393
6595
3273
-2355
-6172
-9580
-9925
-6276
3670
13406
20565
21661
14169
9378
117
-17256
26918
8454
3757
16432
-13894
21292
-18769
1479
27943
-10843
16569
-24378
-22161
-27124
-31601
22115
3536
-19456
25513
5895
-13944
-30613
22995
13962
-1258
-20398
27810
12841
-16493
8836
-13975
3839
-27837
-27678
20976
16446
23626
-27970
-19453
-19830
-22460
-28108
30882
28002
26543
22922
18049
15927
9878
-689
-11837
-16798
-17384
-14164
-8006
-7283
-11690
-17844
-28933
23420
15393
13525
12341
6627
770
-2145
-1548
4733
13842
28661
-19544
-6277
-2242
3714
8843
-9089
-31107
28900
31990
31734
28776
24723
27620
31021
-32584
-24908
-9286
12941
-28809
-10694
-1615
1199
3636
4776
107
-13267
-28291
28064
13875
-3317
-22366
25989
10975
3635
5244
9259
12221
11072
13522
26736
-22314
-12761
-4042
7327
10718
20771
31984
31910
24212
21655
26791
-30181
-20110
-17317
-20004
-22404
-15501
-5465
4817
20715
-27521
-16661
-11198
-453
7316
1159
-6561
-9243
-15708
-21182
-27580
31693
28132
20996
17061
11298
6259
12281
21967
26282
26246
28743
30656
27951
-29324
-20728
-22578
25251
5710
18636
-23490
-14692
-20726
-27705
-31209
28369
17953
14749
19304
20807
18512
16461
18952
24513
31390
-30684
-25325
-19785
-12791
282
10235
10960
10012
8990
3232
-1337
-6688
-13529
-21878
-30031
-31601
-25710
-8187
4890
-96
-9093
-3860
-4465
-8163
-2846
6702
19051
26595
28867
30079
-32039
-31437
32237
32505
-32570
25178
13300
3313
-3893
-4118
-5824
-11904
-19595
-26574
-31183
28725
23198
14032
3032
132
7395
12536
13943
16337
18820
17906
15972
23955
-32117
32347
26206
9661
-7936
5414
-28906
-8913
2186
16046
31368
-25256
-23356
-19336
-8133
3448
8779
15171
24661
27235
21358
14619
12292
9468
11757
18669
22036
21483
23246
21749
16145
11576
2998
-9117
-18034
-23504
32127
17868
13194
14265
17762
19369
19736
19205
19047
18436
21127
28214
-30864
-30039
-31818
-31636
27399
22526
28247
-29637
-27063
-21411
-15958
-5386
7494
12547
12643
8621
149
-3535
-3558
-5706
-9481
-11494
-10851
-4048
8639
18765
17448
10315
4063
-4025
-7108
-7324
-15410
-23566
32403
11190
2424
-1023
-11049
-21590
-19927
-9933
-69
11832
21400
23944
20591
17022
9173
5460
4368
-7001
-19952
-29720
-31908
-19153
2081
30947
-24942
-25850
-14694
-5952
-3651
-6424
-9963
-17027
-27262
-29141
-11616
8877
25567
-25535
-19349
-23871
-28509
-30865
-31228
31881
27761
22850
15786
6063
-3511
-9248
-14627
-16095
-15840
-18312
-19859
-16017
-13625
-10854
-14401
-28909
21032
7621
-109
-6136
-13203
-19584
-26303
30810
22783
15516
11797
8445
5159
1766
-3626
-7458
-9880
-8811
-3205
6967
16980
22198
29607
-28547
-29735
19855
-6091
-20714
-12594
3898
3026
-3795
-10421
-21702
-31421
32139
-26055
-17298
-11217
-2986
8744
18120
16081
11969
10764
10115
8707
4373
1141
917
4595
11935
18149
22378
25479
32024
-28229
-24248
-21196
-19820
-19371
-18802
-19432
-20662
-21112
-22563
-25541
30593
20134
13354
7456
1870
-1781
-5433
-13953
-24565
30476
25103
23538
25891
28709
32197
-28105
-18529
-5149
7637
20834
-32494
-21688
-10964
-4350
-263
3379
6114
5369
-2701
-20290
24065
6731
-8120
-29965
11500
-5584
-17033
-24719
-29507
-31500
-30354
-27152
-27195
-30325
-23327
-7487
3879
4159
817
-2850
-6166
-6741
-9396
-15620
-15212
-195
12617
26712
-22764
-10413
-4995
-3926
-7661
-15155
-19365
-20705
-18136
-12626
-11149
-11484
-12002
-13682
-17652
-21857
-24508
-26332
-27035
-28945
-26786
-17667
-5224
-102
-1421
8121
21073
27383
32105
27655
17751
15778
23898
-28312
-16179
-11258
-2809
6476
9054
11948
20545
23582
26745
-32554
-22100
-4694
9614
23115
27719
25304
26060
-29308
-12225
3520
7890
5701
1653
-2932
-7533
-8638
-6591
-3448
-1293
224
2044
-2452
-9687
-11132
-12247
-16674
-22045
-26386
-30749
-32496
-30656
31298
21399
8923
-4140
-8388
-5975
-6992
-13105
-19895
-29291
24892
15264
10872
10806
9651
4920
1346
-3024
-11684
-19174
-27974
29363
28903
-29346
-26911
-30468
32487
32640
-30706
-24511
-8684
3278
12045
18970
18807
22693
29295
-31338
-29673
30454
28634
32222
-32032
25873
23825
23109
19175
18321
19099
23535
22394
19613
16734
10513
4834
-5294
-18329
-26131
-27139
32282
16706
5952
-2369
-11223
-10681
1180
20001
-27877
-16596
-12576
-4046
10777
24052
30463
31146
30258
26602
23179
16668
15387
23661
30875
29786
26042
18621
14700
20473
-23454
-12601
952
19421
32329
-18160
-4043
9077
7222
-1504
-1129
4187
8783
6301
6119
7263
4467
662
-5955
-18547
-30475
23705
11736
3449
-4191
-12689
-21528
-27372
-32644
28990
24014
17475
8917
1109
-5409
-10925
-16136
-20995
-23419
-25037
-26646
-24371
-16770
-7412
8201
28472
-19801
-4697
6858
19056
-29774
-17007
-14113
-20641
-25982
-29298
28050
20618
6345
-5977
-6946
-1351
1764
4240
7159
9859
10220
8659
8436
10181
13201
14517
17820
16311
7934
3613
3732
1682
-590
-4197
-11823
-18588
-25186
-31860
22910
14850
18613
21022
17680
12575
6411
3829
2612
1601
4244
7595
7614
4534
2236
3521
7194
9491
13995
22571
-30606
-18571
-9916
-7115
-4684
2089
4677
-3648
-16341
-22677
-19203
-11221
-9313
-7791
1847
12871
22070
28949
-27500
-17876
-11615
-6121
231
7110
12231
12713
10258
6118
3373
4277
6421
10070
6932
-3063
-8424
-4300
-1565
-1810
-1588
-3543
-6105
-3570
-871
3653
3940
3185
4022
2802
2133
1944
2404
2382
-635
-2902
-6023
-10862
-15269
-23137
-30729
27009
20279
12453
4281
-3771
-11396
-18623
-24880
-29325
31421
27183
22678
20384
18665
17452
15817
13071
9625
7488
6410
5880
5210
4790
2960
-281
-1887
-5602
-7367
-9269
-9992
-10135
-9051
-7869
-6707
-5882
-5116
-6590
-7605
-7092
-10011
-12280
-14508
-16288
-19255
-22566
-21345
-19423
-19559
-24099
-31187
32197
-30006
-31712
31074
-31011
-27017
-22883
-18612
-18832
-18921
-16682
-9872
-391
8429
16239
20039
18055
13708
10142
4318
1702
4911
13176
21291
24310
26181
-28027
-16048
-5527
2615
10140
15452
21037
24921
27619
31226
32119
29793
23829
15282
8268
5825
2027
-1154
-4683
-9155
-10754
-12021
-10884
-6595
-69
2096
-1183
-4762
-5296
-5517
-6668
-8052
-7633
-6403
-7393
-8918
-11022
-13853
-18737
-22395
-27189
-31554
32267
31254
30519
29465
27388
24713
23269
20322
18757
17129
13200
11561
10792
8082
2683
-1992
-5061
-7383
-9161
-9729
-10387
-11241
-11515
-11081
-12558
-13671
-15421
-12652
-13337
-14153
-13411
-12390
-14976
-18551
-17168
-11836
-2094
4922
9765
12279
16647
20673
24018
27677
30948
-28526
-24046
-21112
-18847
-18221
-19261
-19842
-18168
-17614
-17695
-15998
-12014
-6249
754
8377
13600
16810
16481
12825
11980
17482
24265
28326
30835
-30625
-26589
-23206
-18974
-13647
-9740
-7392
-4708
-744
2892
6256
9215
12949
16292
18550
17815
17168
15876
13912
12661
10734
8957
7478
5464
2857
855
-1518
-6085
-11275
-14684
-17798
-24261
-30291
30183
24261
17763
13090
7590
1513
-3782
-9183
-14340
-20308
-25268
-30212
30459
25006
19541
14915
9913
3742
-1211
-7111
-12490
-17148
-19917
-20618
-21470
-19976
-17804
-16667
-17043
-17792
-17652
-17855
-18249
-18257
-18881
-18509
-16906
-12701
-9702
-8534
-7589
-8483
-10663
-13072
-13472
-12437
-10448
-7425
-4004
587
7296
13818
19105
26202
-32530
-28478
-26875
-24499
-22718
-23370
-24774
-26697
-29450
-31373
-32307
32348
32418
31614
31454
30931
27778
23704
22567
21197
18498
16397
13890
10589
6744
3940
4041
4147
3271
2274
394
-2084
-3694
-4020
-3212
-1593
994
2301
3606
5557
6030
8856
11741
14518
14770
15581
18525
20371
20111
19113
20763
24223
27835
32615
-27854
-24603
-23642
-24084
-25381
-27741
-28582
-27840
-29003
-28836
-23398
-16832
-10609
-5079
-428
3737
7282
12874
21454
29618
-28736
-21841
-15373
-10453
-3814
226
2977
7932
13469
17943
20347
22609
23361
25827
27938
28834
30371
29563
28533
26292
24365
20812
15322
12823
7855
4622
3272
-31
-2637
-3500
-4524
-6763
-7587
-5455
-4585
-5218
-6442
-8470
-9660
-11737
-14838
-17932
-22426
-25532
-28683
-31148
30030
24042
17959
11811
6789
5100
2867
81
-1812
-2734
-2108
-4469
-5832
-5962
-6736
-8088
-8053
-7462
-6838
-6773
-5450
-5868
-5351
-6006
-8294
-9949
-12012
-12395
-14305
-17929
-21223
-23498
-24757
-28531
-30529
-30817
31339
29643
27666
27049
27056
26391
26956
24682
22272
20147
16458
14154
11690
7910
3541
-2410
-6158
-8491
-11762
-15834
-18824
-20893
-24075
-24856
-25027
-22438
-21182
-19196
-16901
-16189
-14994
-11630
-6790
-3357
-232
2961
3842
3229
3326
2742
2112
3735
6090
8714
12358
18889
28395
-27966
-21414
-15050
-9729
-4494
590
6364
11141
13994
19639
23107
25944
29562
-30957
-24958
-21921
-17012
-14491
-12114
-9849
-7663
-4187
-887
2054
6905
11265
14764
15862
17752
18820
19055
19649
19396
17553
15978
14809
11414
9951
8231
5581
2512
1227
255
-973
-4017
-6561
-10047
-14135
-16387
-19476
-22382
-22845
-24784
-26455
-28932
-31050
-32640
30154
28433
27527
27594
26631
23194
21014
19748
18463
17609
17284
17797
18783
18617
16768
16235
17330
19152
20144
19703
18209
18792
18692
19397
20854
20939
21465
20319
21283
21757
21350
20366
19486
17007
15560
15586
13809
13198
13932
14865
14149
11349
8654
7436
5462
3758
1551
-469
-2950
-6543
-11260
-14385
-14455
-15090
-18966
-19770
-18564
-17975
-12832
-7620
74
7251
13620
21181
30319
-28274
-23275
-17190
-13124
-9875
-7531
-3725
-1916
-904
17
1509
2579
3528
2145
1256
2019
1408
-442
-1953
-2310
-3134
-5046
-8158
-9892
-10260
-14007
-16863
-18767
-20421
-22458
-24492
-27882
-29536
-31246
30502
28020
25543
24213
22563
19518
17167
15789
15750
14772
12967
11940
8902
7165
7500
6544
5752
5884
6059
6944
8799
8434
7605
7829
10371
12209
13079
13312
13913
15392
15074
16397
18023
19893
21990
22738
25255
30211
-31655
-28994
-26279
-23605
-20574
-18621
-14692
-12308
-9518
-2539
2660
5992
8006
9222
9719
8856
7343
6342
5786
6011
4735
1157
-2053
-1335
-2205
-2903
-2968
-3199
-5328
-7738
-7704
-6213
-6774
-10171
-12043
-12742
-14071
-16287
-19511
-21062
-21892
-24237
-24968
-28407
-30314
-31103
31283
28306
25101
22971
21008
18833
16742
15565
14627
13609
13167
13048
13048
14251
14756
14404
15883
18043
22235
24030
25402
27197
30174
31844
30296
29045
27724
26703
25166
21411
18113
15760
13179
9444
5166
1039
190
-3984
-8003
-9019
-10997
-14990
-19462
-21292
-22837
-25772
-27510
-28938
-30572
32188
30073
29385
27079
25657
24291
24130
24005
24435
26679
26926
29087
31157
-32202
-30727
-29831
-26872
-23981
-21344
-20173
-18827
-19365
-20431
-21190
-22573
-25487
-27372
-29915
32465
28729
26488
25473
23543
22020
20686
20109
18473
19457
19425
18950
18561
18045
16876
15773
16135
16962
16238
14628
13540
12100
11932
11609
10161
9337
7707
7602
8186
8079
6762
7622
7360
6560
5972
7259
6801
6627
9386
12384
14538
16973
19984
24511
28699
-31563
-24535
-18207
-11692
-5427
590
7594
15644
24104
31115
-25943
-19514
-11623
-4865
2027
9765
15803
20680
23102
24369
26611
29282
32633
-29642
-28116
-28765
-26975
-24339
-24401
-23413
-21117
-20208
-17672
-15875
-12347
-10379
-6834
-3449
-3153
-2343
1312
3792
5545
10453
14251
16924
18450
20573
24156
25485
26756
28478
29233
29345
28790
27457
25530
23725
21764
19121
14207
10894
9780
5089
237
-3298
-8042
-11459
-17832
-22841
-29580
27557
21543
16594
10517
5010
989
-3932
-9129
-14127
-18813
-23716
-27249
-30731
30977
27931
25436
24862
22549
20354
19207
19235
17548
14845
15470
16982
15930
13441
12364
13280
12822
10033
8471
7811
7048
5425
4054
1088
-493
-1630
-5240
-6745
-7750
-8765
-10571
-12003
-14111
-17309
-17749
-17684
-21006
-24277
-23856
-26373
-27383
-28321
-30077
-29167
-31322
31818
29190
27508
26843
26063
25696
23691
22603
21106
19237
17094
16066
15169
12616
10118
9456
11497
11477
10102
9761
11025
11440
11073
11965
13134
13824
14954
14147
13033
14026
13792
11876
12492
11807
12045
10872
9391
7652
6487
6735
8666
9717
10348
10655
13326
16152
17431
19668
23664
25601
27260
30228
-32437
-29092
-27587
-25414
-23583
-20788
-16154
-13960
-12308
-9493
-7600
-5892
-5633
-5102
-3351
-2075
-552
1330
3457
4477
4229
4981
4958
6834
8925
11597
13198
12450
12303
12402
11507
11308
12037
13184
12871
11856
10940
10734
12123
10958
8754
6596
7645
8527
8326
7573
6360
7247
4006
619
-1678
-998
-2695
-3748
-5754
-8831
-9788
-11685
-13617
-17446
-18804
-21361
-23338
-24734
-26641
-27354
-26172
-28646
-29384
-29458
-27748
-27498
-27907
-26239
-24747
-22749
-23258
-24242
-24949
-23188
-21436
-22260
-22331
-22973
-23590
-23067
-23466
-26133
-27641
-27446
-29276
31843
30707
29861
27639
25708
24175
23902
22726
20242
18168
15704
13458
13536
12964
12265
10600
11853
12081
10661
10062
10450
9557
7118
5760
4981
8320
10722
11690
10206
9875
10751
11129
9926
10167
11931
11388
10105
10260
11224
10825
9716
9566
9816
9336
11015
10274
10915
11366
11053
10900
10194
9401
10597
10521
9862
8962
7739
7128
6140
4959
3667
3037
4355
5087
2559
2595
3664
3307
2560
1973
1427
1939
1645
3188
4448
3844
5618
5139
4219
5097
5786
7064
6189
3401
5360
8149
6739
5563
4462
4248
3425
3833
3834
3809
3640
1665
-358
-1979
-2088
-2654
-3833
-5260
-7108
-8073
-9247
-9490
-9559
-11014
-12198
-14634
-14112
-13775
-14460
-15284
-15716
-15577
-17163
-14316
-12485
-11602
-11575
-10812
-10212
-9259
-8003
-6363
-5045
-2395
1123
1815
2692
4437
5688
6698
7601
8973
10460
12525
12765
13330
14876
16430
18123
17067
17691
19849
20724
22001
22900
25048
25315
26114
27053
27427
29694
31551
-31051
-28157
-26750
-22975
-18949
-15490
-13374
-10949
-7315
-3397
329
3834
5596
9419
13723
16651
18954
20811
23111
24555
25254
27906
29931
29015
27443
28070
29029
30474
30864
31076
32734
31903
31628
-32211
-30546
-31410
-31140
-31158
-31265
-31509
32697
32237
31315
30700
31231
30114
-32048
-29732
-28979
-27819
-25071
-22346
-19787
-15338
-10894
-7690
-6179
-2377
-660
429
3450
4743
4919
5801
7465
7674
6314
4870
3845
2988
1917
1298
-1811
-4020
-6118
-8687
-8934
-13305
-16397
-17735
-19587
-22199
-24941
-27471
-30636
31012
28722
29122
28056
25674
22121
19192
17128
14507
14454
14107
12204
10431
8826
5775
4373
2699
1015
-1183
-3138
-3202
-4599
-5691
-6367
-8268
-8809
-8037
-6300
-6658
-5973
-3634
-1462
1264
3392
6365
8629
12594
16548
20140
24851
29038
32341
-31477
-28546
-23944
-18387
-15815
-12708
-9357
-8110
-6319
-3422
-666
683
1063
3103
5032
6720
8388
10768
10831
9822
8822
7908
7290
7457
6719
3556
169
-802
-1770
-4916
-7449
-9235
-11865
-12422
-15027
-19384
-21720
-24464
-28553
-30416
-31521
30018
27311
24100
20922
17189
15541
12625
8140
6144
3284
1549
-467
-1426
-4053
-6949
-9927
-13953
-16053
-18800
-20750
-23246
-27623
-29735
-30809
-31699
32465
29874
26178
24186
24719
24075
22820
21683
18483
16584
16839
15519
13854
13499
14583
12664
11252
13147
12444
9952
9161
9859
10013
11758
13591
17028
19965
21479
24705
28514
32117
-27782
-23291
-19009
-14389
-6475
870
5616
10872
15946
21662
28123
-32418
-26341
-21555
-16837
-10153
-5528
-1797
1349
4472
8044
11683
14146
17753
19779
21698
23079
25481
27930
31781
-32339
-32317
-31314
-28432
-27040
-26182
-24954
-24657
-26220
-27556
-27309
-28398
-28306
-29525
-30622
-31220
-30610
-29816
-30699
-31791
32122
31167
30360
29166
28108
28139
26050
24802
23634
21910
20181
17373
14769
12939
13917
13648
12635
11640
8864
7996
5777
3188
1997
-326
-3343
-7472
-8115
-8629
-11121
-14500
-17156
-18283
-20329
-20521
-22464
-24871
-25906
-26363
-29533
-32690
31787
29390
26820
25025
24523
23624
21573
19209
15453
11621
9772
7848
3886
1614
195
-3168
-6479
-7493
-8976
-10615
-11688
-13708
-15836
-19205
-20085
-21950
-24038
-26019
-27957
-27874
-28194
-30908
32176
31139
29457
28517
28331
28114
26389
27650
29790
31812
32408
-32338
-32405
31070
30499
32269
-31466
-31346
32309
-32738
-31201
-30301
-29998
-29087
-30593
32164
-32269
32373
-32706
32689
32320
32264
31894
31794
30343
31071
30758
30348
29860
28136
28426
28441
27646
26010
25736
27026
27898
26847
25945
25312
25022
25893
25923
25912
26330
25826
24621
22691
23081
25281
25368
24153
22959
22889
22506
24918
25470
25434
26881
28556
30215
32154
-30432
-28663
-26237
-23034
-19912
-16341
-14032
-13161
-10051
-5856
-3553
-1059
2984
5924
8750
12706
16070
18910
20166
22097
22991
24112
27055
29564
30083
31403
-32063
-29075
-27967
-26774
-25393
-24061
-23206
-21602
-20131
-19067
-18982
-19560
-20946
-19615
-16414
-14819
-16895
-17969
-16587
-15168
-13895
-13627
-13847
-14292
-14515
-14141
-12326
-10595
-11118
-13178
-14150
-13052
-11287
-10970
-10137
-10014
-10002
-11104
-11554
-10799
-11163
-11773
-12213
-11223
-12415
-12944
-14198
-15733
-17177
-17555
-16974
-16050
-16077
-17592
-16974
-16616
-17693
-16379
-14939
-15768
-16247
-16674
-17041
-16727
-16380
-16779
-19782
-20686
-19935
-20328
-20532
-20268
-21204
-21903
-22469
-24922
-24286
-24955
-24770
-25598
-26953
-28636
-29775
-31551
32651
-32010
32478
32076
30323
28946
27795
27751
28171
27023
26013
25733
23212
21517
20602
20069
21379
19932
18137
17913
17096
15116
14778
13746
10962
8808
7284
7727
7718
7326
5729
4869
4616
3445
1060
-747
-2628
-3953
-4959
-5526
-5838
-7021
-6877
-8760
-10278
-10522
-10488
-12694
-12866
-12724
-12721
-13296
-12794
-13250
-14092
-15691
-16993
-17110
-16571
-14542
-15255
-16603
-17187
-14923
-13987
-14738
-14941
-14969
-14823
-14731
-14511
-15318
-16566
-17346
-15038
-14999
-14619
-15626
-16286
-15811
-15144
-12577
-11280
-10544
-11284
-10576
-11205
-11223
-10802
-9559
-9106
-9682
-9532
-8143
-7336
-5941
-3817
-4493
-5077
-4526
-3259
-1424
-1147
572
1943
1483
2292
3956
5570
6569
7551
8496
9161
10768
11527
11785
14237
16736
18750
18822
19526
19162
18635
18823
20039
21665
21847
21397
23729
24678
24515
24263
23869
23297
21573
22145
24837
27185
27070
26156
25800
26280
25864
26052
27351
27242
27204
26294
26979
28519
28865
27285
26299
27666
27808
25268
24555
24552
25583
25052
24652
24884
24395
24986
26073
25675
24623
23065
22606
21716
21633
20900
19273
18673
17992
16502
15404
15054
14148
13062
12936
12119
11143
10630
10900
10645
10515
9281
9474
9420
9261
8597
8282
6571
3896
2510
2270
1896
566
-1062
-1408
-2299
-694
-1268
-931
-1888
-4967
-6008
-4605
-5926
-6236
-5936
-7740
-8022
-7899
-8196
-9241
-9625
-11726
-11122
-12181
-12568
-13052
-14156
-12666
-11141
-10162
-11999
-13469
-12950
-15477
-17151
-16487
-17088
-17685
-18970
-18828
-19469
-19645
-20666
-23460
-24278
-24290
-23192
-23490
-22328
-23474
-24484
-23837
-25613
-26359
-26633
-29191
-29405
-28154
-27928
-28980
-28235
-30032
-31186
32605
-32584
-32248
32589
-32482
-32309
-32223
-32335
31811
30539
29999
27876
28161
27640
27445
29038
30191
28553
27156
28813
27907
25165
24706
23701
22232
21523
20938
22431
23034
24404
24415
23361
23402
22583
21752
20652
20470
21093
20071
20056
21036
20892
20303
20472
21715
19381
20879
19852
21770
22030
21640
22529
22615
22120
20137
20020
20269
19922
18565
17819
17312
18667
20733
21074
20234
18244
19202
18758
16710
18410
19911
19638
17424
17238
16607
16686
15929
15131
14583
14124
14787
15362
16204
16867
18379
17857
15277
16124
17322
17533
16627
16854
18870
18890
17119
17505
16990
17132
18369
16541
15717
14803
16248
16853
16621
17155
18263
18903
17790
15124
16810
18881
17635
16854
17348
18224
18288
18565
18185
17852
18809
17770
17578
18198
18591
19976
20543
20164
21824
20822
21219
22933
23224
22135
20599
22765
22551
22055
22426
23426
22423
21641
20945
19973
21225
21080
22130
21690
21506
22499
20462
20377
21510
23402
22379
21667
20897
22177
23347
22732
24523
26395
24963
25633
25622
24228
26466
27453
26862
27607
28174
30353
30949
30896
29933
29630
28312
27616
28126
31525
-32537
-32321
31829
29945
30001
30095
31259
31365
30941
32327
-31911
-31095
-29551
-29890
-30763
-30387
-30251
-28221
-26632
-27347
-25072
-25893
-28433
-27422
-26111
-26759
-25114
-23289
-24597
-25127
-24819
-24409
-24212
-24493
-25075
-23464
-25394
-27072
-25170
-25093
-24832
-26217
-26241
-24208
-24978
-24537
-24977
-25264
-23649
-22586
-23779
-25600
-22064
-23378
-22207
-23134
-22328
-22303
-23684
-21745
-20860
-18719
-19338
-21288
-21029
-21818
-21687
-21936
-21109
-20549
-21222
-20358
-20829
-21086
-20258
-20272
-19067
-19534
-19933
-20708
-19196
-19082
-18101
-17743
-19099
-20753
-20999
-21010
-19036
-17761
-19015
-18368
-17327
-17110
-14488
-14501
-15519
-15995
-14097
-14715
-15431
-16088
-15691
-12705
-12858
-13248
-15161
-15568
-12467
-12416
-13498
-13157
-11868
-12237
-14628
-13298
-11733
-11881
-13537
-11577
-11884
-11400
-11067
-10711
-10752
-9639
-10685
-8591
-6610
-6139
-5556
-5803
-7336
-7663
-7136
-8238
-6372
-4809
-6533
-7985
-8050
-8152
-9291
-8994
-8749
-10239
-10948
-10391
-9534
-8825
-7876
-6955
-7494
-6687
-5908
-7066
-8288
-8289
-7729
-6942
-8201
-9434
-8958
-8597
-7825
-10096
-11334
-9671
-9159
-11048
-9616
-8039
-9112
-9766
-10812
-9713
-11165
-10672
-12480
-13267
-11358
-9308
-10936
-13050
-13460
-13113
-13420
-13763
-11108
-12617
-10695
-11468
-11018
-10334
-9716
-9602
-9093
-9066
-9020
-5889
-6795
-6565
-7333
-6317
-7211
-7395
-6847
-7686
-9108
-8722
-6600
-9062
-9535
-7730
-7452
-8054
-10795
-9998
-9251
-9140
-8769
-6955
-7450
-8109
-6491
-6559
-7528
-7036
-7406
-7611
-7374
-5468
-5297
-6977
-6855
-5122
-3770
-2760
-3565
-3370
-2810
-3970
-2178
-3549
-5126
-6280
-6129
-6968
-6702
-5730
-5394
-6532
-6533
-6217
-6685
-8564
-10170
-9369
-11017
-10003
-9447
-7367
-5609
-6682
-4642
-3657
-4890
-4973
-4226
-5117
-3606
-3338
-2369
-3224
-2525
-3405
-3904
-4119
-4660
-3942
-4333
-3171
-3625
-2781
-4255
-3947
-3371
-4805
-4284
-2627
-2578
-3182
-1863
-3398
-3224
-3820
-3587
-4251
-3929
-3142
-3535
-3496
-3807
-3871
-3498
-2686
-577
-2526
-3059
-2758
-2049
-2022
-931
-434
-908
-1912
-2039
-1603
-2693
-3979
-6142
-5124
-2518
-2306
-2122
-2911
-2030
-2344
-1657
-1922
-1298
15
702
1573
-13
-584
-1968
-989
-2683
-1129
291
-122
1568
1552
1449
1941
1967
1372
2759
1672
868
1473
1221
2351
772
1707
1856
756
252
-724
-3235
-4046
-3179
-3861
-2594
964
274
-802
-347
-1966
-2247
-1501
-3873
-3049
-3851
-2985
-2459
-579
156
-964
-2197
-3375
-3189
-2152
-407
-520
505
-1036
-2806
-946
-699
-839
-1171
211
-203
68
1121
2194
415
-1953
218
1020
441
-926
-764
-972
-522
2082
2251
2329
2745
2261
2492
3726
4456
6094
4160
3580
3036
1747
2558
3631
3075
3614
4463
4544
2565
4528
6567
6518
6043
6666
6586
6655
7557
7924
6188
5117
5174
4213
3861
4378
4169
4567
5136
6281
5632
5414
5269
5395
4902
5023
4215
3742
4038
2954
2479
4558
5443
6057
5020
4792
4601
2966
2326
3084
4025
5196
4104
3971
3190
1277
2821
4069
2995
3789
3815
2416
2295
2734
2527
3766
5092
3081
4016
4715
4258
4993
4382
4637
5746
5842
4585
5629
7826
8085
9009
8259
7588
7264
7981
7389
7983
7744
8115
8112
7794
7673
7357
8110
7973
8385
10021
9847
9031
7812
6458
6727
7681
8299
5110
5151
7184
8221
8754
10696
9466
9783
9108
10114
9857
9356
7877
7917
9446
9060
8345
6726
6967
6514
6671
8072
8271
7734
6230
6998
6920
7843
6909
9094
8164
9279
8936
9445
8588
6852
6844
7541
9404
8521
5664
6402
6050
6014
5797
6142
7200
7988
7257
8143
8906
9556
9607
8018
7832
5641
6230
5254
6336
6423
4325
3186
3747
2652
3164
2756
4782
5508
5632
5224
7210
6114
6147
6854
7791
7583
6005
6116
5070
3704
4938
5086
6645
8115
8459
6773
6073
6942
6630
4626
5134
4324
2527
4700
4806
5349
3176
3224
3007
3804
3461
3436
4060
4328
4362
3910
3485
2480
2439
1506
3395
3212
4701
4357
4573
3508
3974
4240
5391
5756
4734
5170
4046
3322
2853
2144
1459
3519
3837
3888
3268
2883
2576
964
966
1367
460
2231
2577
2944
3004
4120
3733
2943
2667
6059
6141
7562
7916
8942
10829
9877
8589
7601
8138
8268
8231
7495
7984
10774
8695
6535
6213
7875
8586
8960
9520
8756
8619
7846
8270
8161
7416
8147
9439
10548
10450
10065
9765
9457
10529
11252
12277
12017
13438
13288
12275
12657
11403
11867
10892
11055
11451
11857
10469
10026
9480
8056
8391
8405
7159
6233
8101
7964
7521
5767
4964
4329
6299
8916
9474
9330
8237
8206
7034
6184
4842
4672
6868
5966
7618
7533
7329
6797
7154
7101
6909
8750
8194
8841
9584
10072
10054
9319
7366
7022
8185
7603
6434
5446
6360
8092
7790
7414
6746
6424
7787
8317
10198
11456
9925
11104
11471
11441
10207
10717
11460
10186
10617
10696
11505
11478
11227
11929
12396
11329
12378
10985
10785
10079
10802
10418
10541
11352
10410
11811
10152
9881
10914
10437
9161
9479
9665
10186
11206
11291
11659
11301
12355
12303
13503
14036
15173
15768
14248
16043
14217
13557
13512
14539
13823
13668
14831
15346
15007
13801
14914
15366
15921
15628
16285
16559
17885
17693
14979
14867
15138
14076
14689
15020
13835
14058
13629
12316
12551
12413
12411
12200
12526
11031
11138
13062
13201
12637
12450
12016
10546
11856
12824
11610
11667
11043
11609
11075
11923
11998
12068
13203
12451
11645
10262
9366
10604
11512
12376
12514
12545
10779
9489
9882
10436
10027
10571
12561
12315
11081
10458
11498
12693
11235
9896
11908
12387
11045
11907
13882
13519
11571
11536
11521
11027
10009
10454
11079
11303
13048
13194
12144
11658
14084
13356
11989
12030
13361
13067
11604
11042
10980
9541
9741
10999
12540
11714
12006
10575
8633
8732
8192
8597
9876
10663
10533
10025
8913
9336
9810
9844
9571
9605
10073
10063
10828
9592
9544
9729
7560
7929
8225
8397
7834
8404
9006
9996
9323
9274
8670
10892
10999
10754
11309
11442
10200
9904
8786
11365
13032
10186
10494
12880
13174
14165
11982
11843
11914
13245
11913
12082
13233
13834
12611
12152
12352
11054
11326
11892
13201
13014
12250
11976
12654
11925
12093
12186
13325
13641
11967
10498
10652
11613
11501
12293
14178
14229
13558
13702
11585
11047
9736
12536
12333
11573
13685
13698
12431
10351
9244
8173
6418
6806
7774
7271
7299
6861
8319
10087
8942
9023
7634
6649
6292
7771
8488
9673
9073
9529
9903
8005
8107
7792
7336
5840
6420
6968
6703
7283
7449
6816
7383
7266
7853
7745
8374
7015
7620
6764
6657
7211
6242
7591
6739
6791
6387
5740
6591
8516
9045
8885
8824
7589
8706
9080
8517
10059
11489
10925
11511
12826
12215
10981
10809
11126
9971
9555
10717
12084
14144
12729
12851
12429
12021
10927
10574
11545
12558
12772
12162
12583
13125
12569
12716
14138
15326
14752
13384
12837
14081
14109
14666
15378
14514
14184
14949
15462
14199
14795
15858
14089
15096
15691
15237
11963
12807
12902
12213
12176
13081
12256
11751
11497
11541
12142
12290
13547
12147
11648
11053
12055
13115
12544
13070
13984
14354
12643
12330
10928
11642
12729
12291
11899
12321
13637
14255
11700
12642
14179
14072
12942
12162
12796
13521
12804
13338
13579
14691
16094
16949
16045
15632
14293
13030
14297
14317
16120
17083
16452
17297
14955
14585
15263
16579
15738
15195
14836
15698
17061
16692
17664
16920
16316
15843
15175
13335
13891
14224
14452
15244
16705
16599
15676
14898
14084
14493
14075
14834
16849
15192
14381
12097
11687
11606
11429
12312
13250
13800
13722
12479
11761
12196
11976
11298
11111
12118
13507
11996
10899
9555
10091
9626
10457
11746
11998
11826
12418
11809
10153
10341
10473
11525
11936
11885
12227
11924
10590
10120
11245
12384
13099
13529
13034
12939
11303
11909
12324
12240
11674
13550
12038
11441
12542
12611
12106
12356
11197
10959
10022
9405
10559
11204
12450
12971
13120
12057
11991
12267
12730
12899
13008
13253
12931
12459
11026
11148
11062
11283
11269
10033
9656
9405
10467
9734
9503
9710
9724
10529
12843
14163
12174
11252
11701
9110
9384
10626
12646
12401
13036
13414
13386
12834
12461
11996
12386
11478
12771
12583
13073
12866
12782
12932
12727
12123
10920
10048
10122
10023
9271
9242
8922
7436
7876
8014
7363
8463
9131
9527
8130
7002
6792
6647
7467
8523
6918
7813
8517
8644
7329
7529
7731
9207
9268
7369
8304
8551
8892
7982
7589
9472
9624
8789
9103
9184
9331
8092
7693
6339
5832
8659
8514
10284
10539
9980
10101
7168
7183
8492
10501
11687
11055
11845
11643
10096
9950
10151
11259
11767
10845
11410
9788
12327
11915
11309
12593
13530
13750
12984
12236
12655
13306
12439
12755
12982
12057
11348
10060
10734
9699
9493
10687
12016
12266
13536
11135
11360
11814
12197
11149
11863
12299
11146
10084
9733
9751
9681
10305
10413
10793
9960
10691
10464
10132
10379
9503
9854
9920
10349
10291
10228
11249
9810
9000
8493
9036
10730
11313
10776
10125
11497
10707
10653
11733
12170
12927
11672
11839
10865
12379
11487
13505
13614
13793
12550
11813
12396
10918
10386
10311
10224
9876
10072
11129
11449
9738
10240
8679
10137
9980
8905
10211
11998
12003
10286
11224
11306
10884
11030
11297
12248
12298
11527
10430
11421
12109
10496
10029
10354
10392
9512
9418
10202
11284
11206
11080
12043
13075
12667
11027
10695
10274
10955
11750
9609
9923
10157
10693
11707
11106
11661
10264
9050
7483
9445
11181
12447
11272
10272
10310
9756
8890
9254
10026
10421
-1864
92
-214
-1807
-2812
110
-297
-2317
-2086
-3455
-5047
-4728
-4612
-4452
-3490
-4424
-5267
-6070
-4563
-6325
-7972
-6982
-4547
-5155
-6764
-4915
-3607
-5192
-5526
-4493
-5603
-4930
-4153
-3369
-2558
-2940
-5158
-5837
-4409
-2307
-3670
-3419
-1404
-2639
-4354
-4435
-2010
-2330
-3011
-3093
-1378
-1122
-3442
-3098
-1264
-995
-3273
-3082
-1203
-752
-1117
-1539
-140
653
4382
3981
5184
4691
5584
5052
4292
4169
5060
3377
658
260
1678
1236
1532
2891
4525
5803
3850
2509
3401
4411
4046
3726
5685
6901
4593
3815
4174
2866
3131
2355
2205
2243
1096
768
2116
2550
1705
3906
2814
2739
3623
2099
-506
1045
1609
-1313
592
1413
1559
902
985
-1401
-1320
-1894
-2058
-2122
-2016
-557
81
1216
1406
2663
2060
2495
2344
166
2107
2932
2161
1418
1581
1326
2039
960
1364
727
487
410
2168
2177
2285
2751
334
-1396
-166
1119
1129
2408
2014
-76
-1085
-1141
784
137
238
-141
482
664
3165
2094
381
166
-227
285
851
328
-2269
22
1920
-204
-1329
-833
-55
242
-684
-2579
994
1079
248
-1385
-1231
-572
-107
-966
-2486
-516
-2294
-2549
-352
-1430
-3170
-2997
-3243
-3334
-3174
-3011
-2924
-3445
-2389
-1232
-656
-1202
-608
-587
-525
-236
427
-1291
-1482
-2364
-4010
-4960
-4306
-3993
-4319
-5227
-4647
-2920
-2288
-3350
-3760
-5092
-4678
-4998
-5332
-3069
-2058
-4456
-4828
-3842
-4427
-6200
-6696
-5911
-4985
-4179
-3668
-3191
-3833
-2490
-2257
-3351
-2674
-2415
-2547
-3405
-2386
-1174
-1023
-338
523
-620
-3317
-3268
-2284
-2341
-4072
-5389
-4429
-2380
-4654
-6405
-5326
-2787
-3022
-3877
-2046
-1168
-1909
-3032
-2719
-1775
-1741
-1146
-820
-682
-1348
-917
-2096
-892
-386
-799
-2091
-886
-621
-1160
-1384
-2400
-3237
-2279
207
688
860
-113
-1223
-1349
-2645
-4521
-2479
-736
-1667
-1009
-1473
-1936
-1146
-1744
-2839
-2189
-2663
-5397
-4342
-2830
-4649
-4480
-745
130
740
-402
-603
877
345
-1173
-1726
-2713
-4232
-3146
-3127
-1031
900
1625
83
670
874
-2003
-659
-333
280
1008
796
1779
2008
2048
78
1396
1313
1440
2802
3512
2434
3067
2457
3075
3297
3425
3110
2680
2212
1955
2478
2277
2849
4143
4581
3031
2949
2999
1817
959
1097
1064
613
498
856
1290
673
877
-231
137
-752
-1298
359
971
2081
29
-430
-941
-1702
-1936
-930
-156
-934
-1630
827
1082
-521
-282
-1902
-1169
-342
-782
-311
684
656
-1090
-1649
-1841
-2072
-942
-278
839
2377
1806
1632
1237
-1616
-2735
-2930
-2161
-657
499
-698
-385
1792
2092
1533
643
48
-773
-858
747
2443
1633
554
1631
1186
144
1184
1363
970
1597
-501
-688
2113
3645
1797
2839
5403
4508
3760
3003
2789
1300
702
1683
2053
1579
1641
2582
2465
4073
3635
3372
4497
6200
4338
4067
5291
6303
4532
1675
2766
2818
1184
456
1405
3191
3696
2707
4159
5647
5745
1641
2292
6378
6446
4798
4721
6523
5100
5364
5970
6261
5065
1603
1916
2112
2137
2492
2698
2080
2379
1401
-297
693
2657
290
-1864
92
-214
-1807
-2812
110
-297
-2317
-2086
-3455
-5047
-4728
-4612
-4452
-3490
-4424
-5267
-6070
-4563
-6325
-7972
-6982
-4547
-5155
-6764
-4915
-3607
-5192
-5526
-4493
-5603
-4930
-4153
-3369
-2558
-2940
-5158
-5837
-4409
-2307
-3670
-3419
-1404
-2639
-4354
-4435
-2010
-2330
-3011
-3093
-1378
-1122
-3442
-3098
-1264
-995
-3273
-3082
-1203
-752
-1117
-1539
-140
653
396
970
2564
3225
2193
1583
2128
1764
1632
329
-1341
903
866
-569
-520
432
364
214
1
1594
1205
682
1842
3044
3588
1611
1653
1591
566
149
-203
748
1196
-82
651
2303
1049
379
582
2720
1528
-109
1272
1870
684
-3
-43
-266
-238
-1366
-443
-610
-1634
-1220
-982
-1459
-1110
-169
-1332
-1294
-1057
-3540
-6341
-6232
-4227
-5103
-4071
-2352
-1531
-1972
-2269
-1658
-1638
-2425
-4539
-3533
-2264
-1859
-1615
-1657
-391
451
-1670
-2587
-1023
-1440
-3659
-3032
-1478
-963
-617
-2272
-1703
1633
734
-1127
-618
586
-656
-1688
-3344
-2450
-3112
-4518
-4332
-4085
-3920
-4143
-3886
-2120
-1213
752
2456
1845
1702
2841
1830
2025
1739
1829
3415
4240
3038
3006
2272
1971
1356
255
451
1666
3555
4278
2703
1808
1663
815
-701
-1673
-1937
-2075
-1926
-1185
-1088
-3004
-3812
-2924
-2036
-176
-865
-2761
-1042
-786
-1080
-913
-415
-1107
-1829
-2697
-457
475
118
-495
-407
414
74
848
1213
-371
-1392
-824
-1363
-880
-1500
-145
850
2339
2834
2528
2626
3011
2788
2797
3236
4469
5202
5390
6733
5339
4909
5371
3920
3340
4225
5031
7085
9253
9334
8535
7875
7886
7026
8521
9167
8139
7277
7601
7517
7684
5120
3705
2727
2953
4539
5532
4822
4517
4184
3943
3615
4058
3962
3835
4267
3467
3640
2322
2124
2435
1760
1949
1977
3055
2991
1604
42
45
-1801
-1276
-83
192
903
154
228
-225
-432
-2543
-4975
-3312
-2745
-1857
-381
-244
-1426
-1534
-2314
-2705
-1746
-1865
-1303
-1193
-1510
-991
-760
-833
-1288
-67
-633
-372
12
-1095
-1979
-1105
-1334
-1432
-520
-1448
-1696
-781
-810
-808
-1301
-1609
-2730
-3411
-2917
-2143
-997
-1446
-1244
-1364
-2643
-1839
641
-1234
-999
28
-1914
-1995
-1981
-3765
-5078
-3758
-3335
-3428
-1146
-578
-1527
-1384
-841
418
-633
-3195
-2699
-1396
-1394
-366
1154
-136
-2575
-3102
-3234
-1999
58
0
-140
600
-725
-256
75
185
268
-350
-1177
-833
118
-50
-752
1036
1264
181
-57
-1802
-2124
-706
-909
-2179
-1809
-403
-502
-1005
-1136
-1711
-1420
-2326
-2761
-3871
-3018
-2161
-1094
-1659
-1967
-1313
-3758
-5763
-4401
-2965
-3073
-3177
-2392
-2423
-2204
-682
-211
343
-773
-983
-891
-1885
-1460
-1566
-1710
-2228
-2400
-2498
-3401
-4211
-3630
-3802
-3541
-3350
-3313
-2741
-2964
-2355
-2653
-1694
-2199
-3801
-3656
-2234
-2878
-2611
-1754
-3016
-2435
-3851
-3316
-3308
-3882
-3488
-2086
-2231
-2382
-2433
-1404
-1774
-1323
-353
-1854
513
1278
961
-616
-1113
-2233
-2467
-1782
-3630
-2961
-3737
-4977
-3774
-2320
-2431
-2044
-396
-1472
-1436
-1477
-1066
-832
-2277
-3177
-3917
-3566
-4412
-3727
-2256
-509
299
-1615
-3493
-2624
-166
88
-908
-583
238
366
795
1523
1109
-55
-1323
-1350
-1231
-281
614
1068
714
884
1004
349
2074
3008
2836
3088
2963
3822
3346
3548
3604
2216
952
1405
1254
-844
-1731
995
1123
1657
537
-490
130
203
605
208
2356
3848
5034
3484
5660
7261
6037
5918
4759
3001
2495
2024
2447
3577
3999
4290
4075
3987
5840
4974
5695
5939
7324
6948
8583
8408
6125
5632
6278
5182
4635
5736
5508
5785
5274
4496
4086
3826
4357
3261
2558
3524
5646
4812
2621
3254
3385
1472
2168
2647
2559
6146
5432
4159
3648
3378
2956
4682
6078
6636
6110
5956
4864
4535
3386
3330
4825
3793
2612
3844
2478
2990
4209
3044
2494
2921
2858
1483
1927
3836
4342
3334
3900
3532
3174
2995
4385
6210
6151
5636
5737
5878
5898
6500
8018
8928
9630
8962
10209
11159
11530
9768
10059
10485
8294
7960
9146
9051
8487
9614
8404
8027
8273
9497
10820
10513
10142
10255
10522
10252
10556
10596
11034
11210
9847
8360
8611
9315
9697
9054
8711
9092
9350
10310
10673
10855
10940
9971
10402
10599
10769
11997
12326
11329
11479
10897
9620
10619
11423
9072
8548
9659
9564
9311
9857
10764
10994
9873
9696
8739
9437
10058
9754
10036
10828
10438
11089
11800
12789
13344
13195
12329
12085
10947
10743
12140
12103
11657
10804
10955
13037
12454
12608
11880
10593
11080
10368
11478
12374
13217
12100
10765
11242
13092
14891
14439
13442
13507
14417
15220
16206
15879
15479
13745
12107
12044
11164
9693
10916
12067
11947
10711
10524
9023
9146
11849
9608
8086
8430
9705
11131
9830
9511
10590
10955
10155
10340
10778
9991
9701
9726
9084
8621
8129
7242
8760
8600
7548
8314
9461
8774
9858
10613
10172
9590
9330
9259
9900
9202
9463
9894
10827
10269
10243
10279
9707
9572
10263
8864
9166
9865
9640
9035
9024
8896
10537
9906
7198
7226
9070
9554
8147
6441
6067
6167
6958
7492
8438
9063
9129
9484
8625
8202
9912
10019
8442
7117
6522
6830
7451
8903
9328
8288
7989
8274
7650
7402
7596
7566
6580
6240
7110
8087
7113
8512
9185
8981
7145
5337
4662
4299
4847
3823
3195
3989
2905
3671
4909
5090
4787
5137
5496
5619
4666
5186
6841
5820
5800
4181
5361
6592
5144
3952
4241
3570
3711
4150
5356
5518
7081
7949
7042
7825
7911
5617
5571
3976
3107
3163
2566
3033
5298
6115
7170
7498
7335
6342
5193
5019
5725
6261
6421
7222
7936
6129
6484
7852
6205
4713
5722
7309
9556
9680
7399
7232
6207
6274
5941
6052
5895
5880
4050
3350
5905
5045
2904
2809
4525
4383
4093
3011
2379
3435
3441
3832
3772
4795
4686
3142
2957
1211
740
557
834
1276
882
1656
4119
1987
225
1162
1521
2607
1858
2518
2017
1642
1490
-213
-534
249
191
-476
133
554
-2045
-1482
-1355
-4016
-4562
-3945
-2885
-2691
-1750
-1550
-1032
-3040
-3157
-1465
-321
-2341
-2804
-448
-833
-1786
-3246
-3155
-2084
-2932
-2935
-3192
-3128
-3542
-1421
-2069
-2732
-1963
-3600
-3493
-3094
-3163
-2000
-1459
-2053
-3536
-2837
-3143
-3843
-2894
-3537
-4384
-3883
-3210
-2869
-1568
-3628
-4770
-5313
-3982
-3525
-2814
-3151
-4646
-3264
-3085
-5617
-6014
-6323
-6529
-6347
-7259
-7691
-8616
-9252
-7800
-8713
-8470
-6294
-5563
-5421
-5389
-5946
-6655
-5390
-4153
-3393
-4670
-4519
-4826
-6246
-6555
-7101
-7578
-8774
-7803
-7220
-6379
-5653
-6526
-8252
-8212
-7163
-6525
-6709
-5564
-4885
-7311
-8588
-7878
-7468
-5255
-5448
-5658
-6187
-5883
-5074
-7081
-9493
-9639
-9331
-9307
-8516
-7117
-6801
-6937
-7318
-6293
-4510
-5104
-5328
-5610
-6164
-5183
-3817
-3146
-2953
-3988
-4045
-2355
-2554
-3401
-2342
-3016
-4958
-4041
-2135
-2469
-4826
-6358
-6910
-5785
-6752
-8290
-8293
-7813
-6455
-6435
-5785
-5198
-6564
-7439
-8030
-7216
-5814
-5513
-6186
-5754
-5572
-6462
-6023
-5150
-6520
-8229
-8024
-7639
-5479
-5236
-5647
-5676
-5289
-7320
-7810
-4613
-4755
-7962
-8903
-7997
-7309
-8032
-9481
-9954
-10353
-10522
-8593
-7517
-6962
-6413
-7742
-9249
-8252
-9330
-12622
-12109
-10643
-9942
-9226
-7706
-7066
-6469
-5918
-7376
-7199
-6182
-6943
-7874
-7139
-6807
-6990
-6786
-6556
-5109
-4987
-5483
-4761
-3944
-4859
-6640
-7304
-7776
-7784
-7498
-6417
-6302
-7830
-7656
-5199
-4276
-4273
-4215
-4936
-4155
-4298
-4931
-3020
-2189
-2601
-1038
593
1037
-297
-586
-1473
-5055
-4820
-3987
-2491
-1204
-1884
-2975
-3902
-3612
-3654
-5712
-4698
-3967
-5339
-4789
-5042
-4932
-4657
-5463
-6223
-5456
-4110
-3635
-2562
-1408
-1116
-973
-1803
-1484
-607
674
1519
1989
933
834
1396
633
-1052
-1560
-1399
-4384
-4532
-4335
-4046
-2838
-2853
-2404
-3788
-4451
-4154
-4335
-3956
-1485
-1672
-1141
-954
-1679
-1314
-1646
-2442
-4592
-5341
-4503
-2755
-1155
-248
160
246
-49
1483
3182
1500
936
1379
44
-1185
-814
-541
106
-75
-1574
-2563
-2275
-2149
-3853
-1625
-1985
-2348
-1194
-1291
-640
-3038
-6571
-4533
-3278
-4617
-3883
-3178
-3659
-4602
-4966
-3202
-2738
-2161
-2554
-2782
-81
1935
-1025
-1540
-976
-751
-1740
-1435
-171
-468
-2019
-2916
-3224
-3595
-3688
-5857
-6228
-5724
-4675
-4528
-5013
-4042
-4770
-6957
-6576
-4326
-3129
-3710
-3238
-2941
-3811
-3810
-3728
-4290
-3964
-5584
-5819
-5073
-3811
-3155
-3734
-3087
-3279
-3522
-3199
-3488
-2730
-4043
-4461
-2077
-2470
-3000
-3861
-3394
-4345
-4202
-3113
-3144
-2630
-3561
-3287
-1402
-1536
-2494
-4901
-4816
-4041
-5545
-5148
-4610
-5744
-5740
-4522
-4644
-5392
-4777
-5541
-5764
-3448
-3365
-3319
-4002
-2395
-2373
-3386
-3509
-3262
-3002
-3418
-2809
-1988
-1541
-1690
-1432
-2615
-3677
-3487
-3582
-1780
-2086
-2321
-903
-1966
-1522
-3287
-5504
-5563
-4481
-5090
-4716
-3595
-2337
-3202
-3985
-4320
-2845
-2373
-3027
-2314
-1127
-1478
-2549
-1298
-1599
-2830
-5179
-4681
-3846
-3264
-3420
-3541
-2744
-3176
-4429
-2716
-1834
-1853
-1879
-2445
-2965
-2007
-1810
-929
-2904
-3357
-4656
-5592
-5683
-7639
-7625
-8029
-8840
-8250
-8106
-8612
-9970
-8871
-7131
-8115
-8209
-10027
-8675
-7938
-8618
-5312
-3981
-3875
-3539
-4030
-2790
-2930
-3611
-5075
-6290
-5494
-6263
-6341
-6013
-5931
-6783
-6116
-6674
-6096
-5388
-6266
-5417
-5341
-4704
-5148
-4434
-3651
-5332
-4333
-4959
-2986
-2453
-2790
-1630
-3133
-2493
-1286
581
681
-157
439
223
30
-36
-654
-1464
-1671
-1408
-2309
-1614
300
1357
1308
688
1037
1573
2291
2995
2550
2495
2593
1844
3125
3520
2801
1434
-875
610
1452
-302
-428
278
-321
-1784
-587
1054
232
451
872
694
899
912
703
3007
3050
2120
1219
1460
1305
1822
2256
1144
3042
2501
1411
1357
883
1295
1158
2566
1683
900
1747
2064
2139
2164
767
1058
1362
1211
846
3087
2915
1535
1641
1564
2918
3824
4333
4541
3138
2483
2835
2063
1506
1793
2849
2926
3026
3483
2489
1288
1098
343
-1275
-2861
-3133
-1269
1148
-422
-1868
-1852
-2281
-3722
-3539
-2857
-2384
-1902
-2502
-1084
-1158
-2882
-2571
-694
-1339
-1426
-301
2039
517
-1417
-12
-1042
-937
403
1354
993
-671
-2226
-838
-449
-1556
-2154
-2692
-1749
-1095
-2523
-3538
-2441
-1657
-3270
-4596
-4540
-3522
-2529
-2219
-2991
-2988
-1574
-2453
-3425
-1501
-816
-1308
1800
1670
1409
2375
2857
2780
3866
4156
3563
2233
2693
3179
4426
3523
1645
429
96
1417
165
-1156
-1369
-494
-568
-516
1718
513
-8
1195
1718
2090
1065
-48
-1303
-1311
-144
1499
1810
1058
541
504
886
1712
1748
1489
-1488
-2027
-64
-289
-2196
-1346
-1055
-1632
-2078
-3205
-2989
-2346
-4500
-4591
-3312
-2939
-3546
-4882
-3388
-2651
-3564
-3841
-2710
-3203
-3344
-3930
-3496
-2802
-2227
-2074
-3251
-3104
-1985
-1578
-2782
-1995
-2600
-2409
-637
-2205
-2007
-3332
-3983
-3664
-3383
-2714
-2811
-2298
-4919
-5361
-5291
-7902
-7537
-5548
-5688
-5439
-5688
-4470
-4374
-5204
-5277
-6308
-5743
-5407
-3800
-2498
-3405
-3751
-4206
-4143
-3741
-4286
-4882
-4442
-4361
-4831
-3542
-1962
-2876
-3860
-3609
-4068
-5254
-5081
-5396
-4156
-5106
-5270
-3986
-4872
-4930
-6390
-6010
-5194
-6367
-5908
-5237
-4724
-5404
-5171
-4912
-4503
-3615
-4665
-4850
-3086
-3292
-3258
-4521
-3426
-3724
-3850
-2961
-4251
-5176
-4673
-4845
-2867
-2592
-2345
-3012
-3316
-2802
-1451
-623
-1783
-1757
46
-370
-991
-1631
163
406
-856
-665
-1116
105
1208
-1401
-1107
-104
-1552
-755
-750
353
-8
845
1383
479
692
816
2335
2312
2362
1731
2458
3781
2196
2489
3186
1632
81
-162
1106
1850
169
169
1682
712
-422
-747
-632
-738
-277
-1142
-1228
422
452
420
-478
-1371
-747
-591
-426
86
829
1247
1218
964
308
733
366
303
-868
-457
-693
-2832
-2197
-1083
-1995
-1070
-763
-859
544
-322
-1437
-466
520
-225
77
1831
1490
420
998
1718
-177
-987
-140
1133
1252
688
470
340
-1554
-727
1079
-106
-685
-93
1133
1479
2698
2619
2736
3435
1129
1508
1582
1978
-726
-2068
-1138
-597
-201
-50
700
684
-562
608
992
-49
1426
2735
2548
1797
3276
3949
2248
2288
1794
2546
3018
4036
4961
5675
5695
4090
3310
3169
3483
2587
1490
1972
2952
1472
1357
-306
-776
-2255
541
1762
1630
2258
1097
1519
1796
3394
4107
3923
2913
880
-144
455
879
1349
254
380
1489
1357
2393
2304
326
-1192
-1149
92
-375
59
893
-905
-1724
-2544
-2829
-3027
-3507
-1868
849
704
-1731
630
1765
-228
-919
-972
562
-1731
-946
642
388
377
-21
-811
-1907
-4569
-4981
-2857
-2708
-2721
-3564
-3525
-3745
-2114
-994
-1706
-782
-2000
-3656
-1417
-1186
-3109
-3853
-5028
-5079
-5880
-5992
-6960
-6360
-5221
-5333
-5761
-4551
-5126
-4239
-4301
-3749
-1432
-579
-1587
-2920
-1946
-1930
-324
813
-736
-1527
-1602
-2269
-2874
-1567
-968
-2756
-4062
-2854
-2830
-2304
-1883
-2864
-3723
-5767
-6394
-5511
-5028
-3912
-4856
-5640
-5491
-4981
-3967
-2664
-2552
-2486
-3113
-3391
-4769
-5855
-5921
-4503
-3943
-3305
-3311
-3276
-2778
-4157
-4758
-3634
-3521
-6856
-5583
-4215
-5530
-6387
-4838
-3380
-4221
-4706
-2580
-262
-148
-263
-738
-2256
-2217
-1066
-2102
-1557
-1814
-2098
-2020
-60
-1046
-2882
-2526
-3041
-2520
-3085
-2800
-1807
-2085
-2452
-2362
-1718
-1559
-1409
-2137
-995
-1965
-871
580
346
-228
-704
-521
-2781
-2361
-1324
-1971
-3854
-4277
-2550
-2042
-4812
-4619
-3241
-5411
-5872
-4394
-2880
-2491
-3312
-2514
-2165
-1251
-816
-1453
-1065
-1141
-381
9
-326
7
-482
-1332
-1779
-1016
-1223
-3701
-2378
-2311
-3258
-2058
-1518
-2216
-1693
-2016
-550
-510
-502
926
1241
1346
315
-226
-662
358
532
-364
36
1340
2588
2511
1542
628
249
1485
1374
744
1398
2908
1998
792
1014
28
166
-77
210
-242
1074
248
224
2816
2339
1313
1140
2276
3477
2417
2827
3853
4483
2658
3382
4399
1688
591
3725
3838
2716
2724
1088
1031
1112
2563
2257
1572
1325
1391
2440
2502
1712
1268
272
-786
-1710
-2568
-3016
-3041
-4260
-3912
-2860
-3231
-3898
-2250
122
-2255
-1458
-73
-323
-16
671
1677
2110
2220
1479
-67
521
-667
-2016
-2105
-535
-780
-701
123
903
584
-1606
-108
412
-2035
-2165
-922
-1733
-2386
-2376
-2450
-2108
-2036
-1972
-2445
-1993
-994
-664
974
250
-888
-1089
-513
-613
-2857
-3083
-2303
-2727
-4268
-4082
-3151
-3448
-3729
-2375
-2388
-2579
-2395
-1442
576
377
419
-465
-51
-82
-844
-1171
-567
97
1037
769
-313
-913
-880
-652
501
236
660
1011
679
1426
2573
4118
2221
1431
-75
-815
753
485
434
1055
1168
67
-551
48
-663
-1884
-2042
-3168
-4516
-2375
-1406
-1085
-1662
-1670
-2370
-3213
-3101
-2872
-2345
-3649
-3678
-2892
-2203
-2053
-2779
-3512
-3243
-1627
-230
-1180
-155
-1273
-3199
-1099
-629
-1425
-2015
-2636
-1932
-2316
-3080
-2223
-3164
-5038
-5537
-4306
-3854
-2073
-2546
-4088
-3300
-4319
-5638
-4684
-3453
-3290
-2903
-2969
-1935
-2854
-2325
-3334
-6203
-5536
-3985
-4520
-5330
-4911
-5399
-6462
-6664
-5193
-4541
-6312
-6678
-5033
-4127
-4145
-4744
-7312
-10293
-8017
-7212
-8374
-8044
-7304
-6977
-6995
-5066
-4554
-3668
-4448
-4633
-3729
-4399
-6227
-6162
-5803
-6631
-6451
-7339
-8016
-6377
-8180
-8397
-6553
-5749
-6181
-6111
-5395
-6787
-6806
-4811
-5106
-6282
-7426
-8281
-8709
-7374
-7834
-7635
-6747
-8502
-8397
-6434
-6106
-5731
-4629
-6261
-4781
-4122
-4600
-3929
-2828
-3953
-4401
-2324
151
-397
-341
-1522
-949
418
868
148
-252
-1403
-2690
-3663
-2632
-3104
-2876
-3474
-6103
-4978
-4241
-2607
-2826
-2586
-3287
-2581
-1237
-2731
-1589
-256
-1252
-1339
1290
969
77
-840
-1593
1307
684
1501
1877
2939
2521
719
591
-257
736
1218
612
1390
2273
983
-355
-1817
-2625
-2003
-2437
-3634
-2866
-1744
-2557
-3681
-4418
-3593
-3692
-4176
-4301
-4217
-3879
-4126
-3668
-4334
-4446
-3332
-3063
-2813
-3153
-3997
-5235
-3203
-1630
-213
-136
-1248
-984
-2210
-2590
-2377
-2970
-2636
-3879
-5381
-5710
-4458
-4326
-5218
-4860
-3184
-2392
-5046
-4860
-4512
-4238
-3142
-2696
-3373
-2617
-2309
-2068
-2984
-1306
-1212
-548
2271
3369
4037
3607
3648
3924
2781
546
1182
2208
1789
1304
2195
3587
2649
3644
1975
1819
1278
309
676
-241
49
66
360
930
-7
-537
341
-2155
-865
886
1584
1528
815
1455
1640
1214
831
1397
859
360
394
578
-149
-679
-1233
-182
1258
671
765
230
-1224
-447
-1543
-844
79
589
45
-1464
-737
-1691
-1448
-705
-408
-233
1851
2894
1201
1884
2434
1544
1041
1088
2134
429
1034
979
1499
562
1984
965
-4
1904
1961
2097
913
1400
606
1234
726
16
715
262
-314
-2835
-4279
-3554
-2591
-1668
-661
-655
-271
-712
-738
-318
-3118
-3856
-4316
-2551
-2717
-4455
-4532
-4746
-4847
-5035
-7154
-6500
-6212
-7109
-7477
-5729
-3961
-6591
-8329
-7727
-8049
-7125
-6875
-7220
-5700
-5774
-6343
-7073
-5975
-6513
-7370
-5671
-5681
-5205
-3944
-3911
-3725
-3500
-4220
-3880
-2350
-1772
-3493
-5065
-5370
-4366
-5223
-5390
-4137
-3620
-4261
-5983
-5429
-4387
-5544
-5675
-5291
-6222
-4786
-2576
-2238
-2015
-781
-79
-1239
-2094
-921
-408
218
902
2014
2173
2473
2850
2283
1205
-356
-908
-1017
-2562
-2148
-2008
-2982
-2119
-2851
-3226
-3980
-2343
-2625
-2145
-2216
-2935
-2300
-2535
-5191
-5385
-4755
-4590
-5745
-6010
-4493
-3017
-2979
-3868
-4259
-3610
-2468
-2556
-2607
-2770
-990
-352
-609
-82
-561
-195
-658
-171
-888
-547
366
544
993
276
-333
-258
-647
-2508
-2215
-2202
-3539
-2632
-2260
-1055
-456
293
-369
-924
-1268
-2639
-347
-1034
-466
-310
1283
720
40
840
1755
1193
67
109
-268
-323
-81
497
1237
846
1138
1079
923
654
-54
-1709
-654
-160
-324
843
1020
980
1841
2532
2094
498
259
105
1096
2452
2044
3235
2964
1293
1898
2274
1420
1213
1737
623
1211
2720
2691
1087
1709
2090
1208
1558
998
1952
2956
3256
4126
4481
4740
3578
3179
1659
1984
1863
2273
2768
2686
2031
2643
2499
2702
2615
3003
4083
4680
5920
6094
5874
6288
5579
5219
4489
2681
2728
3229
3405
4590
5313
4335
3306
3003
3303
2497
1354
3675
2986
2711
1968
2084
2700
3881
4477
4815
2942
2192
3070
3999
3401
2717
3980
3605
3103
3887
4376
5230
4843
4609
4819
3651
3355
3730
4520
4199
3509
1598
-288
-1751
-293
-1133
-302
-812
-1005
-1604
-3628
-3746
-2440
-853
608
-372
405
602
1043
154
204
496
-1127
-1388
-429
1498
1544
462
1422
983
650
973
928
1724
2075
2539
1267
749
2374
872
-1440
-1743
-83
654
-434
-1610
-972
-632
-85
-804
-634
759
-685
-1119
471
-754
-446
164
818
1053
1054
1924
2450
2988
3656
4443
4352
3643
2659
3193
3962
3959
2922
2733
2865
3674
1021
922
977
1361
1028
71
-142
-1455
-2390
-1241
-1823
-2743
-3513
-3857
-3421
-3914
-4198
-3059
-3454
-4058
-4505
-3904
-2719
-2835
-3238
-4553
-4043
-2917
-3635
-3418
-1830
132
-689
-2109
-2371
-2378
-2851
-2368
-2656
-1756
198
196
-907
-150
-317
-2170
-2896
-2811
-2962
-2732
-1697
-2022
-2371
-1978
-1267
-409
-1188
-553
98
868
-891
-547
264
-1624
-3681
-2869
-1332
-1862
-1438
695
510
-707
-482
-546
-63
-768
-1191
86
-829
-1415
-1406
563
260
-2069
-1930
-2006
-1351
-1050
-786
-355
-961
410
-794
-548
2492
2447
37
-618
-450
-228
100
-254
-958
-10
-1141
-2040
-1980
-1560
-1261
-95
-245
15
-1761
-2316
-1109
-1553
-887
-390
-690
-1345
-376
-634
973
1524
-1656
-1700
-1963
-2578
-1746
-792
527
528
163
512
-125
62
688
1784
734
-365
-1114
-1142
-1821
-1236
-1433
-2043
-2415
-2630
-2646
-1427
-621
-2029
-1957
-1319
-637
-1371
-1040
601
-383
-574
467
-580
-2169
-2118
-1659
-186
17
479
905
-348
-2647
-1564
-1435
-2133
-1544
-2333
-1106
-978
20
-59
-1704
-1396
-385
-1960
-3554
-2737
-1434
-1261
-2040
-1144
-1586
-2149
-2958
-1522
-321
-314
-896
719
1706
1345
1274
3211
3001
1325
646
1882
695
433
1106
1004
-1136
440
1294
632
92
295
1143
1358
578
-3782
-3377
-2238
-1869
-3575
-4509
-3919
-3979
-3088
-1998
-2382
-1695
-1736
-2454
-2267
-898
-689
-498
-69
-2039
-3965
-5157
-3061
-2495
-2554
-2049
-3689
-3006
-2727
-2567
-3266
-3796
-4017
-3559
-4077
-3691
-2690
-2219
-1451
-1083
-1639
-1437
-738
-1025
7
1740
2564
2664
1947
2164
4732
4461
2430
1907
1421
427
474
1540
1362
200
194
289
-105
311
-147
-872
-34
190
253
327
550
-250
-1101
-1788
-657
-1217
-3485
-2067
-1499
-2912
-4078
-4271
-3876
-3215
-2218
-2906
-3025
-1765
-778
-2536
-2835
-2211
-1678
-2551
-3220
-3862
-3584
-4254
-6007
-5030
-4299
-4060
-5311
-5890
-5134
-5131
-4806
-5229
-4057
-3838
-4130
-2185
-2605
-3490
-4706
-4873
-5899
-4468
-4783
-4324
-5284
-5026
-4084
-5164
-4483
-3689
-3492
-3192
-3131
-2910
-5327
-4417
-3761
-2773
-2842
-3995
-4152
-4795
-3508
-3578
-4662
-5895
-5740
-6088
-4769
-3792
-3190
-2408
-2167
-2633
-2629
-1860
-3160
-3474
-1173
-1138
-2524
-2409
-1533
-788
-2079
-2026
-1081
-682
-3330
-3579
-2163
-2385
-2976
-1781
-822
-1024
-372
-1187
-96
-263
-2347
-3106
-2148
-2772
-2509
-1846
-1664
-2071
-2917
-2109
-564
-881
-812
-552
145
-655
134
2580
1113
687
1096
2280
111
-839
-570
107
-251
469
-352
232
2075
2081
3095
1845
-308
-237
535
874
1712
1997
408
78
1148
1156
2546
4258
3803
3229
3196
1637
1343
2223
1277
1654
2176
1388
-78
1406
1398
346
371
-287
-1651
-1072
756
349
980
846
1411
1028
-98
-745
-427
-1286
-1224
-611
58
-242
-1797
-896
-994
-609
-989
-745
1344
2109
1465
1122
740
1481
1071
1559
1079
515
1020
-171
-601
-1694
-2414
-1834
-2717
-4103
-4363
-2593
-4181
-3926
-2427
-2026
-801
-971
-32
1538
1205
-305
551
612
731
-139
-428
-1186
-1779
-1673
-3255
-2270
-2649
-1553
72
605
1411
1125
427
809
-133
1121
1581
1734
788
-1259
523
907
876
777
-77
-1649
-1450
-1544
291
1533
305
-1325
-690
-669
-2587
-1263
77
-366
-1439
-2041
-1393
-3718
-3782
-3703
-2804
-1159
-2164
-3183
-2477
-2129
-2580
-2092
-2569
-3233
-3265
-2610
-1588
-1539
-1650
-967
-67
-1760
-2914
-453
-972
-1659
-1116
-509
-2948
-2878
-2045
-1096
-385
-2052
-1690
-476
164
69
762
1270
204
-365
336
-171
10
281
-295
926
-356
-1437
-770
-799
-1781
-3013
-2876
-2644
-2947
-2410
-3074
-3096
-2583
-3513
-2719
-2501
-2129
-1643
-2626
-1721
-1908
-1395
-2440
-3167
-3650
-4373
-4053
-4200
-4303
-2656
-2452
-5037
-5589
-3420
-1078
-3272
-2946
-2372
-2320
-2181
-3104
-2963
-3930
-3681
-3962
-4706
-3600
-5000
-4774
-3399
-4396
-4386
-6132
-5465
-5039
-6433
-7169
-5051
-5349
-6420
-6220
-4475
-6060
-6615
-4486
-4835
-4977
-6239
-5597
-3674
-2669
-2532
-4667
-3929
-2695
-2067
-2322
-3334
-2746
-2473
-2274
-2044
-3117
-2765
-1523
-3578
-4402
-4751
-3989
-4992
-6795
-4811
-4356
-4931
-5585
-6009
-4258
-2632
-1117
-972
-752
-3
-891
-810
-1294
745
-918
-2497
-1271
-1404
-2734
-2067
-1491
-2561
-1968
-765
-813
-1658
411
914
-1923
-1330
-1612
-1065
-1534
-693
-73
-1772
1268
1284
1008
581
139
117
-1090
-509
-1124
-633
-1196
-1899
-1668
-1700
-979
-485
-1100
-1449
-402
-1136
1268
1038
-648
-942
-1291
-1671
-3316
-1987
-2560
-1086
810
473
666
-1594
-1196
-1290
-2604
-1727
-673
3
-1462
-1575
-330
-2426
-2367
-1026
-1609
-1187
-242
823
2293
1922
1971
1710
2228
2724
781
1994
1826
2650
-39
423
2193
1113
149
-230
367
-1072
105
1685
-88
-242
693
-636
-1702
223
-811
-790
-15
1297
1646
1279
2693
963
2140
2230
2539
1676
-8
1967
1614
1826
1336
2934
2533
900
3112
3201
2020
1235
2700
1636
1074
915
40
2274
2930
1714
1396
2370
1519
2089
2740
3049
2547
2025
3476
388
-851
-497
-261
-1299
-4001
-2782
-3709
-4791
-4779
-4288
-2969
-2971
-2729
-3617
-3413
-2450
-2420
-4458
-4609
-2984
-2307
-2220
-693
-966
-1198
-133
-1234
-3180
-3634
-2847
-2050
-3686
-1590
467
191
-577
-1748
-1488
-2666
-384
335
1646
3948
2307
1429
1277
620
828
547
-407
-899
-1631
-314
-286
-398
-552
-2365
-1387
-586
-705
-359
-530
595
6
1150
373
441
369
-719
252
-190
-741
-209
-395
62
640
1098
774
-354
-127
-384
-410
-1086
-2002
-692
-1347
-2424
-1550
-3680
-3152
-3116
-2740
-3780
-3635
-688
-2431
-1278
-362
-3540
-3225
-3953
-3670
-3171
-2139
-809
-1528
20
46
-2520
-2779
-3575
-4390
-4899
-4665
-4467
-5066
-3280
-3627
-3917
-3880
-2921
-2611
-3445
-2676
-1912
-2562
-2532
-2468
-1314
-664
-591
911
-1147
-1884
-1118
-3125
-1453
-1600
-902
-379
-1205
-971
-247
-5
-491
-2239
-2727
-2762
-1461
-1503
-3450
-2547
-2434
-1707
282
-270
-668
-2835
-791
-1778
-2387
-953
-1735
-1349
-2859
-5615
-5001
-5757
-5838
-7053
-5594
-5245
-5122
-3690
-2421
-3174
-3115
-3720
-4139
-4324
-4618
-2890
-3198
-971
-90
1025
-83
-1142
-174
-2933
-3843
-2522
-3133
-2261
-3410
-3035
-4856
-4358
-3728
-2900
-2432
-1476
-1602
-1182
-756
253
1342
-104
-344
-2636
-2780
-3165
-2597
-1868
-1775
1027
911
131
1636
1894
2204
2262
3790
2893
2154
2176
2541
2225
2829
2479
828
223
832
2782
378
1291
1229
83
-240
819
2042
799
-394
-67
-462
790
291
1695
2913
3884
1523
-13
802
814
771
1271
1349
1552
2408
1235
2020
1826
1760
300
69
1641
2436
4451
3421
3576
2736
415
1855
-1189
-1796
-1706
-2233
-3816
-4030
-1436
-1015
-653
-291
317
-588
115
165
1044
1780
3407
3287
2036
2322
3058
2647
659
1324
1797
1228
3474
3528
2659
3441
4444
2899
413
2299
2986
2295
1303
648
-855
653
876
1175
403
1683
1264
227
253
118
-313
-1840
-916
-11
-1316
-982
90
-1076
-1548
-680
-1562
-2376
-2041
-2709
-978
-651
37
-2789
-3715
-2629
-1841
-295
-118
1836
951
1002
831
179
-1083
-2044
-1725
-2652
-2083
-1001
-1840
-1521
-696
-938
-1403
296
110
674
1604
2504
2016
2153
3299
2196
2079
1997
1942
775
835
2485
4005
4914
5072
5016
2587
2634
3239
1235
873
2029
1874
-442
268
886
-1160
-1076
-1053
-2762
-1240
670
-72
978
1267
2523
1710
984
1048
1468
1044
350
371
-431
-911
1147
384
-80
1743
2046
-856
1257
3530
2234
2011
1810
412
-413
1161
1302
-266
-1538
-2345
-3915
-3870
-3673
-3203
-4401
-3836
-4384
-5851
-6096
-4176
-4488
-6218
-4714
-4094
-5457
-4382
-2075
-2934
-3356
-3330
-3529
-4977
-5457
-3165
-3567
-4965
-3857
-3262
-2657
-2123
-1630
-1081
-894
521
-351
-3203
-1997
-1364
-1376
-777
1080
-1647
-2402
-1139
-2889
-3768
-3965
-3211
-4521
-3436
-1599
-669
-2058
-1943
-1755
-3394
-3078
-1647
-2424
-3775
-2496
-2556
-5205
-4238
-3471
-3746
-4471
-3252
-5062
-6481
-4864
-3687
-4188
-4156
-2768
-2804
-3015
-1463
-1082
-1628
-455
-116
-1197
-2045
-1581
-2062
-2815
-2031
-846
-3180
-2767
-2788
-2056
-2155
-1789
-1734
-2784
-1592
-1198
-1293
-1813
-772
-1501
-1268
680
505
-569
-748
462
-1545
-796
1169
2669
1963
2325
3793
448
1045
2058
993
-445
126
927
-396
1145
2023
1930
1280
1839
2264
1064
2655
2227
1823
4098
4209
1816
1059
1960
972
1027
1546
2002
2318
2258
1741
1104
1615
2070
1711
201
2144
2595
1460
620
468
-34
-1462
-323
926
969
887
1152
-741
-1867
-235
542
473
539
948
-583
-2353
-3344
-2887
-2749
-3058
-1261
-668
984
2114
575
1111
320
-310
-898
-889
-2
181
686
1377
1851
608
986
392
136
1337
1929
2438
3107
4008
2014
2519
2074
2300
1163
325
1109
-1454
322
-139
-366
21
-470
406
1887
3364
2413
1430
145
720
1817
1324
-226
6
-1031
-10
2043
1069
541
562
2174
1830
702
2128
1225
2017
1872
106
864
600
497
1686
789
-941
-1658
-1388
-2604
-2683
-1635
-1040
-104
-706
-2615
410
-52
-1704
-1299
-623
-1248
-2406
-1358
-2337
-1746
278
-1134
-3380
-1504
-1690
-326
-245
629
1466
1340
1607
992
2243
2200
2655
3050
1050
1930
-178
251
1420
1318
891
758
2206
1050
286
2567
3167
1966
2191
1344
1868
2307
3667
1882
1338
1016
-186
120
672
1221
1397
505
1398
2200
679
1966
2220
907
1070
1932
224
-614
-465
-1147
-1918
-1565
-558
-1713
-1304
-673
-307
-2366
-1303
-774
-1597
-1759
-2300
-2521
-4404
-4036
-2743
-1523
-903
246
-813
-1225
201
-582
-1027
-419
-2051
-2407
-1741
-2054
-3075
-1610
-616
-1107
-3072
-3738
-3426
-3368
-1517
-1726
-980
-1830
-1126
-1090
-2510
-2625
-2575
-3367
-5008
-2577
-1562
-2424
-1399
-469
-1913
-848
-983
-3162
-2357
-702
73
-1023
-1985
-1547
-2711
-1378
-571
-618
196
-1032
-1032
-632
-1946
-2552
-872
-2321
-1759
-1905
-3314
-3341
-2227
-3103
-4825
-4292
-5439
-5604
-3728
-3143
-4262
-4342
-4688
-5565
-4650
-4162
-4582
-4965
-3742
-2342
-3109
-2058
-893
-1603
-2628
-3744
-3410
-2027
-1721
-2558
-1371
-1944
-13
-59
-1114
-840
1
262
-807
-1249
-1477
-2193
506
1000
274
609
366
-513
-1810
-2273
-2042
-1838
-1374
-652
480
1635
1205
1856
-514
-1653
-804
-2641
-304
754
1958
1483
305
1118
1020
1322
1094
820
549
-13
-743
-1358
315
76
346
359
-1082
-787
-191
-708
-584
-871
-2903
-1704
-3719
-2936
-1237
-2226
-353
-831
-1388
-1665
-2077
-1927
-1570
-1371
-1093
293
201
887
2118
554
429
598
-1158
-1178
46
-2175
-857
-209
-786
-1006
-2007
159
-1064
-886
-1880
-1092
-87
-2066
-844
-1342
-1287
-562
-430
-645
-638
1949
1793
1323
3343
2919
2266
2710
2295
2612
4136
3385
2294
1119
1385
236
-658
461
614
1135
1182
524
582
2155
1927
176
1090
2711
2186
2350
577
829
1054
-391
749
1090
461
-559
-120
225
-201
785
898
-553
1274
1941
1242
2262
2913
3096
3346
4831
3876
3540
4276
2647
2318
2077
2685
3814
1164
960
2296
1628
1024
2695
3445
3595
2726
1831
1510
107
531
-49
-578
-626
-212
-178
556
130
-1207
457
886
1069
1301
1078
1309
803
1506
1753
564
47
80
-433
-1482
-784
-639
-1622
-1744
-2473
-2344
-1408
-2019
-787
-1583
-1962
-1160
-3065
-1878
-1682
-1284
-623
-1624
-1671
-2920
-3054
-2179
-3032
-3990
-4888
-3668
-3004
-3628
-1673
-1627
-1422
-1940
-1224
-2098
-2415
-619
-1587
-1915
-950
-2319
-2326
-1884
-839
-1986
-4503
-4303
-4602
-4306
-2822
-4399
-4096
-3252
-3607
-4297
-5073
-3379
-3975
-3135
-2962
-3542
-1880
-4573
-4635
-4609
-6168
-5106
-7047
-6450
-6075
-5762
-6476
-6991
-6562
-6780
-6644
-4880
-4474
-4753
-4890
-5801
-6378
-6788
-6769
-6922
-6395
-5758
-7168
-7786
-8401
-8998
-7940
-9863
-8853
-9245
-9399
-7736
-8912
-6861
-7812
-6280
-5661
-6440
-6329
-6096
-5693
-6490
-6416
-7628
-8118
-7654
-8429
-8425
-7876
-7635
-8400
-6167
-5958
-3962
-3948
-4194
-3158
-4116
-4005
-5811
-4590
-5665
-6780
-5519
-5192
-3754
-3680
-3440
-4992
-4369
-2796
-4207
-2946
-3039
-2379
-1520
-340
-1774
-1248
-645
-1638
-331
-1768
802
473
1843
671
377
1321
846
1907
253
2200
1086
2067
4114
2177
1002
-318
598
658
1803
2750
3190
3597
2318
3190
3456
2879
3652
4964
4375
4747
6927
7628
8052
7330
7369
7524
7063
7992
9298
10069
8426
8893
8022
7794
8389
8536
9100
9410
9157
9045
9956
10584
11653
11531
11214
10464
10622
10881
12272
12379
11756
13136
12214
12097
13990
14827
15329
14829
14687
14568
14474
15581
17016
16433
16100
16215
16094
15283
16012
17231
18321
18166
17972
18483
17982
17724
16823
18301
18134
19156
18417
19917
20732
20831
22832
24050
25200
27800
32352
-32149
-29347
-26464
-25065
-21464
-18939
-14612
-11953
-10450
-7232
-5027
-1932
1467
4212
7087
10884
12589
16662
20664
24343
28524
32020
-30807
-27996
-25260
-23457
-20173
-17018
-15254
-11159
-10522
-10161
-10373
-8773
-6074
-6352
-5673
-4785
-3643
-4665
-6033
-7184
-8569
-9100
-10717
-13104
-13493
-15588
-16101
-18890
-20589
-20874
-23778
-24895
-27309
-30507
-31362
-32280
29642
27439
25007
24038
22441
20119
18489
15615
13582
11930
9089
7398
5976
4891
1017
-139
-3413
-3959
-4766
-7692
-9980
-12733
-12175
-15168
-17866
-17317
-18648
-21012
-21846
-23443
-24104
-23259
-23322
-22742
-22934
-23318
-23441
-23522
-24024
-25346
-23610
-24124
-23074
-22526
-22879
-20789
-20952
-21608
-21861
-22038
-21837
-22412
-22505
-22547
-22182
-22574
-23507
-24503
-24456
-25553
-26555
-27682
-29214
-28385
-28831
-30185
-30614
-30465
-31587
-32250
32562
30954
30494
29002
28798
28657
29418
30321
31195
30371
30352
31107
31333
30609
29442
30847
30254
28761
28569
27709
28625
28021
27143
25683
24638
23727
23974
24996
23277
23637
24036
21450
20053
19187
18715
18018
17730
17041
16670
13674
13979
12558
11908
12105
11470
11039
10589
10721
11405
11086
11426
9981
9608
9292
8466
9192
8319
9266
7523
8422
7670
8624
9042
9075
9152
9696
10162
10135
10047
10439
10549
9507
10301
10403
10378
10952
11067
11215
9841
9751
10226
10471
9969
8363
9604
9236
10117
9470
9097
10137
9775
11774
12474
12073
12755
12476
12720
12057
10698
10246
9330
11128
11717
11909
12583
11448
11969
11481
10129
10480
11608
12422
12661
13839
14734
14873
14842
13305
13583
12082
12117
11809
11302
12207
13747
14536
14389
13628
11692
10724
9578
10882
10493
9971
9873
9371
9941
7016
8893
7585
5900
5326
5332
5761
5096
5492
4507
3611
3118
1575
737
160
-437
-353
12
-499
164
-269
1060
728
-548
-578
-844
-1886
-2676
-1859
-2086
-3106
-3358
-2881
-3793
-3470
-2234
-1859
-3024
-4045
-3312
-3638
-4763
-4121
-3858
-5293
-6182
-7226
-8413
-9927
-12603
-15008
-15916
-16958
-16602
-17399
-19623
-20965
-19439
-21518
-22588
-23641
-23917
-22180
-22336
-22266
-21202
-20592
-20734
-21871
-23360
-24366
-24971
-26450
-27376
-26712
-26831
-26092
-26636
-27314
-28726
-29935
-30503
-30287
-29564
-29398
-29111
-26916
-23916
-24994
-24933
-22605
-23231
-22792
-21368
-18158
-17420
-15456
-14246
-13501
-11814
-10078
-9289
-8820
-5803
-5143
-5275
-5210
-3368
-3375
-2200
-1465
-720
-2820
-3138
-3198
-5228
-3274
-3600
-5080
-5826
-6663
-7123
-9199
-8657
-8906
-11539
-12513
-13068
-14134
-15269
-14797
-15090
-16307
-17532
-17828
-19226
-19972
-19275
-17931
-19095
-20697
-20615
-22932
-23661
-24279
-24495
-25105
-24875
-23988
-24362
-23256
-24345
-24524
-23728
-24378
-24846
-25617
-26222
-27129
-27965
-29039
-27777
-27124
-27037
-25836
-22810
-22770
-21460
-20047
-20365
-19798
-20496
-19996
-20291
-19611
-18563
-18672
-18430
-17432
-16225
-15782
-15740
-15488
-15172
-16402
-17954
-17534
-18541
-20225
-20225
-19493
-20123
-19888
-20127
-20394
-19330
-19629
-18519
-17455
-16816
-16151
-15861
-15668
-15931
-16044
-15723
-15192
-15371
-14066
-14549
-14372
-12974
-13744
-13099
-13433
-14559
-14412
-13158
-11466
-10860
-9477
-9189
-10081
-10455
-10876
-10540
-9866
-11515
-13102
-14014
-13903
-14316
-15513
-16083
-18155
-18694
-18655
-18624
-19194
-18611
-20165
-22587
-21808
-21478
-20200
-20467
-21412
-21726
-22287
-22913
-23890
-23962
-23317
-24060
-24394
-23552
-23361
-23165
-22413
-22567
-21727
-21217
-19761
-19964
-20120
-21399
-21543
-22096
-24942
-24376
-25533
-24811
-24218
-25030
-25880
-26807
-26144
-25857
-25585
-24558
-24149
-24058
-23844
-24380
-24610
-25322
-25816
-25900
-27057
-27040
-27290
-28295
-28824
-29649
-30633
-31083
-30864
-31007
-31056
-31242
-32133
-32261
32083
32185
-32503
-32259
-30149
-30069
-27644
-26539
-25427
-25698
-26898
-26244
-25358
-26070
-25774
-24667
-23972
-23437
-23193
-23288
-23986
-23514
-23519
-24305
-23595
-23431
-25074
-26941
-28492
-29125
-29242
-30358
-30975
-31002
-31909
-31276
-29669
-29732
-28592
-26346
-24254
-20665
-19281
-18121
-15992
-13981
-13676
-13808
-14022
-14905
-16350
-17611
-18468
-17945
-16129
-16153
-15669
-15087
-13828
-13461
-11509
-9667
-9266
-7110
-7591
-7222
-6098
-5596
-5949
-6508
-6709
-6551
-6342
-5837
-7049
-8344
-8802
-10568
-13702
-15908
-17167
-16945
-16574
-15854
-15161
-15375
-15476
-16427
-15070
-14925
-15893
-14716
-15103
-14022
-12497
-11121
-11124
-11142
-11965
-11131
-10151
-9864
-10709
-10442
-10007
-8761
-8150
-8592
-7532
-8362
-9988
-10694
-12479
-14243
-15533
-15742
-16975
-17279
-17085
-18479
-18402
-17797
-18209
-20253
-20659
-20920
-22806
-22862
-23374
-23064
-22669
-22797
-23158
-22915
-23523
-23856
-23414
-24520
-23846
-24011
-24113
-23001
-23852
-23691
-24811
-25864
-25236
-24533
-26474
-28279
-26889
-26651
-25793
-25606
-26739
-27418
-27173
-27527
-27207
-26403
-26997
-27428
-26022
-25414
-25766
-25352
-25114
-25891
-24548
-22579
-23243
-23921
-24581
-25639
-25115
-25728
-24697
-23587
-23850
-23557
-22504
-21278
-20305
-18788
-18936
-17910
-16335
-15287
-16060
-15443
-15157
-15752
-17250
-17392
-17103
-16883
-16668
-16363
-16044
-14601
-15647
-16674
-16622
-16774
-16833
-17659
-18527
-17743
-17785
-19753
-18985
-19664
-19023
-17823
-17581
-16595
-14920
-12835
-11993
-11977
-12481
-12867
-14750
-14735
-14056
-13475
-13424
-13067
-13084
-11552
-9062
-8324
-8089
-7826
-7666
-7766
-6596
-4786
-6053
-5775
-8207
-8972
-8953
-9927
-10140
-10170
-11309
-11857
-11025
-12156
-12785
-11078
-11840
-13605
-12560
-12399
-13947
-13125
-12475
-14618
-15178
-16187
-17099
-16820
-16385
-17814
-18444
-18289
-18515
-19887
-18916
-17940
-16585
-15714
-14508
-12967
-11144
-10979
-8417
-5356
-2605
-991
720
913
2428
3498
4639
4995
5657
5628
4588
5187
5470
3896
3416
3096
5769
7046
7934
9415
8452
9968
9922
8960
9946
10309
9615
10205
10856
9306
9235
10094
10018
9551
8606
7083
6570
6089
6288
6397
5808
4803
4674
5816
6431
7659
9717
7769
6933
6031
5218
5119
3862
4124
3226
2344
1314
1731
2523
2317
3383
5947
6326
6734
7965
9214
10470
11551
12532
14379
14850
16430
14241
14310
13501
12312
12299
10996
8418
5548
5139
5725
6235
4271
2446
1732
356
-1410
-1180
-2921
-4112
-3388
-4304
-6383
-7659
-8658
-8588
-9504
-10896
-11157
-11710
-12612
-14303
-15093
-15678
-16443
-17437
-16340
-16165
-15690
-14716
-13130
-9748
-7170
-7065
-4738
-2779
-2134
-1062
871
973
-66
303
3083
3405
4222
4647
2851
690
937
242
-1498
-1075
-2523
-5780
-6805
-7943
-9317
-10687
-10999
-11367
-9668
-8312
-8627
-9888
-7108
-7016
-6649
-5606
-5423
-3808
-3304
-3565
-2982
-2504
-2392
-1508
-1877
-2557
-2434
-646
-1384
-2689
-3207
-4991
-6586
-7826
-8974
-9444
-8744
-10254
-10544
-9522
-9488
-8228
-6756
-6603
-5318
-4710
-4184
-1984
-401
-465
102
885
798
1260
2327
2953
-413
76
-520
-1499
-3022
-5507
-8336
-8243
-8079
-8586
-8996
-9880
-12755
-11930
-11388
-12189
-11141
-11211
-13315
-13170
-14232
-16324
-15752
-15567
-15594
-15122
-14274
-12816
-11843
-11350
-12191
-12091
-13290
-14052
-14115
-15049
-14532
-15147
-15424
-17141
-17737
-17746
-19436
-19803
-20554
-21559
-22567
-20191
-18303
-16031
-13839
-11682
-9532
-7008
-4333
-760
3391
4405
7929
9937
9604
10474
11742
11748
10108
12426
11302
7905
5749
7987
10930
10756
14427
17464
18780
20786
19612
15210
13803
11768
5551
4087
2645
-1280
-2433
-5928
-7249
-8734
-10400
-13938
-14312
-14162
-14348
-17169
-19750
-19558
-20232
-21770
-21514
-20972
-21526
-21203
-21825
-20085
-19620
-16910
-13592
-11730
-10364
-8687
-6685
-8022
-6576
-4841
-8471
-10899
-13082
-17391
-20287
-20135
-22220
-21710
-20904
-18565
-16451
-16054
-13223
-13738
-14151
-13662
-10660
-11111
-8646
-3769
-504
2141
3180
2171
3107
3534
3480
3206
3972
4427
1690
-343
497
-1345
-1354
1881
1800
2435
1696
1275
330
-787
-2710
-4616
-5605
-2883
-221
1802
4285
10360
11266
12979
16683
20501
24672
25452
22272
20334
19254
16854
14830
15792
19624
26433
29311
29563
26803
24477
24801
26404
25832
25052
27086
26746
28952
32507
-31643
-29338
-27696
-24618
-23310
-24119
-24768
-22466
-20416
-22203
-20813
-20280
-21107
-24043
-24373
-25481
-27177
-27990
-28582
-31124
-31338
31034
30609
28738
29064
31408
31941
31126
31641
30623
30373
30036
28225
25788
23279
23981
19999
20157
21411
19312
18819
18342
15395
15778
17286
15151
15282
16438
15905
13088
9572
6031
5767
4609
2156
5165
6565
7121
6204
8910
12543
15835
20038
19112
16762
17413
15889
15523
16965
17457
19611
22679
24696
27990
31599
-30285
-29194
-27792
-26146
-23213
-22424
-23455
-24909
-25442
-22288
-21807
-17618
-13041
-6245
-1216
90
-2333
192
1797
494
-1540
-3431
-5240
-5208
-6901
-10034
-15338
-17667
-19351
-16507
-12310
-10483
-9223
-7891
-6494
-6377
-4903
-6725
-4738
-3924
-5117
-1990
-438
-3234
-5575
-5819
-8470
-11541
-16455
-19044
-22253
-24602
-25163
-28722
-31926
-32386
30634
27687
26042
24925
22428
22159
19297
18659
18290
16320
14441
12684
10608
9054
8061
4481
2003
1928
-96
-3177
-3641
-5722
-5012
-3028
-225
4524
7613
10031
13812
16214
14840
18243
20865
19462
18624
16487
15433
13748
13053
12376
11828
13928
15971
16784
19864
21871
24171
25968
27905
28031
31167
28619
25067
23089
18932
12933
8926
6396
4001
2785
1623
-872
-244
1662
562
-901
985
2687
4390
7351
7132
10436
11612
10038
11831
12065
9495
9170
6973
4269
4182
4447
2423
-204
-2367
-5673
-8138
-9352
-9705
-9838
-9022
-6862
-3948
-1622
3118
5597
5035
5860
5048
1293
-1951
-5055
-9460
-11449
-13416
-14248
-14986
-17465
-18540
-20010
-23091
-24758
-22090
-20345
-18235
-15097
-15265
-14317
-10879
-10053
-8063
-6880
-8420
-11607
-12932
-15239
-18682
-19937
-20492
-20793
-22320
-22761
-23310
-25171
-25917
-28030
-29044
-31539
31518
29762
30307
29503
30396
32257
-30705
-28998
-29193
-28163
-24688
-21768
-19540
-13443
-5692
1882
5206
5228
5018
2335
-989
-3478
-2727
-5246
-4774
-3023
-2498
-2452
-902
-4946
-8474
-8016
-10584
-10835
-8565
-5222
1786
14983
24302
29976
-31013
-30034
-31253
-29918
-27202
-25492
-23717
-20827
-20315
-20236
-21406
-23245
-23371
-24821
-25811
-26774
-25461
-27596
-26600
-27475
-29629
-29601
-29767
-30211
32332
29134
26746
24289
18839
17459
15340
12006
10356
9650
8727
9655
9120
8889
9636
8683
8996
12012
13009
12117
12575
11012
8160
6253
4244
3049
1796
4613
3734
4235
6846
8625
8609
9197
7359
6027
4313
-88
-761
-838
-1443
-3994
-6058
-9079
-9944
-9830
-15254
-17621
-16663
-17074
-18229
-17685
-16712
-12970
-13686
-13614
-11626
-8762
-7914
-5370
-3833
-1873
4128
8674
12144
16784
20977
24011
22999
24437
26464
29357
32025
-30382
-26783
-21794
-17294
-14139
-12656
-13042
-13070
-13765
-16483
-16025
-17939
-18115
-16265
-19262
-22371
-25468
-28126
-29468
-30803
-30916
-29748
-29757
32392
29868
28992
25723
25198
21591
16981
14488
10668
4296
-666
-5549
-8762
-13017
-16983
-17797
-20848
-24611
-26229
-28379
-29579
-27823
-29221
-27733
-24813
-23453
-21005
-19966
-19065
-17482
-18237
-20464
-21616
-22662
-22009
-20407
-18259
-15916
-13717
-11415
-11948
-8368
-5318
-2888
838
-2239
-8148
-13075
-11497
-8784
-569
8910
15645
24075
30566
-31594
-26822
-24726
-28007
-31701
32246
30660
27833
29079
32146
-32002
-29320
-31377
31992
31883
28148
24572
19399
15874
9684
3333
-1607
-8213
-11924
-16044
-16059
-14613
-11052
-6843
-3987
-71
3792
3978
3187
-1027
-4138
-5869
-8661
-9501
-6120
-9038
-14809
-17761
-20673
-25760
-30599
29652
28063
-29864
-17549
-4548
7437
19427
27031
-31904
30368
18125
3711
-15519
-20932
-10082
2364
9660
11013
8241
9881
13992
17395
23716
28669
32674
-28760
-25935
-21460
-15309
-10413
-10879
-12807
-13233
-17030
-20102
-23033
-29257
-30128
-30138
-31541
-31438
-28668
-27050
-29047
-31373
-32302
29807
26968
23838
20167
16357
12556
6339
4462
1916
-2802
-5861
-9011
-10087
-13212
-14118
-15430
-17629
-17714
-20115
-21345
-19279
-16489
-15938
-17074
-17620
-21530
-24394
-27191
-28439
-25767
-25731
-29802
-29722
-30118
-32303
31978
32672
32160
31827
-30566
-31294
-30509
-31606
-32482
32025
32217
27806
25106
25894
23381
20332
20680
19962
18836
17566
19205
20365
22277
23700
24698
24875
24540
26525
26582
27045
26106
24533
22687
22587
23759
22362
21814
23375
24404
26924
31819
-32726
-32118
-31409
-31932
30805
29623
24790
20789
17737
12831
8327
4710
-2406
-9248
-14686
-15559
-15795
-13278
-10281
-8119
-4071
1623
9098
16967
19978
21686
23054
23598
25160
26524
26647
27491
29543
30405
29884
29784
28049
28882
29067
28403
-326
238
-941
-1876
-3250
-1683
-2050
-1745
-1175
-367
-803
-336
-746
-3087
-2040
-761
-1853
-2405
-128
-142
-13
-1506
-588
1004
1885
511
1511
953
425
3014
3198
3785
7164
6500
3470
2154
3184
2425
2700
2182
1869
2605
2156
575
1036
116
314
1045
423
-364
845
1011
696
1372
2171
2063
470
1258
1230
1620
1884
1253
1757
2145
1203
2508
404
411
282
195
174
1164
483
1165
1725
676
1777
1391
-409
-698
699
-1971
205
-19
417
-46
573
-588
1330
939
1524
1074
-16
-1170
-757
-81
340
1721
986
217
29
-186
-1488
-901
-1756
-1214
-260
1258
185
1750
1412
-677
-1419
-2899
-3616
-2847
-2743
-3366
-1283
-2743
-1475
-594
-1726
-3425
-959
-1268
155
1405
1160
349
935
-790
-1612
30
-480
-927
370
-1672
-918
863
1007
1045
2352
1956
2041
3460
2302
3147
4326
2072
2208
3713
2825
1531
2885
1894
111
1682
258
1500
1267
2123
2320
3747
3756
4275
5306
4990
4508
6844
5760
5193
5085
5000
4749
4775
4384
3728
3840
3167
3455
1872
1051
895
3560
3390
2576
2830
2761
2653
3941
3291
2072
2760
3966
4069
4192
3582
3038
4676
1572
2194
1778
1429
554
5289
4967
4582
5464
5600
4956
6353
4604
3908
5066
5178
4602
4817
4421
4508
4462
3407
2595
3035
3905
2986
3779
3358
3915
3606
3634
5289
6411
5893
6389
6466
6139
6275
5913
3556
4523
4607
1980
1796
1831
3283
4488
4580
3988
4473
4230
4397
4775
5976
5348
5118
5139
5197
4500
4779
4794
5754
4041
3745
4199
3986
3302
2800
1883
1796
3124
3776
5175
6165
6732
5085
4293
3988
4020
3432
4459
3607
3056
3170
3323
2955
3198
2948
2270
1489
1647
2103
3870
2982
4127
5579
6458
7530
7293
5846
5275
6186
4575
4545
4567
4656
2308
1045
-98
624
1319
808
-342
1650
1572
4398
5143
3892
3954
1883
391
-382
679
51
1999
177
-2603
-1495
-471
-2499
-697
-21
-1419
789
1366
550
3102
2859
403
142
-1059
-2172
-1872
-1238
-1787
-248
-371
-1848
-1056
-1290
-2506
-3322
-1401
-2331
-2059
-2617
-2681
-958
-1172
-1940
-1512
-838
396
609
670
-1343
-152
-75
-2500
-2730
-2232
-1887
-2237
-1600
-1301
-202
-68
-1692
-1751
230
-77
-470
658
1793
1965
1443
-1376
-612
-91
1124
758
29
-747
-651
-2821
-2719
-2977
-2032
-3816
-1796
-520
13
793
1660
922
2824
3710
1766
2170
2660
4066
4739
4183
4064
4510
3701
3500
4598
5421
3921
3233
3356
3454
3872
5180
5939
4861
2684
1356
1422
1444
-198
46
-1295
-1220
-2399
-3357
-4270
-4521
-3188
-1093
-1094
-723
1216
1051
2516
1935
1962
1832
1523
-562
-179
638
1833
1642
925
1451
518
89
-2766
-1969
-1844
-2563
-4771
-2942
-2700
-3140
-1903
-1453
-2185
-2873
-3844
-5602
-3318
-1205
-379
513
-1518
-940
153
355
-1454
393
-136
1488
3007
4359
3360
5381
4233
4217
5122
5067
3850
2835
5220
4206
5113
3492
3324
1852
2557
1245
1628
2728
3758
5308
4528
4646
6099
6558
5417
5419
4243
3138
2597
2327
2801
3439
3985
3886
4121
4100
4417
3289
2025
4006
5123
5265
3786
5005
4734
5362
4475
4238
3016
2762
1368
1021
41
1539
2959
1673
1349
2063
2171
-388
722
2740
2394
1358
1617
1443
3157
3843
2725
1107
2779
2973
1557
389
136
1410
2697
1929
3086
3467
5178
4146
5055
6527
6516
6366
5493
3408
4329
6086
5274
2586
2484
2962
3160
3359
2931
3893
4732
3933
810
3077
3598
1188
2656
4228
3883
3515
4840
2283
3693
2816
744
-1210
-308
-262
1164
200
214
1163
1555
624
244
-154
-115
1496
1633
1160
2046
2214
-548
-96
300
564
-819
-985
1433
1282
479
-63
540
226
345
384
-1467
-417
-1898
-775
-865
1115
1041
30
-289
-326
238
-941
-1876
-3250
-1683
-2050
-1745
-1175
-367
-803
-336
-746
-3087
-2040
-761
-1853
-2405
-128
-142
-13
-1506
-588
1004
1885
511
1511
953
425
3014
3198
3785
7164
6500
3470
2154
3184
2425
2700
2182
1869
2605
2156
575
1036
116
314
1045
423
-364
845
1011
696
1372
2171
2063
470
1258
1230
1620
1884
1253
1757
2145
1691
1504
2898
4398
4453
3970
4311
4441
4772
3667
4764
5194
5556
4716
3486
2617
3628
3975
3483
2229
1843
406
119
653
1411
2675
3183
2800
2531
1668
2089
1339
638
1440
1169
-246
-1061
357
882
1331
-153
-1530
-1892
-890
34
452
4
-832
-271
215
-184
-1370
-1220
-3051
-1419
543
816
811
-692
-1653
-3116
-1112
-1545
-1531
-3948
-3276
-3067
-3105
-3243
-3012
-1218
-1181
-1706
-1752
494
80
1121
-776
-466
-1255
-1387
-3144
-1792
-84
-538
-1219
-1052
612
-775
-197
-1688
-700
-1348
-1103
-2188
-1289
-818
-728
-103
-2364
-2775
-2431
-3106
-3561
-532
262
198
-1402
-665
751
1131
1376
1197
1804
2224
2149
1547
1562
1365
1631
1398
1311
2006
2766
2625
1145
2059
2700
2357
1925
1586
2652
3268
3016
2445
3876
4597
4854
4092
4743
6345
7338
4550
3514
4471
3859
2816
2786
3751
3970
3565
3545
4427
3924
4487
4551
1916
2038
2819
1023
-393
1788
1671
1623
1068
2461
2400
2349
-426
-931
-468
84
459
-384
-210
764
1651
141
1558
1911
1659
-869
5
795
1090
407
419
1689
2416
3389
2956
3343
2014
2411
1300
66
724
1199
1535
2985
3486
1817
1927
500
667
1519
2761
3209
920
635
2186
2814
1001
1841
2630
1631
1686
717
1188
3904
4326
3539
3216
3481
2466
2020
1797
3133
4451
2751
3292
3809
3140
1354
1737
530
180
-5
-1367
-1318
1123
1851
236
218
918
461
-1823
-1003
2749
4595
2834
1769
1361
475
456
1023
1194
1272
523
434
1206
1345
156
285
1164
2777
2479
3125
3532
3949
4356
4476
2271
1574
411
-1116
-576
498
584
75
693
779
1802
1902
1314
2679
3886
4515
3981
4799
4311
3305
4716
4990
2069
898
1558
2898
2261
1052
-238
-431
1283
2400
2432
2612
2621
2501
2863
2261
1678
2221
1427
2805
3184
2746
1972
741
1181
1122
906
452
-513
-433
347
-922
-2042
-692
-860
-1370
1007
1167
417
703
750
1219
2369
-737
-3284
-2696
-2458
-2164
-1836
-3550
-4344
-2981
-2222
-601
-538
-608
-565
-428
-1530
-2117
-2688
-2548
-1623
-389
-188
-528
-480
-3143
-2781
-1103
-469
-2145
-2894
-2889
-2037
-1470
-1799
-1063
-1116
-3189
-2568
-1833
-3644
-2904
-1534
-1397
-941
-970
-1625
-1304
-151
-1175
-1942
-2267
-2514
-2840
-3074
-2589
-904
-371
939
-671
-1361
-800
-2006
-96
604
756
785
-48
-326
212
-389
-1132
-1245
-1173
-649
1459
2425
452
436
137
-1394
-1828
-2351
-3237
-3326
-1048
-1483
-1690
-1274
-1403
-1376
-1730
-2208
-2569
-1964
-48
-965
-855
788
781
-29
969
2222
1515
1045
427
657
2310
2426
1517
1336
2108
1893
1288
806
481
158
99
724
1494
1146
2572
2488
2172
2112
1158
455
-308
-756
-492
403
266
10
854
1661
1453
1799
3812
4366
3906
3699
4593
5598
5717
5335
4675
5551
4897
3491
3725
4652
3844
4221
3645
2832
2113
2705
2138
856
1774
1548
1969
1578
1748
931
2101
2816
3940
4015
2741
2385
4018
3970
2418
3450
3491
1811
1644
1547
750
1966
1810
1070
1134
2721
2232
3636
3577
1792
-99
204
1495
2802
4548
2575
-105
-634
374
-1087
-2521
-1947
-463
396
753
1044
1867
1460
598
204
723
534
2278
2479
1669
2792
4002
3597
4091
4042
4043
3297
4034
3288
3087
3049
3115
2450
2521
2407
3837
4614
4052
3529
4057
3888
2023
2577
3140
1947
1645
2086
1753
-34
348
554
441
865
-67
-618
964
147
454
3193
3448
1944
1687
2993
3758
3869
3344
3504
2163
2009
1594
517
331
904
933
1488
-211
195
1785
476
-199
-671
-290
179
-121
425
-87
-145
-591
-86
76
-328
-1463
-3922
-2685
-530
-287
-465
-1486
-1635
-2031
-3457
-3052
-2169
-2326
-2219
-1351
-1160
-864
-1705
-2474
-1944
-1344
-2443
-2465
-1629
-1494
-1278
-2441
-1337
-928
-934
-734
-328
-1489
-2292
-1643
-1297
-1921
-1240
-2066
-1007
-2287
-1822
-1005
320
496
1688
2247
2384
3177
2465
2104
2849
1305
802
1510
1654
801
1744
1193
1399
1930
1633
2003
1835
2157
3364
1752
51
530
1711
598
-1933
-530
851
-171
-187
353
117
10
722
799
1442
1209
1847
499
-236
207
-1636
-2327
-715
-710
-2218
-2471
-3269
-3649
-2735
-3560
-5666
-4494
-2325
-2520
-2929
-2347
-2170
-2541
-2837
-1424
-2316
-2445
-2147
-1627
771
181
-712
-515
-20
-167
-653
-421
-919
-933
-2077
-363
1324
1710
901
1037
143
305
653
-176
84
1070
1720
394
847
185
-152
179
627
323
644
938
1119
3056
2127
696
-821
-377
377
1393
511
-1128
-2318
-1549
-718
-694
-1701
-2021
562
2219
2109
1001
1746
2367
3044
3884
4606
4617
3015
4073
4705
5412
3697
2953
1882
1539
1085
336
381
-628
711
-143
-2172
-2971
-1710
-1057
184
1086
826
722
1621
2605
2200
1185
-441
-317
-1474
-2003
-3043
-2978
-2850
-2392
-907
-1858
-2835
-1551
-768
-364
1604
1275
1203
2384
3677
2738
1726
-354
-1788
-2682
-1963
-2116
-3522
-2704
-2457
-2875
-3529
-3943
-4198
-3963
-3561
-3070
-2119
-1902
-2362
-1631
-1167
844
393
-132
-106
2084
1927
776
2033
3013
3254
2363
1446
1772
1687
835
729
1689
2386
1814
1020
1694
1943
546
1003
855
1297
1351
1598
102
394
603
1022
1435
1650
3146
3137
3375
3789
3334
3617
4570
3293
3279
3119
3091
2868
2878
3642
2322
1925
1387
1144
849
2434
2504
1545
2026
3323
3054
2930
1708
1167
2050
1638
1200
2902
3156
2644
3157
4734
3059
2939
3433
2735
1132
2539
2932
2308
1263
1842
2030
1446
1107
66
727
-36
852
-1088
35
788
361
-442
-32
347
767
2155
2009
1553
2155
1517
303
2368
1227
-397
-498
1534
447
717
145
194
1357
1431
2687
2899
4300
3120
2422
2344
2660
2365
2125
1486
2196
2051
24
-163
-212
1085
1842
1396
1265
481
636
98
1136
758
374
1104
160
-288
-89
727
-792
-89
-744
-46
1948
1753
2206
1372
1051
-1438
-1644
-2336
-4169
-2454
-2419
-3242
-3891
-4467
-4609
-4787
-3380
-3232
-3217
-3446
-2373
-2436
-3072
-4433
-3627
-3411
-3298
-3350
-2680
-2302
-3385
-2208
-2328
-3190
-3644
-3193
-3959
-4076
-4518
-5394
-5232
-4993
-5080
-5242
-5430
-6004
-6617
-5417
-4949
-4066
-4354
-4035
-3878
-4421
-4936
-6009
-4612
-6160
-5512
-3360
-2583
-2807
-3547
-4695
-4714
-3901
-3551
-1737
-1549
-176
725
911
-9
1676
2359
2178
1126
2221
1216
1168
1840
533
101
208
604
-515
-297
-444
-1677
-2843
-1728
-2139
-3170
-2452
-2812
-1866
-622
-1232
-1602
607
-96
-1306
-584
-271
-625
-440
-1936
-2933
-2615
-1103
-1495
-1779
-1259
-937
-1157
-1839
-2957
-3647
-838
-1346
-824
733
14
-1081
-1721
-2324
-3514
-2213
-2682
-2740
-2950
-1845
-3635
-3857
-4433
-2699
-2726
-1593
-1315
-209
-954
-568
689
1874
1477
831
933
301
-606
1215
37
739
342
366
1575
2904
3178
1715
3157
962
2142
2623
1866
1745
1909
2622
2315
2717
2887
1904
1376
1544
1680
1543
2600
1104
2296
2082
2523
728
981
903
2475
2525
2803
2510
2929
2637
3299
2764
752
1172
2136
1130
414
1032
-387
-1370
-287
1189
1270
-1628
-1283
111
862
2334
2482
2588
3102
4177
4450
4190
4782
3816
3319
2186
3478
3094
2625
2256
3139
4572
3373
2917
3546
5323
4758
5062
7232
6281
4577
3840
3342
1307
1070
825
374
-1114
-1456
368
692
1140
1349
2161
829
375
2281
1095
653
644
621
-591
-42
-23
-243
1027
448
520
-168
-179
-478
-472
-862
-59
-260
-108
495
623
861
-31
209
936
512
-138
173
505
682
-158
-358
-1144
378
1198
1760
2313
12
-917
-263
110
1578
2473
2302
2218
3025
2273
460
-359
-1194
-1525
-2941
-3303
-2138
-2159
-1107
-533
-317
-1441
-1206
-847
1333
1752
2021
408
719
1782
1062
-765
-1477
-1320
-1661
-1148
395
1791
2627
1973
1953
2298
1308
1142
2401
1936
1563
911
172
555
1778
1045
-222
1104
-302
243
-1401
-1313
-429
336
-898
1074
1748
893
1381
1898
1000
184
1293
857
1610
1712
1533
1935
1185
14
930
1476
1881
873
1415
1430
-185
1124
1725
1075
38
-607
315
120
-917
-1151
-1596
-2866
-2305
121
-67
-714
51
298
1863
1485
893
629
-559
-549
-1004
-957
-101
-705
-1118
-619
195
-751
-1856
-1695
-2193
-2276
-2356
-2888
-2034
-3439
-3827
-3013
-3117
-2611
-3609
-3742
-3959
-1459
-1258
-941
1588
1119
1822
1743
1413
1463
1399
2533
1713
-48
-654
-407
-490
-260
720
1757
739
831
233
-13
-706
-748
-942
-1753
-1544
-1870
-2525
-2999
-1945
-2843
-3795
-4325
-3613
-3482
-3710
-2013
-593
-997
-2405
-3083
-1518
-2027
-1502
-884
-1334
-1532
-1512
-1410
-792
-236
-405
-957
-102
-66
-503
179
695
73
-303
-735
-54
548
143
244
1574
1159
-76
430
995
725
-25
-1186
-336
-853
-979
-708
-1967
-1563
-1629
-522
-299
499
568
810
1887
2624
2699
2775
2516
3138
1794
1455
347
1282
2182
391
604
2762
2785
2136
1262
1621
-23
-12
-435
-816
-145
-327
1221
1096
1239
-531
-1564
-547
-229
1434
522
1175
1516
564
913
-315
439
768
1204
567
1173
3399
1632
2040
2662
2861
2400
2175
2949
2515
3972
3749
2817
1589
1170
332
1512
2546
1796
1652
658
-161
1060
1009
279
141
1770
2659
1324
902
1854
1648
489
1207
1741
3172
3439
2618
2619
2440
2773
3122
2419
1639
1504
925
600
2040
1769
1421
1373
1205
478
803
1934
-741
-1554
-2023
-3136
-1947
-704
-1664
-438
507
-652
-1743
77
666
394
708
1932
2383
1192
1234
-56
875
2354
980
1666
1966
1581
2181
3540
3755
3974
4170
3264
4720
2872
3176
3542
4071
2785
-413
523
991
225
2258
1710
1723
142
-39
-40
422
-1263
-1133
-99
412
-47
-139
-1058
224
-907
-546
-110
-400
-36
304
641
1425
1365
898
217
-749
-554
-74
-1192
220
353
-34
-1142
-1876
-446
-513
-78
-239
-934
-2162
-1727
-2314
-3284
-3094
-3391
-2831
-4378
-3960
-3669
-2200
-1880
-2960
-2849
-3184
-2474
-3135
-3292
-3651
-3019
-4338
-4508
-4358
-3122
-2442
-1369
-1279
-284
-1611
-2801
-1741
-2849
-2357
-590
-2217
-3154
-3321
-3459
-3839
-3595
-2538
-1536
-1675
-2690
-3016
-2633
-2087
-2093
-3058
-3395
-4954
-5242
-6058
-5066
-5107
-4091
-4033
-4681
-3720
-3534
-2668
-2860
-3164
-1606
-1552
-1636
-1274
-1399
-863
-142
-243
-277
-821
212
1070
533
-480
33
48
21
-891
-1153
491
1863
2956
2074
2000
1880
1142
871
569
2217
3148
1452
1464
713
843
207
777
-13
140
-729
-199
1625
1561
-202
-730
-2403
-1727
-2668
-2094
-1162
-476
-529
-1593
-2691
-3911
-2789
-2913
-2527
-1948
-1884
-1096
-1078
-1280
-1620
-558
-521
-1432
-1462
-2245
-2221
-3128
-3425
-2588
-2541
-2013
-2580
-1646
-2494
-2383
-2765
-826
-835
-2125
-1620
-1511
-448
-476
769
1297
2143
2655
2398
1804
2305
2331
1065
1079
-798
-289
-245
1128
2425
2772
2923
3145
2932
3246
4157
5145
4640
1967
2646
3889
4352
3154
3859
4060
4531
3719
4047
3872
3512
4318
3884
3338
5582
5194
4340
4505
3125
3874
2822
1962
735
92
395
282
1075
216
393
-822
-1301
-1943
-1856
-681
-275
961
1801
279
-599
-461
-16
-52
-632
-710
-1837
-611
-953
-709
1329
1451
2033
-715
-936
-966
322
1229
297
511
-196
-691
763
1726
2546
1365
1745
2413
1581
2601
2732
2287
1006
879
2428
637
1434
1513
1870
2244
3108
3789
3250
4492
5102
3590
3570
1830
2086
1578
1729
3835
3786
5922
5311
5970
5219
4763
5457
4713
5201
4538
3255
2680
1476
2282
1550
1449
1809
324
996
604
997
1664
900
881
1008
1321
-590
30
-88
-577
-682
-995
-578
-176
347
1457
1466
387
28
400
1086
-433
711
645
-53
-457
112
599
472
44
-1871
-2068
-2458
-2092
-1726
-1612
-1090
-2741
-1590
-1381
-1135
-1983
-2868
-2806
-3874
-4690
-3730
-2033
-1280
-1555
-1448
-2078
-2059
-2728
-2679
-2373
-1436
-1067
-1665
-1235
-1453
-1183
-1629
-1383
-758
-1882
-2676
-537
1251
-344
-561
-1478
-1737
-2430
-2168
-3685
-3144
-1010
-1239
-1159
-835
1047
1345
-53
-465
-624
-1174
-1606
-1117
616
442
-243
451
-746
-583
-230
1007
189
79
1420
277
477
397
18
-230
166
453
-96
-255
272
368
665
306
1277
483
-845
332
-1198
-1478
-1703
127
267
18
1354
1410
1344
398
938
3287
2986
1253
1635
1463
878
810
1462
1374
1329
656
415
900
844
1672
1412
820
1212
2356
2204
1978
2148
2040
1347
885
1160
1174
516
94
-1165
-1717
-2737
-3888
-5010
-4282
-3334
-2891
-3422
-4822
-4084
-3285
-4434
-6345
-6491
-5917
-5644
-4803
-6128
-6265
-3836
-5049
-4947
-4371
-3100
-4695
-5581
-6320
-5974
-3723
-3502
-2130
-2419
-1886
-3193
-3206
-2560
-5150
-5463
-4740
-3737
-4290
-4861
-3996
-2285
-3952
-5896
-3651
-5146
-5647
-5334
-5654
-3401
-3036
-5829
-6281
-4811
-6598
-7108
-7402
-7514
-4519
-3550
-2193
-3538
-1863
-545
-1484
-1081
-1665
272
-285
-892
-858
-753
360
-1329
-1831
-1410
-591
-277
-705
410
1384
1118
33
-1608
-569
-275
-725
-981
449
106
-618
-909
-516
-1017
-738
144
-1185
337
0
-1142
-2374
-1626
-2755
-2440
-1623
-1613
-652
-1392
-660
432
482
289
-574
-1176
-1615
501
1411
1794
2631
3082
3606
2864
163
-55
1665
2398
1632
2980
4853
5333
4837
5087
5170
4291
5430
4765
4114
5192
4690
4360
4756
5404
4957
5137
4498
4069
4213
4562
3501
3759
3891
5351
3996
2945
4252
3352
2864
1550
2438
3849
4372
3477
3332
3913
4794
4650
4158
4286
3920
2852
1796
1502
1378
1163
556
2525
4426
2237
1664
1187
1260
2748
2749
1258
-510
-793
-691
-1168
-1960
-2429
-3411
-3588
-5394
-5146
-4543
-3938
-4040
-3260
-2908
-3317
-3110
-3648
-4299
-3675
-3267
-2512
-1580
-1773
-1087
-938
-1459
-1012
-496
-509
-1124
-650
-631
467
2068
1255
906
1558
1191
956
1374
2274
2082
-204
-723
219
209
162
-569
728
568
1009
943
-754
-2012
-1847
-467
-387
337
242
-1669
-2289
-2537
-2928
-2298
-1591
-1947
-2236
-1275
-535
1084
2638
400
-987
-1006
-1947
-1526
37
-175
-1699
-2543
-4041
-4570
-4293
-4388
-4584
-5380
-5706
-4319
-3850
-3870
-3268
-2794
-2570
-1940
-1342
-2154
-2341
-3182
-2575
-2454
-1141
586
356
-302
-974
-373
230
-220
-323
-714
-1445
-2636
-3225
-2485
-2376
-1109
-2280
-3311
-2252
-580
-1131
-3952
-3603
-3230
-3132
-2898
-2079
-1188
-1456
-1842
-2678
-2320
-3666
-4755
-3817
-4313
-5016
-3738
-3628
-4325
-3646
-3393
-4657
-4971
-3534
-3173
-3690
-3819
-3715
-2878
-5328
-4754
-5472
-5748
-3788
-3726
-4734
-6089
-5572
-5247
-6268
-5905
-6831
-5926
-4834
-5627
-4429
-3656
-3318
-5204
-5047
-4306
-5225
-5029
-4308
-2751
-4945
-4705
-3826
-3155
-2558
-5057
-5230
-4584
-4191
-3897
-3239
-3231
-1853
-627
-317
284
-285
449
774
1572
1344
2717
2524
1136
1336
636
475
335
768
1432
956
844
1698
2487
3389
3653
3505
3061
4187
4649
4939
4784
5329
4214
2005
2248
2013
1480
-434
-206
362
-520
-667
884
1178
1984
2214
2050
2310
4038
5052
6423
7440
6361
6322
5412
4476
3681
3033
3309
3254
4350
2992
1270
456
306
781
376
569
401
489
763
659
660
1495
1148
1914
2334
2220
2856
3875
2637
1315
1041
-501
-667
791
1559
1333
1747
1264
2414
2565
1999
2914
3666
2437
2673
1531
804
1772
2228
1383
-103
-474
130
110
-284
-364
-689
21
-829
-1542
-984
-400
196
443
510
240
522
285
-614
-591
-658
-1522
-973
107
-974
443
1050
-2
766
2128
3041
2622
3384
4150
3489
2327
1778
1544
1594
-197
-891
-2261
-2928
-2651
-2676
-2797
-3374
-2441
-3755
-3214
-2669
-1350
344
151
1491
1978
239
-795
-817
-159
-474
-620
-1194
-1553
-1939
-3204
-2668
-706
-1075
-755
28
238
779
982
1447
1125
730
572
-295
-980
-1394
-1052
-1494
-1926
-2414
-2440
-2028
-2158
-838
-1120
-675
240
-1044
-200
-126
1234
1371
29
-540
198
1799
1420
1292
1341
1073
-220
-846
-46
735
310
-402
-390
-1379
-1184
-937
-1411
-1469
-1604
-1741
-1481
-1554
-1674
-2152
-3880
-3403
-3388
-3187
-2267
-2416
-2727
-3168
-2872
-1406
44
175
-87
-133
544
1281
547
-38
-148
-264
-1414
-3043
-2500
-2113
-3733
-3297
-3050
-3871
-3256
-3712
-2945
-3329
-3707
-2797
-2361
-696
-916
-80
-361
-630
-1119
-1164
-842
28
393
105
-613
-260
-467
-1664
-1327
-1337
-1189
-1344
-1185
-2131
-3335
-3908
-3399
-2470
-2851
-3065
-3960
-3984
-3412
-4066
-4469
-2947
-3105
-3369
-3235
-3376
-3829
-3574
-3994
-4274
-3698
-2875
-2436
-2695
-2382
-2172
-1876
-2551
-1636
-1038
-2405
-3351
-1991
-932
-481
-971
-2183
-2454
-2597
-2165
-2697
-3414
-4013
-4425
-3831
-2465
-1103
-1114
-397
-1341
-873
-291
-692
-726
-573
-534
-82
-105
954
678
-1039
-686
12
418
563
1123
2382
2279
1625
2192
2446
1721
778
-286
-994
-1677
-1700
-2205
-2262
-1677
-2495
-1546
-193
-380
-1378
-1361
-487
-351
-121
394
-493
647
1710
110
-987
168
175
883
1229
943
1030
52
-1858
-3364
-4137
-2842
-4308
-4008
-4050
-5089
-4608
-5428
-4632
-4175
-3303
-3786
-2853
-1228
-1277
-2514
-3454
-3577
-3498
-3144
-1795
-1460
-1296
-1684
-2013
-1776
-70
496
1067
1379
1190
1442
1838
2214
1399
1702
1418
2180
3663
3308
1797
831
860
137
1182
1749
1548
1378
1912
1509
2433
2550
2916
3156
2690
1741
3164
3508
1539
2424
4097
4232
3547
2916
2727
3248
1941
2250
3766
3905
4492
5198
6226
6891
6344
4121
3045
4398
4211
3700
2485
2631
1824
744
-258
-1155
-192
-388
-475
-1826
-2523
-2228
-1174
-499
685
2172
2108
2148
1880
2165
1694
406
843
847
1117
977
1916
2082
2203
770
-227
-1540
-2079
-615
-678
-1313
-2013
-3184
-3161
-2130
-2265
-2676
-2826
-2535
-2704
-2473
-2237
-2723
-3430
-2347
-1535
-201
371
299
1060
189
831
692
453
1716
315
-564
166
-575
-906
-1893
157
785
80
901
65
-1566
-2229
-2644
-2723
-1728
-714
-1335
-2128
-3066
-4131
-5327
-5248
-4911
-4946
-4582
-2951
-1935
-1174
-1794
-1055
-1022
-1553
-1183
-1092
-61
-51
111
-284
223
923
-315
-897
88
-646
-1035
-1834
-1700
-2061
-1525
-551
-411
-968
-710
-561
5
-1671
-3014
-2881
-3853
-3441
-3727
-4100
-4354
-3248
-3593
-2154
-2226
-2473
-2360
-2407
-1390
-2151
-2841
-3472
-4217
-2795
-2435
-2177
-2246
-2432
-2067
-2504
-4003
-5685
-5158
-5726
-5469
-4376
-3592
-4489
-5035
-4349
-3653
-3617
-4482
-3477
-2618
-1885
-2884
-1993
-586
442
-480
-148
648
-275
772
-203
-305
-249
700
956
1247
858
2412
2411
1460
1795
2064
1733
1356
690
589
-799
-575
85
86
-769
-1582
-1537
140
1475
1606
96
-692
395
62
444
911
825
1042
55
169
-736
-163
-830
-2604
-2161
-1281
-1334
-2269
-2133
-406
-642
-218
-191
356
-483
-2301
-1582
-1967
-1971
-1206
-1496
-1708
-1859
-2231
-2531
-2759
-3243
-1795
-2763
-3929
-2799
-2891
-4251
-5944
-6301
-4689
-4884
-5032
-5072
-5332
-6355
-5969
-4985
-4301
-2909
-2674
-2979
-2878
-4076
-4077
-2547
-3736
-4612
-4567
-4671
-3284
-3545
-3447
-3614
-3653
-3614
-4679
-3978
-3426
-4772
-6103
-4849
-2910
-1467
-1107
-1670
-1542
-2453
-2822
-2194
-1976
-1863
-1175
1223
929
364
-260
-1652
86
2933
3772
2746
2471
2487
2228
1582
2336
3076
3981
3187
1741
1470
1603
1682
2069
999
1201
2639
3788
5009
4495
2872
2338
1700
2024
3001
3137
2207
787
1172
610
322
857
1001
529
426
613
1453
2777
1889
-172
-242
-284
-371
-536
1
-96
428
1885
2397
3099
2910
1707
1277
2076
3003
2818
1693
1229
-204
-279
277
1050
109
-812
-1855
-1005
-313
-867
-1485
-1648
-433
340
-254
-739
-664
-1407
-1938
-2088
-376
619
-70
88
7
801
1597
1398
1839
1209
1444
2089
2742
2409
1855
657
5
844
2221
2171
1708
782
255
935
1503
1632
1203
630
1353
430
407
1545
1956
361
54
1251
1287
1665
1415
439
1779
3215
2649
1438
996
-99
-750
-505
-136
1397
2374
1691
-375
-1584
-282
411
194
1101
-757
-924
-388
-970
-1030
-1966
-1406
630
2137
3157
2964
1368
-837
201
1397
2116
3030
3000
1535
366
-499
159
677
1117
273
659
1654
2650
2266
232
301
581
1516
616
-945
-431
-1595
-1650
-2614
-2490
-1013
506
863
1185
128
1728
3346
3068
2118
2857
3956
3668
2693
996
784
1359
2281
2775
2250
903
-518
519
247
-271
1096
2134
374
-306
-17
-733
-530
304
-1428
-3056
-2347
-2527
-1483
-1184
-2941
-2593
-1309
350
-305
-731
-2233
-3715
-2494
-1617
-1319
-690
46
-713
-1744
-2218
-2246
-1839
-1727
-3972
-4298
-3611
-3670
-3844
-5575
-5233
-4592
-3943
-3809
-4525
-4605
-5688
-6374
-6805
-5707
-4740
-4425
-4296
-6047
-6248
-5398
-4912
-2931
-1336
-2317
-2423
-1963
-561
5
-2732
-2373
-1980
-2223
-3236
-3398
-4196
-5505
-5460
-6443
-5096
-3602
-3286
-4344
-5651
-5016
-3294
-2879
-2824
-3967
-5867
-5679
-3610
-2970
-3084
-2208
-1693
-921
-381
-1164
-1042
-1799
-1636
-2009
-1996
-936
70
245
46
-929
-469
-103
-93
-275
-2195
-3290
-3600
-2027
-4480
-6847
-6284
-4885
-3852
-4400
-4205
-4880
-4708
-3667
-3528
-3283
-1870
-981
-2156
-1899
-725
-495
-1034
-697
-2278
-3193
-2336
-180
-412
-1905
-2195
-1698
336
853
-754
-226
-942
-2438
-3625
-3272
-3048
-2427
-3066
-5355
-6756
-5107
-3813
-4516
-6235
-6579
-5617
-4659
-3315
-3732
-3768
-2706
-2581
-2010
-2557
-2080
-2305
-2134
-1978
-542
752
2561
1780
-230
-1090
187
684
628
537
-2211
-3649
-3023
-1956
-3841
-5486
-4092
-4255
-4246
-4511
-5379
-5912
-5431
-3999
-4495
-4704
-3378
-1808
-2003
-3532
-2913
-638
1237
1818
1065
-153
207
1903
1382
-1540
-1747
-1074
-1068
-1358
-2932
-2992
-3389
-3746
-3769
-2498
314
137
-1045
-1382
-2334
-1655
-228
912
-1014
-2725
-2168
-2361
-1389
-687
-655
411
1206
1653
1929
1576
1506
2841
2991
1292
2445
4712
5220
3554
1969
2364
4189
4823
4569
2306
1517
2514
2134
2334
384
543
1606
1535
2181
1970
1751
1790
2963
3340
2245
3185
3820
3451
3640
3308
3351
5358
5535
3871
2852
2433
2400
3209
2057
2132
2230
1708
2241
1931
2043
1248
1167
861
-301
939
254
-1328
-2879
-3769
-3711
-2908
-1597
-3786
-6012
-5547
-3273
-2957
-3610
-5183
-3849
-4605
-3630
-2208
-3034
-4189
-5231
-3729
-3909
-3954
-4604
-3265
-2636
-3695
-4596
-3317
-3520
-4375
-5276
-5953
-4904
-4975
-4121
-5673
-6709
-7690
-6645
-6748
-7437
-7254
-8555
-7452
-6114
-5541
-3319
-4279
-4090
-2621
-3528
-3334
-2490
-4420
-4394
-4221
-3385
-1583
-1795
-2920
-4778
-5002
-5134
-4146
-3713
-4919
-4677
-5399
-4141
-2826
-1129
-3974
-4637
-3990
-5983
-7975
-6551
-4888
-6775
-8876
-8575
-6291
-5847
-3492
-3594
-3575
-3743
-3190
-2417
-3557
-3610
-5744
-5761
-5439
-3883
-3351
-4490
-5593
-6541
-6898
-5931
-5162
-5383
-7278
-8841
-7366
-5479
-5935
-7028
-6709
-5785
-5638
-6571
-6597
-5437
-5105
-6090
-6119
-3857
-3547
-4755
-3490
-3471
-5846
-6084
-3455
-3368
-3154
-3963
-2414
-1788
-1139
-284
-1835
-1964
-1911
473
453
-1031
-2405
-3012
-2653
-2199
441
933
-100
-866
-420
-727
-655
1377
-197
-3063
-2011
-839
-1411
-2506
-2613
-1289
141
1065
2064
1432
634
463
-1109
-1337
-465
1156
805
793
812
-220
680
1784
-607
-2629
-3227
-542
334
484
-553
-1082
-1227
535
1518
254
-707
-2818
-3427
-3300
-990
-323
-533
-30
-476
168
-93
2643
670
212
-240
-222
648
791
181
-2019
-974
-459
58
-672
-487
-1338
-1929
-2696
-528
1083
957
743
-217
-340
-664
1591
2078
1334
827
429
1405
509
-162
-1458
1166
26
-1069
311
579
116
173
-762
-1284
2053
3688
2476
1499
265
1097
2733
4408
4477
1811
1328
2404
2666
3260
1038
-943
-1186
543
-521
-412
1087
-1225
-2387
-902
197
963
1980
1156
226
251
757
2673
3832
560
-796
-777
564
1701
-105
-3479
-2438
499
-1275
-899
-626
-2692
-3061
-1863
-927
631
4070
1650
-1234
-1166
-1820
-2391
-1230
-1928
-4411
-3875
-3084
-2104
-617
-2363
-3865
-2296
-1104
272
335
-760
-479
-63
-87
995
2098
17
-1877
-2493
-2621
-365
-971
-1200
-670
-1129
-951
2178
3276
112
121
1473
703
694
293
-823
-382
-777
-1105
-959
756
2029
1801
590
-345
2600
4405
3099
2442
1859
1353
1688
3266
1747
849
1149
3627
3525
2840
2778
3221
2711
1534
2308
3555
2678
1292
-88
-1163
1328
3366
3694
888
1410
1960
2600
1941
864
-101
-24
78
1069
1812
2797
2688
753
102
367
1228
1980
1151
-2589
-2042
-279
1186
-60
157
-3250
-3841
-3589
-1641
-981
-3076
-3561
-4317
-3820
-1725
-1534
-2039
-2318
-1230
-891
-907
-45
-538
-2935
-5598
-5247
-2413
-2187
-4136
-4145
-5045
-5002
-4075
-1623
-3694
-3995
-2757
-3897
-4121
-3104
-2569
-2249
-3822
-4652
-4239
-3532
-4210
-4101
-5204
-6361
-3349
-1516
-1893
-4462
-4245
-5785
-5264
-3269
-5255
-7708
-7852
-5066
-4863
-4699
-6606
-6495
-6090
-8067
-8330
-5415
-5090
-8377
-7413
-6767
-6162
-3610
-3407
-3873
-4856
-5081
-3179
-179
1172
-165
-1302
-4134
-3043
-1720
-3173
-6620
-7000
-5111
-4104
-2029
-2351
-3232
-3367
-4308
-4429
-3737
-2181
-3937
-5155
-5743
-5395
-2624
-4499
-6523
-5533
-5272
-5852
-6548
-5031
-6298
-6471
-7220
-4834
-3570
-3082
-3956
-4192
-5634
-5164
-3979
-3238
-2116
-4424
-4971
-4332
-2874
-536
-3521
-6016
-5030
-4324
-4834
-4955
-5482
-5414
-5578
-3616
-2009
25
-648
-1995
-3454
-3576
-1985
-3442
-2663
-1749
-1670
-3665
-1422
-123
-415
-1050
-1160
-2209
-318
-693
-959
103
248
-384
952
3162
1452
-696
-1316
-780
-806
-797
576
-670
-2672
-2569
-483
891
1211
770
467
27
-812
-1356
21
749
-879
119
1099
-158
249
1567
-1963
-2727
-293
-1358
-1018
453
-1428
-1739
-923
-853
-2186
-1289
-1512
-1297
-985
-899
-876
-970
-1265
-887
349
1265
1916
541
-1705
362
-309
1103
2227
525
-2156
-750
482
-421
1559
637
-1406
-273
463
322
3047
1937
-275
966
1157
1691
2605
1708
-89
1049
3022
2430
1486
2088
1516
1350
316
2041
3160
2321
2013
2133
2174
2960
3173
2554
1080
2298
648
718
2045
1984
1577
2149
2973
3283
4141
4201
3457
2255
3882
3697
3056
2787
3520
2191
2084
1581
3322
3750
3622
4581
5900
5881
5679
2427
1122
1433
1257
1043
1655
2521
1636
888
643
2031
1539
1747
507
204
1643
1525
1750
1440
1490
-948
-519
711
1618
514
477
720
744
63
18
1089
214
185
-1682
-1598
315
505
166
-194
-529
-1449
-1461
-1280
-1100
-715
-1234
-489
1282
-1925
-1824
-1588
-1480
-1490
-1764
-2833
-4870
-4774
-5232
-4535
-2523
-2061
-1128
-2145
-1497
-878
-789
-2565
-3847
-4276
-2788
-1138
750
754
-1666
-2949
-2411
619
1262
487
-2076
-2038
-2232
-2455
-1627
-985
-3674
-2342
-1972
-2884
-1589
-1729
-2492
-3245
-4367
-4177
-3922
-2865
-4152
-3543
-3728
-1679
-681
-2707
-4222
-3501
-4298
-5512
-4200
-2997
-1881
-3617
-4009
-3177
-1369
-1636
-2988
-4417
-5152
-1719
-803
-1363
-1394
-965
-3520
-2750
-1271
-1649
-3783
-4197
-3281
-4904
-2364
-246
-152
-1749
-2215
-2912
-2804
-796
-2446
-3309
-3896
-1059
-466
819
-656
-314
-627
-1104
657
2139
-313
-755
-657
-1918
-649
-824
-962
-2097
-1854
-1860
-1483
-2957
-2208
-2397
-2686
-1576
1209
955
-482
-1587
-4452
-2009
-194
-385
483
596
-1751
-1676
-210
-2640
-2243
-2977
-3259
-1960
-1530
-119
-717
-2964
-1842
-2342
-640
1386
-574
-163
531
-710
48
496
-948
-3591
-1198
-1150
-738
-348
-534
100
-2369
-2920
-1276
-599
-3021
-4101
-3782
-3413
-990
-1718
-2384
-4125
-5234
-3950
-1247
14
-343
-1847
-1891
-2966
338
2736
2445
855
1083
3314
3321
2981
1592
-533
133
951
1939
2676
1517
1678
1520
-1661
-935
1324
754
-224
-1217
-1041
235
2821
783
75
-401
596
1607
534
1068
686
-323
-402
337
1071
1374
521
-657
-43
1650
3637
5343
2858
-1036
-708
1419
2484
2359
2048
962
1565
1879
1072
2241
2897
1513
660
473
1587
631
-2238
-4466
-4139
-3404
-1068
-722
-834
-2638
-2731
-2646
-1712
-1096
-1415
-2926
-2447
-1456
-2148
-1829
-1613
-4276
-5582
-3640
-994
1485
1053
-1353
-1446
-718
-568
-1759
-914
-1078
-596
-1243
-461
1729
811
-526
-1686
1263
3862
3695
1205
1761
2735
1252
3097
4910
6618
5646
3618
1277
2366
4803
3372
2624
565
1107
3495
5568
4602
2789
2244
3688
4493
2743
1654
815
-219
384
-787
1041
2088
1435
-301
-545
620
2710
3235
74
-1015
336
1239
406
1516
1042
-1651
-1304
1086
28
-1242
-1129
-1333
-2734
-2236
-1036
192
-18
-1817
-780
-1352
-640
-2015
-2016
-2275
-3953
-4056
-4185
-3925
-3952
-5970
-7961
-5887
-4320
-4909
-6473
-7556
-5717
-3315
-4945
-4207
-2482
-2271
-3867
-2262
-2090
-1145
-136
-1554
-4737
-4865
-3267
-1938
-1835
-2247
-3000
-969
1488
573
-1171
-2424
-2520
-3520
-1514
-1469
-2072
-3314
-2853
-3140
-2669
-287
-1259
-1895
-1936
-3117
-3037
42
1445
-1922
-1744
-37
16
-428
404
-1912
-2546
-3226
-3780
-3060
-1426
-1759
-3093
-5113
-5730
-4847
-3839
-2925
-3022
-5062
-4850
-5146
-3556
-4702
-4159
-2890
-1730
68
257
-962
-1118
-2890
-2768
-978
-1023
-1419
-1942
-939
-2417
-1850
185
92
-742
-2584
-2768
-2628
-2366
-3440
-4572
-4235
-4625
-3910
-3910
-4731
-4748
-4293
-3394
-2472
-2022
-1707
-3045
-2676
-2797
-2394
-3524
-4412
-2362
-2144
-3705
-4071
-3175
-2245
-3437
-4643
-2364
-934
-1414
-1565
-539
-1945
-3263
-2513
-2511
-875
25
-496
-437
-1738
-2529
-1927
675
-21
-931
-1581
-138
399
-1038
-1925
-119
-120
-776
-66
-1754
-1277
-1110
-1297
-54
-447
-1868
-1669
320
20
-876
-662
-1031
-236
-3587
-3996
-2139
-1653
-2907
-4349
-1775
-667
-1799
-1175
750
-57
-2345
-2296
-1983
-2024
-1822
-2386
-1141
-518
-1393
-2231
-291
1178
-659
-3329
-2387
658
-1052
-2343
-2067
-90
310
-567
-1897
-3020
-3095
-3219
-3715
-2945
-1595
-1267
-780
-875
-1667
-2477
-2356
-622
-488
-1200
-2133
119
-848
-1013
-1030
-2060
-1664
-1300
-1805
-719
-632
-992
-316
769
94
-29
2078
1925
-472
-626
2125
3424
1781
1324
2008
2971
2939
2670
2685
4196
4124
2653
4422
5911
3127
1225
2864
3499
3502
1461
1796
3905
3594
3379
2415
4160
4899
4059
4289
4466
4637
3856
3667
3648
4482
4391
3878
4984
3693
3035
3571
2580
2685
1228
1217
1702
941
1635
767
680
2869
3895
2895
85
182
1036
1229
-1250
-1503
-743
-745
128
-1604
-1766
-2570
-3787
-2780
-2174
-181
-1743
-3681
-4137
-2299
-2954
-1998
-1626
-1598
-4286
-4966
-3480
-1824
-3824
-5013
-3518
-3932
-5291
-5292
-6329
-6347
-5762
-4748
-4411
-4041
-2229
-3559
-4447
-4792
-4248
-1987
-1748
-1192
-2583
-3618
-2721
-1933
-1410
-3460
-2974
-1837
-1182
-306
-897
-665
-1763
-2205
-1280
-582
-572
204
471
650
1849
3135
2063
3150
2993
317
808
2740
1979
533
1251
4123
2775
1229
2700
3529
2971
767
-692
137
1001
-1410
-1422
238
-504
-1884
-555
-638
-2280
-4355
-2883
-2094
-2295
-4063
-5249
-5016
-5711
-4453
-5610
-5267
-2802
-1945
-3347
-2387
-1163
-376
-2428
-2945
-2534
-4271
-3685
-1932
-3270
-5204
-4029
-1463
-610
-2537
-3520
-2970
-2704
-2158
-3212
-1785
-662
-1813
-3708
-2682
-1702
-918
-1628
-1181
-886
-1328
-1609
399
2351
-606
-2474
976
1540
844
546
1565
1926
26
540
2419
2350
889
-827
-664
1487
2125
-25
-1227
322
-783
-1417
238
1377
-772
-1816
-1372
-1712
-2711
-2118
-1487
-2419
-2047
-1177
-1280
-1234
-994
-3107
-2483
-403
302
-1874
-2844
-3178
-3947
-4868
-3994
-2368
-3527
-4622
-5052
-2481
-2244
-2537
-5052
-6023
-5578
-5234
-4794
-4747
-4654
-4264
-4305
-2476
314
-1002
-2469
-2765
-4358
-4640
-2404
-2131
-3762
-2603
-886
-874
-1343
-89
-405
-251
-573
-592
808
1223
1170
-552
-900
529
1601
559
-88
-901
-1982
-375
1349
1808
1326
514
400
-645
-521
1338
2525
1253
1838
1964
2362
4971
4015
2409
1046
1500
3203
4562
4346
3703
2075
1892
3953
4016
3373
3892
4103
3384
3254
5654
6911
4652
1807
939
615
1364
2820
1873
1903
1674
1486
2150
2719
2315
1108
2041
2445
2950
2482
1477
1470
-76
-872
399
228
563
317
308
1898
1462
1985
2730
3434
2608
2482
3161
4090
3281
658
-188
1187
66
-896
85
191
-1903
-2350
-797
1947
1850
593
97
212
44
-1537
-2909
-3715
-3646
-3457
-3142
-699
240
-1653
-2233
-1248
-1721
-1349
-2118
-774
-1889
-1584
-1566
-492
-893
-3434
-4212
-1136
326
-792
-1415
-544
-917
-828
829
737
-173
-420
1783
2126
2401
2305
653
64
-1550
-1958
-261
-124
-461
-895
-257
811
1913
1353
1714
1734
438
-740
-1262
-92
-370
-1030
-2627
-715
731
-526
-1990
-1310
-1184
-1624
-334
2050
1936
940
938
1001
-560
-2398
-1911
-1278
-962
764
1177
1181
607
-414
-725
-956
-1292
-789
-2166
-3723
-3413
-4048
-3417
-1604
-1111
-1939
-1562
-792
-513
-1361
-1397
-2431
-2103
-1214
-992
628
-257
-1922
-2039
-2581
-2737
-2534
-2927
-3316
-3464
-3667
-2737
-1702
-1128
-1581
-1045
-2392
-2010
-2859
-3075
-2022
-2216
-2724
-2059
-3062
-2800
-4144
-4245
-4714
-5240
-3620
-3089
-2134
-2247
-2315
-1700
-466
-1133
-2619
-2441
-2414
-2076
-2018
-1413
-2650
-1957
-2735
-2343
-1715
-2136
-854
361
-1940
-3276
-894
-61
-767
-1948
-2241
-225
-405
-1729
-2032
-3208
-4055
-3459
-4947
-5080
-5481
-4532
-4242
-2816
-1969
-1594
-907
-1779
-1407
-1022
-1492
-563
-672
-1455
-2127
-2132
-1762
-1264
-1374
-1574
-1795
-1766
-2654
-2025
-1487
-1570
-2310
-758
231
-1511
-1384
-243
-1108
-1248
-1844
-986
-816
-1748
-1940
-1846
-394
-898
974
689
6
1842
430
-527
532
991
2220
2704
1435
1121
524
848
1738
1340
1305
783
3193
2941
3343
2094
2421
2011
1538
481
633
3570
2097
1032
1428
751
62
-940
401
613
-707
-551
-342
-476
97
711
1930
1379
1204
433
1354
639
-2
610
383
-556
263
504
-565
-1851
-823
-1143
-1684
-1213
-715
-2085
-1903
-2171
-1416
-1556
-1191
672
1482
938
553
749
1232
1031
-409
-847
305
273
-198
-823
-521
-965
-730
1646
2698
4751
3711
4033
4399
4750
4657
5384
4810
3412
2690
1579
-479
159
434
-428
118
722
331
650
36
1557
-46
946
2179
3299
2023
2320
2243
2330
2155
3366
4527
3566
1543
-169
1679
794
-534
-271
-712
716
776
429
370
854
551
554
912
847
650
698
1124
1907
1399
98
194
912
-46
-1852
-935
600
1368
-480
78
1075
533
-1023
775
2129
2240
1195
2344
2080
3726
4081
1598
1445
1532
2060
2360
1775
979
-204
806
2000
2095
2500
3002
3747
3106
1851
2132
1393
1051
-236
-23
1083
992
1868
1733
2312
-694
-625
493
-623
-361
-1080
-2135
-2224
-2242
-1829
-1270
289
-1271
-709
810
29
-2224
-1780
-1777
-1282
-1781
-2460
-2450
-1602
-2755
-3339
-2340
-2461
-2438
-2548
-2227
-1533
-647
-1038
-541
235
-489
-55
-155
-466
-447
69
44
-1147
-1573
-1359
-2355
-2568
-3098
-4466
-5739
-4656
-4339
-3989
-3818
-2679
-1645
-570
-1023
-902
-1260
-2200
113
973
-1339
-1672
-239
228
-496
-1547
-2533
-1682
-2404
-2391
-2290
-1083
-271
-752
-779
-1284
-1261
-76
126
-76
-1316
-2727
-3025
-2472
-2141
-2767
-1961
-902
-969
-348
-517
-879
-2651
-1986
-937
-801
-87
-1
-1405
-1487
-1004
-395
-1112
-1534
-1451
-888
-3338
-3167
-3334
-3261
-2467
-2472
-2188
-1910
-1894
-479
519
-496
-630
132
1719
2563
2946
1737
62
-468
-1528
-2887
-2986
-2877
-3212
-3555
-1341
-1503
-2335
-2567
-757
-1179
-720
-964
-2364
-3359
-3594
-1643
-3486
-2683
-1311
-1179
-3039
-5023
-4073
-4320
-5448
-4134
-2088
-1597
-290
366
-987
-1482
-2054
-4784
-5301
-4970
-4682
-3410
-3877
-5401
-5622
-4631
-3332
-3708
-3436
-2982
-2599
-1926
-359
-802
-1373
-1876
-1747
-103
-337
-159
-418
-971
-521
42
128
422
389
-523
630
469
7
1294
1685
2705
3875
2522
1937
1796
2995
2216
698
1716
2186
1916
1220
-471
600
1123
-554
1193
2337
772
2656
3820
4748
5418
3624
2495
3436
4223
4435
4457
4091
4965
5612
5871
6425
5536
4713
4825
4124
3347
2635
759
2651
1475
-28
477
569
59
-366
-568
627
2147
1528
-151
-220
-1290
-811
-1113
-1783
-1897
-176
-237
-661
561
1145
879
995
955
273
1481
1230
87
-650
6
496
-1947
-2405
-2290
-2438
-2384
-3676
-2985
-1944
-2796
-3542
-769
-398
29
473
545
9
1370
598
1275
1939
45
571
635
1079
2077
914
-203
741
1302
551
1014
580
1367
-30
-821
-125
732
866
33
-133
1794
2106
93
-459
-108
-1075
-515
237
-617
-1167
-2024
-1448
-549
-2109
-4080
-4574
-3943
-4261
-4329
-2906
-2227
-1206
-1747
-1879
-856
-837
-3748
-4661
-3233
-3185
-2950
-3405
-4112
-4028
-5325
-5505
-6626
-6639
-6345
-7095
-6951
-5333
-5393
-5641
-4431
-4596
-3639
-3852
-3790
-3005
-1661
-4024
-5132
-3383
-3782
-2102
-1306
-2513
-1491
-1278
-781
-959
-1882
-1686
450
1703
194
-646
-47
786
1579
880
-698
-513
-1441
-1175
-193
1221
989
-45
1699
2015
702
1174
1332
1647
1985
271
754
1004
978
-213
-64
-692
-1395
-1611
-1276
699
800
711
-17
323
-714
-1114
822
938
366
417
-837
-692
-578
212
424
-313
-794
-259
-485
-1490
-2315
-2344
-2651
-3509
-2699
-2092
-2545
-3462
-3600
-3532
-2369
-3073
-4469
-3321
-3664
-4796
-3997
-2956
-1650
-2366
-3213
-3908
-3963
-3486
-3493
-3012
-2804
-3481
-4229
-5078
-4800
-3309
-4373
-6438
-5395
-4132
-3757
-4100
-4098
-4758
-4788
-4525
-3508
-3706
-3433
-2746
-2119
-18
-492
557
1359
589
-574
-494
310
-792
-612
-774
484
418
-877
-2111
-3159
-3194
-1421
-823
-802
-1788
-1960
-573
-904
-161
-1967
-3151
-2460
-1408
-557
-1687
-760
-1113
-768
-246
-1968
-3948
-3666
-3442
-3327
-4279
-4710
-2410
-942
-715
-1045
-2210
-1669
-1741
-1273
-2547
-480
-423
-27
-178
-409
629
686
520
1856
2182
1592
858
2187
2127
1732
1317
2284
2767
1166
252
1521
1696
918
1071
1178
1711
3218
2929
3787
3295
2741
1828
1259
2670
2552
2483
2055
1522
1386
1185
630
90
729
-645
-1390
-500
-89
1221
1039
1637
1264
2147
2453
3409
4459
3269
2239
3659
3747
3516
2829
2885
2754
2167
1726
2611
1793
295
911
282
-202
110
-730
-885
-730
-94
16
-644
1581
2224
557
-666
-733
218
-494
-1012
-421
-9
242
2349
3095
2917
3186
3484
3390
3458
3447
2919
2302
1719
1882
2067
1974
1894
1992
2398
2342
2938
1458
1017
1558
2604
2075
1802
2473
2820
2446
2236
2366
1443
2352
1779
1666
1290
2329
2364
1915
1940
2377
892
483
1939
3081
2969
2423
2943
3098
2527
1673
1112
419
-165
-631
342
1403
1113
283
145
118
533
-972
-381
1136
1699
287
-818
-503
-1519
-2788
-1929
-1494
-1602
-1232
522
506
751
1091
2170
3177
4007
3305
5268
5989
4262
4394
4293
4337
3893
3576
3247
2737
2260
1016
460
-547
-240
24
-283
-1656
-2974
-3131
-2746
-2556
-1419
-1420
-2136
-775
-354
-1946
-1983
-1091
-1680
-1822
-760
1060
733
70
-161
-854
-1746
-1086
-1995
-1434
-15
607
41
-211
-294
-1328
-1502
-1801
-1966
-3039
-3268
-3933
-3118
-5099
-6045
-5042
-3739
-2255
-2297
-3036
-2037
-1529
-315
-433
-1837
-1996
-2603
-3252
-3071
-3208
-1330
-1077
-1395
-1528
-1457
-371
532
-298
-519
1042
2216
2852
1967
-151
-2085
-3839
-3690
-3617
-2843
-2831
-3728
-3251
-3832
-3721
-3667
-3503
-3154
-2601
-2611
-3105
-2352
-761
-981
-3057
-3158
-3481
-2968
-1462
-901
-1500
-878
82
-453
-1270
-1493
-670
-1066
-1451
-996
-782
-2155
-2225
-2876
-3336
-2650
-3734
-4052
-5605
-6646
-6536
-5399
-4422
-3529
-3262
-2329
-2547
-3290
-1945
-1951
-2375
-839
-464
37
1255
1462
875
-110
-1513
-1491
-29
1445
818
1894
3026
2970
2403
3162
4033
2573
1915
1683
2266
1987
1136
1353
1715
1714
1345
1651
1340
2006
2094
2595
3317
3598
4234
4487
4520
4893
3576
3254
2862
3069
3987
3188
2285
3323
2429
1619
1389
1799
2902
2024
640
2671
2908
2094
1768
2511
1376
373
872
1740
2115
2609
3495
2993
2136
1113
1219
1019
564
1074
1478
1184
2460
3759
2161
1042
1442
1250
1740
876
133
480
888
1164
1190
-412
-2115
-1724
-2205
-2747
-2773
-1942
-2341
-4259
-4162
-3046
-3270
-3396
-1755
-619
-578
-371
-385
-105
-181
-1041
-422
131
977
675
-210
586
546
34
-294
-5
318
-591
-147
309
55
-1357
-1514
-310
-559
-1109
-1202
-529
729
-49
348
-331
356
693
-685
-1071
-512
-413
295
295
563
823
2370
2711
799
-539
-110
123
-626
544
1881
1462
1472
641
651
-54
-1489
-848
517
743
266
892
1484
1204
-420
-722
-422
-185
-119
-468
-264
-989
-320
636
-387
-271
150
-984
-1656
-916
-583
-1272
-975
-470
523
-554
-1015
-62
-362
-2218
-2087
-693
-485
150
391
485
-964
-1378
-917
-2335
-1916
-1486
-671
-2287
-3073
-3162
-3122
-3037
-3219
-2298
-1771
-849
-1372
-1249
-2032
-2610
-1304
-1635
-1915
-880
287
570
673
-362
-257
-519
-584
251
-968
-2494
-3424
-3395
-2597
-2737
-2319
-1371
-732
-1443
-1880
-2017
-2793
-998
-1979
-2672
-2171
-3111
-3045
-2726
-3588
-3973
-4313
-4033
-2568
-2270
-2502
-2422
-2993
-2504
-2952
-2758
-2159
-1999
-2144
-3231
-3008
-2764
-3035
-3851
-3487
-3196
-2208
-1606
-2642
-2441
-3444
-3648
-4484
-4806
-5236
-5337
-5065
-4429
-4587
-4874
-5193
-5100
-2901
-2376
-3689
-3031
-3895
-3679
7002
1035
4023
4581
710
3492
-2444
-6152
-8016
-7036
-10333
-10531
-9236
-15039
-15209
-11413
-8170
-3468
2964
5958
7517
14280
19112
22814
30469
-30335
-28824
-26019
-25845
-32432
26646
22100
14118
10040
3309
-4246
-12702
-13698
-16007
-16395
-15772
-16241
-14196
-11553
-16614
-16389
-14448
-16803
-19914
-24830
-30620
29280
23046
15794
9677
3790
2589
3308
8801
18425
23761
24697
24073
18736
13573
13535
12471
12493
8521
7734
2264
-2334
-7303
-10236
-11600
-14791
-20139
-25198
-25443
-27176
-26703
-21886
-19544
-20704
-21094
-23569
-23630
-22172
-23773
-24156
-23536
-22537
-22375
-23190
-24759
-24830
-27169
-27789
-31385
31319
-30224
-22692
-19001
-16546
-23182
-26412
-29194
30593
28282
30390
-30564
-16258
436
14298
23954
20787
19039
16870
11794
10328
8412
1294
-927
-1793
-2395
1078
6185
9043
7002
1035
4023
4581
710
3492
-2444
-6152
-8016
-7036
-10333
-10531
-9236
-15039
-15209
-11413
-8170
-3468
2964
5958
7517
14280
19112
22814
30469
-30335
-28824
-26019
-25845
-32432
26646
22100
14118
10040
3309
-4246
-12702
-13698
-16007
-16395
-15772
-16241
-14196
-11553
-16614
-16389
-14448
-16803
-19914
-24830
-30620
29280
23046
15794
9677
3790
2589
3308
8801
18425
23761
24697
24073
18736
11518
5500
2945
5537
11516
17281
22512
23794
25795
29022
24923
19446
16223
9545
8895
9444
9603
10929
13080
12587
11055
5426
-2593
-5320
-12809
-23681
-25473
-27419
-31205
-26100
-18250
-5202
6732
14863
19606
7825
-7829
-11372
-7265
2592
9230
15173
17920
23876
30655
29340
31774
-29986
-30365
-31233
-27787
-24520
-21465
-17493
-18667
-24965
32251
29781
-30887
-24114
-13864
-9409
-16279
-22520
-19807
-21820
-21297
-15873
-13211
-8536
-2068
1585
3788
10173
18194
19969
21240
19800
18449
20801
20047
17933
15784
8955
3145
-2523
-7808
-9464
-9467
-10689
-10994
-11913
-14124
-13805
-11142
-8655
-10186
-7655
-8334
-13746
-18529
-21861
-25875
-19903
-11907
-7955
-1164
6059
9669
14461
21743
31076
-23441
-13883
-9078
-4645
1821
4912
8337
10384
9439
10786
8597
6065
332
-6415
-16339
-21214
-23210
-23487
-21355
-22293
-20733
-24959
32631
25936
22064
18346
12252
7171
3767
870
191
1712
-1242
-5718
-7833
-12182
-14969
-13363
-13286
-15142
-14060
-18196
-22918
-27497
-28400
-29531
-27075
-25061
-24487
-24931
-27145
-32661
-32446
30338
28556
25719
22850
22091
25332
26891
29038
29884
28100
26678
23449
22515
20312
20205
19608
18617
17891
21020
27756
32038
-27096
-25085
-25374
-19523
-19019
-15178
-8934
-4425
-3454
-3252
-5866
-7349
-1364
-3435
-4957
-3645
-9240
-12186
-14565
-21253
-30534
29021
23372
23620
28498
30313
30579
-29215
-24828
-21692
-22286
-21175
-19024
-11791
-4190
561
1028
-368
-1940
-3662
-7972
-12357
-13012
-12482
-10602
-6001
-2923
715
3078
5491
8257
10736
8769
5214
4189
-4963
-12136
-14853
-20111
-22829
-26127
-26105
-25037
-25675
-27681
-29017
-32062
28241
26509
22803
19302
18236
17237
14691
14832
13947
11913
10256
9111
9435
10544
22624
-32022
-22854
-14045
-8173
-6
13359
19793
26692
32221
-32447
-31818
-28964
-27880
-27228
-22007
-21652
-20463
-17240
-18693
-17579
-17760
-18753
-22940
-25244
-25605
-24700
-23643
-20654
-21893
-21596
-22238
-27915
-31344
-31861
30928
28641
27423
21901
18476
19637
23342
31192
-23574
-17512
-13940
-10957
-9337
-9257
-13015
-17587
-22379
-24713
-26800
-27218
-29124
-31064
-31821
31885
-31563
-22699
-15494
-6519
-3931
225
4186
7562
6250
7119
7824
3462
-504
-3818
-9695
-8753
-10726
-15225
-19925
-22321
-25691
-28228
-31218
29799
25328
21835
16951
16622
16486
13432
10337
7214
3216
333
-2537
-7052
-11207
-14283
-12368
-7820
-4773
-1345
3107
6883
9209
10529
12785
10701
12478
14393
14977
14130
15232
16135
24195
-31728
-24618
-20031
-15503
-16649
-16049
-16067
-20034
-21954
-15061
-6520
-6389
-3301
3116
10335
20560
28000
26374
15564
11454
13896
17149
18227
16810
15839
11319
8569
8661
6212
3538
107
-3842
-5259
-7454
-11884
-16496
-17133
-18446
-21672
-23310
-25862
-29019
-30435
32739
30535
29921
28111
24617
21857
19405
16992
15708
14247
10843
8608
7108
6030
4084
513
-2204
-7321
-9351
-12495
-16635
-25071
30943
25818
21348
20319
26547
-32767
-30927
-24097
-19979
-19892
-18681
-18852
-20568
-22611
-27913
-31663
32443
29930
26765
24752
21549
15979
18024
20772
22348
22813
24893
28714
30677
26426
22399
18911
19235
27975
31877
26612
19583
15358
11911
10659
9908
10900
15919
20621
24142
25977
28155
29058
29646
31777
31548
31950
28734
25911
23724
22405
22131
22647
25236
25550
25033
23075
23386
26787
28827
30581
31463
-32076
-26369
-19254
-14951
-9058
-3873
-2284
-1329
-1371
-1691
6
-985
-2627
-5054
-7293
-9287
-7004
-4701
-6336
-4788
-5666
-9652
-14092
-16252
-18219
-17589
-15026
-13378
-10921
-7229
-6561
-7177
-7330
-8525
-12922
-13906
-12220
-4772
4898
13651
18368
20298
23088
24610
25385
24114
22253
22656
25053
26091
31076
-31262
-27159
-16687
-6525
-4367
-5273
-4985
-8780
-12105
-12089
-15098
-17000
-19145
-19406
-21206
-22035
-23770
-26193
-27971
-31521
30948
25360
18877
12878
6665
-118
-4915
-9984
-11103
-13235
-13830
-16249
-16828
-15932
-16476
-19006
-20751
-21450
-23187
-25319
-25255
-25040
-26217
-23627
-26097
-27175
-28548
-29478
-31668
28182
24569
23863
21734
19692
20735
20470
19209
16611
12763
14143
17695
24106
31971
-27636
-22496
-14350
-6103
1095
10595
15120
14382
9193
9362
18175
25341
28052
30279
-32469
-28069
-22828
-18416
-12606
-11547
-14110
-13282
-10194
-4113
1206
9589
15919
16816
17641
17130
13969
11793
10393
4832
-3088
-7682
-14451
-19549
-20682
-19246
-20699
-25622
31947
22084
14565
11820
8871
3277
-3
-5545
-11512
-12603
-16070
-23639
-28144
-30341
31989
31319
-31881
-31540
-31485
-31999
29187
26500
25113
21626
18724
15965
12364
8778
6899
3763
3887
4538
4645
4456
3360
2042
662
-674
-1923
-1772
-5682
-10084
-10708
-12738
-14778
-14823
-16540
-19234
-15588
-14460
-13627
-10065
-9312
-9401
-5153
-4679
-6665
-5191
-6054
-7298
-4532
-2670
-4283
-7134
-10112
-14124
-17742
-20460
-24260
-25779
-24267
-23014
-20383
-14215
-9173
-4288
-2734
-4638
-8338
-8260
-5474
2101
11136
22198
-31970
-20273
-10183
-2671
5579
13359
23100
31040
-28431
-24429
-24816
-25532
-26672
-28424
-30951
-29870
-28114
-25607
-23420
-21020
-19361
-19873
-19918
-17262
-14909
-13546
-12170
-11798
-14920
-16667
-20532
-27496
30918
24493
17246
11316
6138
2835
199
-2889
-8106
-13749
-20864
-26901
31819
25214
21704
16823
15705
16646
15621
17159
22218
27457
-31377
-25810
-22166
-16367
-10472
-5942
-2051
968
2910
2166
616
-1600
-3960
-4493
-6074
-7121
-8578
-9803
-8954
-7476
-6301
-3708
-1906
-171
2589
3952
5884
6548
6229
4920
2472
-1169
-3250
-5404
-4862
-3921
-2456
-1168
924
3714
3323
1298
-2584
-10681
-17645
-22023
-27971
31348
29656
30149
26886
25210
23661
22533
18957
16982
15636
15177
17253
18048
18706
18910
20774
20084
18379
15888
13708
12308
10021
9798
8947
8302
8073
9886
13374
14440
17145
20142
22154
21585
21153
23857
23390
24131
26443
27769
28787
27066
26841
24910
19820
11650
5735
2144
1501
3717
5948
7518
10102
10736
11335
13705
15587
17464
23214
29549
-30145
-21600
-3953
8193
8591
243
-8658
-9513
-1871
4408
10160
19630
23750
24393
27104
-31221
-19804
-3069
7909
12920
17075
18090
14556
11131
6469
2926
616
1130
2556
6353
6838
7376
8205
11528
13371
10214
7994
7060
2736
-986
-2539
-6984
-9566
-11320
-16253
-19961
-22010
-22708
-23892
-23839
-26086
-29085
30158
25544
24501
22728
18973
17430
15642
13373
13650
12195
10408
9813
10875
12861
14253
13793
15122
15842
17249
18363
17821
16523
17927
17674
17398
16800
15182
12360
10329
8993
8093
6481
4743
3348
1825
-2675
-6927
-9040
-11083
-14325
-15237
-16886
-17372
-18428
-19010
-17345
-19247
-18672
-19673
-20577
-19600
-17396
-16535
-16825
-17089
-19590
-20466
-21891
-22666
-26171
-28161
-31528
31547
31433
32244
32072
32630
-31404
-30957
-30313
-29392
-28832
-29967
32723
29629
26807
22091
17850
16930
19871
21032
26117
32225
-26786
-19029
-13477
-7433
-2561
27
1696
2705
2813
3489
3948
1176
-1830
-4490
-6950
-8868
-10720
-12299
-15582
-18098
-18843
-21703
-23501
-22481
-25549
-28135
-27022
-27741
-29399
-27786
-25765
-22273
-13799
-7957
-6726
-5256
-4363
-5640
-5474
-5697
-10274
-14732
-16437
-16540
-17067
-18020
-19025
-19603
-15031
-5632
4508
9337
10923
9044
3847
748
1356
1394
888
1601
1104
3094
5239
4277
1447
533
-2683
-956
2289
8240
15129
23326
-32366
-19700
-8986
-216
4071
150
-4312
-1976
4483
9600
14547
15780
14686
16941
21832
25522
30017
-31700
-28305
-24323
-21318
-20003
-18213
-18321
-20919
-21652
-21863
-24389
-26526
-27265
-30717
28620
26844
24274
20467
17675
15487
11893
10346
6973
3466
-1014
-5119
-9012
-14511
-18259
-21376
-22109
-25287
-28539
-32058
30087
28269
25614
23737
22198
20005
18129
15622
15784
14184
10637
5953
2603
-787
-2864
-6687
-9714
-13166
-17370
-21854
-26051
-30028
-30445
-31693
32076
27673
26522
24284
22834
22536
22125
21891
21046
21145
19726
18331
15515
13330
11960
12909
10744
8973
9310
11315
9128
7055
5318
2758
-1481
-1874
-3647
-6254
-6307
-7038
-7573
-5242
-5912
-5813
-5202
-5064
-4715
-2549
-1372
-11
862
2819
4941
5725
5341
6061
3780
2768
3229
3185
2893
3553
5802
6896
6118
5593
6267
6582
5828
4797
5144
6627
6600
7638
7295
7402
8317
8231
9236
9910
10073
11923
12239
12872
15022
14757
14778
16136
15980
14514
14587
15855
14171
15618
17262
18696
19321
22156
25868
29461
-32085
-29464
-27511
-25621
-21658
-19473
-16618
-16449
-14834
-14417
-11611
-10775
-8990
-5851
-5205
-5125
-3782
-1452
344
3221
6288
7432
8103
9572
8957
9749
8871
9200
10381
11596
10573
11534
11741
10426
10338
8939
6502
2946
-1321
-3710
-4134
-6335
-7632
-9996
-10423
-12401
-14525
-15402
-15300
-13859
-14311
-13398
-12979
-12232
-11381
-12500
-12411
-12164
-12101
-12257
-12015
-8215
-6577
-3859
-388
-620
-4071
-6254
-9809
-11201
-9564
-8421
-8503
-8140
-7943
-7829
-7162
-5544
-3889
-719
557
3451
6352
5482
5039
6087
8581
13318
16432
19069
22004
24012
23341
22223
24403
24608
24658
24588
23914
22906
23212
24566
23602
24061
25456
23771
20535
19769
20186
19032
18083
16805
14524
12657
14971
14731
15338
16960
14630
12257
9010
6701
5340
3063
1026
-2689
-4134
-6228
-6835
-7352
-7152
-5635
-5560
-5915
-6687
-8447
-10933
-11572
-13973
-17937
-22637
-25350
-25368
-22481
-15429
-10398
-5075
1065
7023
11302
14326
15526
16779
15838
15213
15179
15740
17713
20266
19976
20410
20442
21080
23091
24436
24823
24712
25186
24657
23904
22049
20398
18841
15827
12564
9370
7463
4873
3156
417
-2385
-6041
-9360
-10394
-11781
-13007
-14820
-16714
-17826
-19320
-21016
-20930
-20710
-22602
-24993
-26728
-27243
-28207
-28813
-28906
-30128
-31375
-32208
32024
31624
31124
28973
24868
20116
17690
17641
17985
19226
18441
17863
18355
18953
20140
20434
18647
14522
11810
12566
13473
16382
19307
21392
24679
27269
27864
28150
29829
31879
-32604
-30286
-27528
-24541
-20460
-18584
-18144
-17331
-17021
-16650
-16002
-15506
-13650
-11741
-11519
-12933
-13728
-16734
-18527
-18143
-17141
-18749
-21855
-24299
-25229
-23556
-20820
-20993
-21804
-21579
-20319
-19644
-15234
-10688
-9114
-7149
-6764
-6288
-5620
-4290
-5323
-8267
-10192
-12052
-14980
-15598
-16737
-18530
-17235
-16097
-16280
-15888
-14443
-14303
-13412
-14783
-14187
-12365
-12714
-13122
-12741
-12608
-11897
-12738
-13835
-14488
-14361
-14301
-14608
-15419
-16043
-15163
-14298
-15424
-13764
-12526
-12522
-12135
-11355
-12720
-11790
-10189
-10446
-11672
-11127
-11273
-12220
-9402
-6549
-6235
-5351
-5120
-3560
-1810
-356
-32
1137
1140
1084
2174
2200
1950
3461
4357
2191
758
1495
3269
4180
4664
6688
7795
7223
9466
13501
16860
19130
18693
18786
19071
19322
19358
20602
21899
20511
19765
18934
18598
20685
21966
22097
22097
22073
22756
23537
23612
23781
23925
24718
24722
23480
23737
24703
23761
22947
22372
21054
22794
24499
23548
23735
23143
22615
21302
22420
23426
23697
25326
24665
23673
22804
22945
21934
21624
22007
19852
18897
17630
16404
14510
13016
10940
9313
7544
5655
3433
2228
1943
31
-1302
-3471
-5126
-5890
-6884
-7522
-9727
-11125
-12951
-13971
-16024
-19325
-22175
-24958
-26387
-29115
-32668
32605
31344
28694
27816
26617
26083
25494
24264
23309
23610
22960
22640
22167
22078
22219
23140
22810
20737
18961
20080
20789
20560
19096
18448
19514
19137
20067
20836
21771
22842
23625
23870
22550
21669
21483
21119
19733
16226
14322
13814
13565
12170
10885
8516
5858
4754
2945
1919
2674
3996
3718
5428
5173
7317
9288
9933
10067
11643
12939
13339
15617
18279
19637
20287
22159
23391
26017
28594
29625
31397
-32020
-31020
-29419
-28269
-26910
-26248
-25569
-24915
-22295
-21068
-20217
-18474
-19201
-16483
-15933
-14538
-13498
-11738
-10558
-8543
-6470
-5116
-4856
-3757
-2162
-1340
-481
-181
-3538
-2358
-1172
-2519
-4181
-4905
-5327
-5777
-3704
-1296
2076
4305
6488
6784
8269
12210
14497
17075
19797
22184
23596
24955
27309
29125
31380
-31677
-26994
-22448
-19142
-15882
-13725
-9454
-6014
-4287
-3215
-1874
-1254
-994
-254
-694
-910
-2033
-4417
-6096
-10050
-12335
-13706
-16757
-19190
-22121
-22044
-21090
-24705
-26013
-27806
-29320
-31370
-31316
-31428
-32632
32752
32410
32296
30389
27499
25651
25042
22431
20102
19888
18522
15473
11645
10069
8142
5105
2297
439
222
-137
-1080
-171
1409
3486
4492
4654
5456
6736
6857
7001
6621
5235
3683
3827
4292
2494
1669
369
-1090
-1961
-1117
-2209
-4482
-5901
-7790
-8345
-10039
-11876
-12407
-12863
-14948
-17703
-17461
-17981
-19452
-17819
-18131
-17766
-14940
-13625
-12970
-12116
-10083
-7732
-8140
-8829
-9147
-10684
-13460
-14804
-16809
-17731
-18912
-22181
-25192
-27081
-28663
-29851
-29982
-28255
-25136
-22739
-20419
-16262
-12041
-9805
-8312
-5514
-4444
-4907
-5929
-7042
-8079
-9121
-12141
-13569
-13506
-16471
-17630
-16318
-14878
-15915
-17539
-18911
-18499
-16634
-16837
-17988
-16764
-17470
-19964
-20871
-20299
-19406
-18874
-18718
-18404
-17892
-17056
-15909
-15291
-15172
-15249
-14563
-13990
-10081
-5307
-2109
771
2759
5892
9094
12107
15410
18609
20648
23286
25059
27901
30250
32103
-32350
32136
31708
31594
-32513
-30856
-29945
-29605
-29765
-29921
-27250
-25360
-25857
-25652
-25554
-25463
-27063
-27447
-28718
-29163
-28668
-30215
-30694
-31336
32207
-31914
-32653
30048
28050
27212
26568
25525
25628
25913
24851
24025
22855
21167
19675
18228
17737
15677
14193
13051
11202
8530
6395
3630
928
-636
-1982
-2403
-1642
-832
-722
-622
-963
-1903
-2698
-3138
-4033
-5620
-7360
-7815
-7886
-7867
-8493
-8139
-7608
-6463
-6866
-6937
-8576
-10038
-10236
-10668
-10837
-11027
-11003
-11363
-12601
-13366
-16140
-16794
-15975
-16940
-18939
-20378
-22172
-22924
-25223
-26749
-27975
-30519
-31957
-31451
32619
31099
29201
26454
25347
24382
23942
24436
24872
25562
27760
29713
29644
31453
-32710
-31080
-30381
-29504
-28313
-26847
-26400
-25702
-25495
-25087
-22398
-21187
-20140
-18295
-16765
-14000
-10778
-8722
-6456
-4771
-3616
-1178
43
1033
1320
2625
3843
5254
5404
5834
6875
7507
7753
8176
7696
7367
7718
8467
11333
13198
12679
13006
14052
13117
14238
14744
14170
13615
13879
12458
12404
12625
12558
10801
10125
11943
11862
11244
11013
10597
10087
10398
10339
9476
9900
8576
7810
6831
6517
5503
5909
3924
3144
2677
1668
1249
860
1764
882
-785
-1266
-2592
-2890
-1958
-3065
-5197
-5093
-5700
-5520
-5699
-6377
-7193
-9402
-9808
-8336
-9015
-9268
-9205
-8850
-8153
-8953
-9359
-7415
-6927
-7506
-7132
-6844
-8841
-7505
-7440
-7981
-6556
-7723
-8058
-8219
-9187
-8792
-7184
-6979
-6511
-5745
-4833
-2394
-3058
-3937
-4660
-5292
-6115
-5983
-6281
-6004
-5623
-7406
-8832
-9746
-11069
-10844
-11114
-11132
-10726
-9842
-10564
-10296
-10436
-11552
-11531
-12466
-12438
-13279
-12860
-10995
-10917
-11109
-10312
-11026
-11999
-11642
-11714
-11489
-12270
-11984
-11558
-12716
-12269
-11858
-12207
-11987
-13182
-14196
-14383
-14195
-14662
-14386
-15073
-16160
-17220
-17496
-18907
-19538
-18090
-18329
-18339
-17582
-17875
-18296
-18777
-19439
-19569
-19741
-19797
-18032
-18341
-17958
-18163
-17222
-17790
-18302
-17144
-15817
-15194
-15253
-15846
-16668
-15169
-14078
-13501
-12512
-12145
-12334
-12497
-12318
-13614
-13172
-12496
-11951
-11178
-10022
-8074
-6797
-7352
-7552
-8757
-9915
-8771
-7387
-6675
-6646
-5663
-4081
-4011
-5750
-3592
-1752
-562
1733
1659
1330
2190
3228
5077
5479
5494
4602
2923
2522
2610
4140
4487
3617
2088
1104
789
-529
-11
1314
-88
-1601
-1043
-2264
-1798
-198
280
730
-523
963
2546
3937
4840
3983
4138
2805
1452
2307
1930
1578
-448
-311
907
2618
4319
6563
7192
7023
6294
6557
5792
7330
7827
8395
9361
9346
8224
8494
7671
6229
5549
5079
4572
4947
4898
5261
4112
3312
3639
3561
2961
1872
128
-172
-1283
-1877
-3209
-3335
-3918
-5121
-4252
-5218
-4657
-3953
-4059
-4406
-4421
-4264
-4243
-3995
-2249
-528
-1663
-2425
-1355
-2282
-2859
-6225
-5753
-4770
-5235
-7176
-9217
-7933
-6732
-7410
-8061
-6370
-4899
-4576
-4784
-6981
-7098
-7674
-9196
-10653
-10790
-8538
-8751
-8636
-8260
-6765
-6633
-5163
-3596
-2310
-2043
-1168
-102
1183
2427
2149
2336
2292
2381
1248
189
747
139
-337
-1558
-24
1383
134
270
1308
-18
-1923
-2225
-722
-1331
-3312
-4331
-3918
-2559
-2842
-2441
-1235
-578
-1793
-2813
-1921
-467
-1379
-1827
-1556
-146
-430
-934
-1912
-2939
-2814
-4256
-3898
-3125
-3788
-5496
-6697
-6669
-7187
-8005
-9725
-9059
-7935
-9405
-10667
-9020
-7560
-8249
-8361
-7353
-6276
-5548
-4636
-3030
-1776
-2443
-2339
-409
-363
-1371
-1596
-1542
-1265
-1660
-492
-353
418
389
157
-273
395
417
-287
-1704
-1522
-1804
-3940
-4143
-4107
-4104
-4717
-5343
-4806
-3985
-4257
-5288
-4546
-1661
-2323
-4417
-5536
-4223
-4880
-5031
-4803
-4056
-2596
-3535
-3360
-1265
176
-682
648
2057
2137
2299
2385
3393
4372
2669
2456
4230
4114
3312
3297
1367
2424
2344
1506
1185
1117
1279
-1083
-1122
77
1468
1110
1774
2276
1633
1001
1060
2528
3930
4005
5035
5706
6930
7469
6689
6411
7822
7973
7800
8991
8669
9849
9222
8889
10450
11391
11743
11465
12119
12720
11266
9843
8904
9952
9017
8818
9473
10045
11207
10291
10301
10812
11876
10341
8375
7022
6091
5134
5795
6731
4331
3696
3704
2879
983
-264
1450
1842
737
-200
-216
-1886
-2573
-392
-734
-606
-981
-1086
-1558
-2051
-376
-199
-13
-1668
-1793
-1352
-2208
-2408
-3313
-2658
-3250
-3364
-2006
-925
727
-433
-1785
-2231
-1816
-2376
-4125
-3325
-3598
-3914
-3149
-4553
-3893
-3497
-2698
-1853
-127
2411
3483
4499
5498
6039
6485
6762
7245
8749
9916
10980
12668
13544
13049
14134
14846
14582
14698
15891
17843
17278
17896
19120
21423
20089
17384
17951
18533
16869
15586
16062
15726
14155
14314
16309
17152
15925
15031
15950
15387
13071
10874
11349
12162
11711
11649
12826
12411
12938
12200
11187
10123
9332
9050
8857
9278
8986
8288
9053
8314
6565
5763
6340
6223
8168
7967
6863
7979
5056
5340
6623
6600
6133
3735
4720
5572
4854
3835
2872
3890
3593
2074
2120
2838
2570
1261
407
-423
127
-1123
-2863
-413
-442
-3371
-3324
-1901
-2147
-3703
-2845
-2728
-3259
-4450
-3308
-2831
-4224
-4574
-4346
-4582
-5508
-3936
-904
-1103
-871
-460
-336
-856
-2275
-1188
-1308
-960
-925
-392
1103
878
-130
-2245
-63
203
-2451
-2329
-2289
-987
-2573
-4308
-1777
-564
-2702
-5350
-3047
-3115
-3772
-5605
-4582
-4290
-4772
-4977
-5765
-5956
-6205
-5294
-4616
-5263
-5154
-2968
-3791
-5750
-4020
-4229
-4241
-3506
-3165
-2698
-2697
-2378
-1984
-2148
-2638
-3951
-5583
-6486
-4972
-3322
-3389
-2072
-1310
-2549
-3012
-2692
-3314
-4854
-5546
-4884
-4665
-4974
-4221
-2861
-3046
-3396
-3813
-6019
-5223
-4966
-3050
-2553
-2179
-2313
-2800
-2963
-4860
-4673
-3832
-3689
-4804
-4810
-4492
-3395
-2504
-3491
-3297
-3606
-4625
-5084
-4747
-4092
-4427
-2801
-3508
-1967
-2136
-4169
-4566
-2564
-493
-4210
-3957
-1543
-1562
-1139
-1904
-281
-525
-275
-571
-1617
-233
152
614
326
110
887
809
849
1347
1468
-529
-49
1229
86
-442
473
518
-636
415
490
1741
2131
3169
4030
5777
6849
6606
5614
5825
8329
8664
8903
9447
10169
10481
9144
10915
12695
14644
15138
16408
16517
15235
15306
15719
16228
17075
16590
17088
18923
18437
16649
18596
18646
18341
17054
14783
14437
17150
16902
15528
15330
15994
15581
15011
15577
15036
17073
17660
16599
17722
16880
14441
14796
16257
16445
16506
17739
18607
18138
17772
17342
18351
18387
18499
18466
18389
18246
18571
18380
17188
17238
16864
16296
15100
15300
16510
15145
14757
14661
13909
16615
15900
15594
17114
17246
15150
13328
14585
14889
13432
12425
12136
12090
9911
8960
8003
9519
7389
6248
6383
5560
4768
3765
3361
5030
4291
3654
3286
4589
5312
3832
5036
6148
7100
6653
4271
5257
6817
6665
5233
6079
6871
5086
5010
5357
3778
2776
3212
2774
2319
3409
4570
5551
4256
4430
4189
2317
446
1382
2032
640
534
3870
3849
1982
2600
3483
3785
3504
2745
1414
-252
-1249
183
101
220
-203
-261
-550
-1462
-609
634
765
-47
201
-883
-117
2526
1848
-57
177
-790
-2152
-2647
-4354
-5249
-5765
-5879
-6537
-6151
-6668
-6100
-3809
-4956
-5143
-4849
-4691
-5152
-3299
-3831
-5547
-4099
-3009
-4088
-5786
-5585
-5344
-6227
-6880
-6076
-5664
-7470
-7467
-5243
-6481
-7816
-6925
-5501
-5441
-4691
-3913
-4550
-5166
-3821
-3401
-5240
-5950
-5812
-4445
-5294
-6449
-5495
-3238
-2613
-2918
-3440
-3208
-1222
1066
1253
-70
1326
1133
420
1734
404
-1850
-4134
-3124
-3229
-3219
-3462
-3080
-769
-831
-2837
-1900
-1282
-902
381
2221
1653
27
922
51
1156
676
837
1562
2186
1636
998
2026
1085
-290
-406
-996
1072
2267
1557
1521
1421
2377
2385
2280
3290
1572
2536
3157
1266
1979
2227
1583
888
-56
-128
235
656
-1147
-874
-134
-1088
-1735
-1215
-938
-1433
-475
-75
835
1349
647
1046
1105
1706
1833
2699
2616
2889
5466
4595
5286
6828
6114
3889
2252
2803
1975
2320
3368
2359
2345
4045
4216
2697
3892
3681
2326
2384
4177
7195
8249
4876
5084
7598
7303
5544
4850
6094
5674
6543
7198
7420
8391
7183
6669
5000
6182
4455
3266
3123
2663
4115
2271
1704
2760
2776
3814
2543
2634
2126
1293
520
66
268
863
1756
1975
2320
2499
2285
3475
3282
2289
1562
-1452
-170
1143
-222
-572
-1291
-1135
-2511
-1565
-1171
-1141
668
373
1764
1447
2340
1376
2349
3715
2942
4192
4600
4243
4451
3511
3767
2907
4583
2891
1003
1741
1069
2257
4445
3214
1930
2277
2752
2509
3262
3543
3977
6266
6148
6348
6283
5378
4102
2575
2000
175
1062
895
-35
1918
2279
2869
2774
4371
4752
3727
5406
5422
6534
6130
4978
5881
6467
6352
5525
5833
5435
5191
6656
6315
7019
8814
9610
7967
8344
9562
7763
7172
6761
6027
6666
4688
4009
5097
3817
2531
2327
3605
3299
3893
5872
4615
5817
5897
5239
3548
4274
5842
5423
8348
8201
8406
7765
5765
6164
5606
4955
3507
4327
5220
2066
1733
1797
1997
948
-781
-478
343
2661
3283
3529
4661
3697
3044
2355
1752
2014
2569
2530
884
2980
2974
1429
2103
1367
2256
3007
2469
1078
2009
1742
919
2851
2834
4442
4259
1559
2522
3869
3682
2649
2647
3002
1293
1656
1983
900
1104
976
357
-1082
670
-119
-664
1738
2198
2894
3113
3671
3954
4118
3832
3651
5103
5156
5337
5273
4320
3869
3818
4481
4355
3802
4403
4574
6243
5705
4809
3629
1193
270
-267
319
-762
-1763
-310
-551
-307
-306
-649
-24
189
315
-621
722
-54
965
1973
2058
3674
4081
4278
6197
5692
5139
4116
3872
4200
3424
3747
2867
3220
3326
3009
1110
505
996
401
2071
3674
4002
4117
1502
2320
4765
4615
4557
4485
4655
4015
4480
3575
4468
6392
6371
7775
6915
5714
6073
6411
6941
6785
8419
9420
8759
7845
6966
8118
7560
6222
5380
5922
8173
7354
6981
6902
7670
8189
6923
9195
8902
8825
9403
8676
9174
8559
9798
11568
11977
12643
11970
11959
13430
14046
12020
12666
13532
12346
10843
2327
667
533
1491
326
819
1099
1404
1158
66
1406
1528
663
1284
2133
1783
658
973
1915
1951
2674
3113
2769
2650
3366
4242
3873
5200
5083
4368
4129
4426
3369
2891
3251
3533
1614
1667
1674
1252
1722
3038
3088
1960
1857
2430
2361
2145
2642
3297
3175
2158
2575
2391
1341
674
762
456
-651
19
1078
1053
1028
1197
1093
655
-368
-1875
-947
-1860
-1776
-1136
-632
-777
-441
-323
-749
-1286
-1363
-2093
-2232
-1762
-1297
-729
-767
414
1163
409
-35
-29
-392
-1491
-1981
-2119
-1520
-2084
-1560
-1281
-1795
-1223
-1539
-2192
-3252
-2853
-3458
-2961
-2809
-2075
-2148
-1897
-232
-1106
-363
-172
-1713
-1901
-3431
-1254
-863
-1237
40
1314
1276
674
1032
933
990
645
1062
317
-643
-1025
-188
201
654
823
104
-561
-1782
-2129
-2237
-1393
-2294
-1653
-3013
-4490
-3549
-1853
-3169
-3874
-2475
-1403
-1928
-2900
-1635
-1411
-1650
-1144
-765
-322
-57
-643
-752
-1215
-1009
132
471
33
560
114
457
-34
488
625
-360
579
1270
-441
-1169
-1220
-251
-1000
-2664
-1455
-614
-892
-1073
-986
-1292
-1346
-2032
-1878
-1459
-1122
-2084
-2475
-2272
-3434
-3409
-3682
-3394
-2951
-3201
-3420
-2596
-3123
-4713
-3796
-2499
-2381
-1805
-1366
-2020
-2718
-3372
-3582
-3601
-2785
-1528
-1002
-1137
-720
-1568
-1579
-1538
-586
-1045
-2044
-1549
-671
-1169
-2396
-1683
-1535
-938
-846
-914
-1508
-197
-261
74
1985
1379
888
2342
1379
1053
845
275
-58
50
1213
1749
1385
1123
1890
1952
2791
3488
3469
2943
2867
2408
2236
3607
5154
4524
4609
4989
4778
3914
5401
4051
2005
2591
2151
1329
1099
2087
2790
2345
2481
2551
1506
1313
1360
166
888
846
1636
117
252
186
150
1661
494
624
1452
-338
-21
607
1123
623
220
948
1804
847
1815
2467
1721
1208
2116
1521
-643
-994
-1456
-2171
-2211
-1027
318
-725
-1463
560
661
-358
-445
1265
873
1333
2315
647
-87
-539
9
-1107
-1360
198
547
678
978
1556
1632
2238
2810
4961
5769
5381
5898
7001
6362
6281
6442
6784
6627
6757
8550
7451
5226
6207
5234
3386
2353
2765
2336
1612
2225
2664
1281
755
-42
680
472
-148
-590
-165
250
1034
1700
1362
2323
2547
2553
2000
2467
2552
2255
1304
2070
2112
1970
3358
3876
3109
3112
1948
954
408
-562
-1112
-2608
-2025
-1803
-1636
-1638
-2477
-1127
-865
-1880
-2874
-2069
336
-414
-1202
276
-483
-94
263
806
676
276
-695
1336
693
955
945
1133
74
1208
1742
621
1380
1436
1145
-374
385
688
-389
-1364
-587
-229
-1631
-55
-794
-1363
-1870
-1951
-2362
-2371
-1267
-1143
-564
-395
-390
-266
411
1237
1506
1030
1145
742
115
-697
-1150
-604
0
-2276
-3484
-3185
-3842
-4703
-4260
-3020
-2970
-3227
-5261
-5665
-6906
-6692
-6036
-6392
-7163
-5609
-3954
-4449
-4340
-3532
-4279
-4852
-3013
-2051
-4054
-3962
-3686
-3386
-2578
-2529
-2408
-2859
-2220
-1974
-3760
-3338
-2186
-2239
-1843
-2622
-443
47
-933
56
-550
-1516
-988
-519
-745
-378
-631
-2
-100
156
34
372
1058
748
382
957
527
-51
1389
-181
-1104
-739
-1859
-1008
-618
-868
-896
-1900
-1623
488
518
890
1329
239
-688
249
-255
-668
-2832
-2421
-2541
-4124
-3161
-2459
-2495
-2446
-559
-887
-1661
-2407
-2504
-2286
-2069
-3034
-2670
-1987
-1405
-1052
-128
136
207
1654
1583
247
-347
-516
203
214
316
249
1195
273
-333
-999
-54
-722
162
-177
220
737
2023
2573
1042
1144
1040
1381
1048
800
62
727
1239
1472
227
2074
3268
2355
2646
2851
3482
3135
2570
2624
2357
1868
2528
4187
3255
2558
3055
1828
2623
1757
1937
2562
2190
2115
1030
577
539
-1121
-1361
-140
-333
387
1785
1455
1270
-340
-398
-1636
-1685
-905
-634
-1439
-1685
407
22
-28
1092
261
395
773
419
-388
-530
-1137
-495
-880
-763
298
758
111
741
-296
-1159
-1481
-1929
-1083
-1176
152
28
-689
1262
1441
1641
2484
3139
3564
3821
3249
4178
4496
4311
4554
4705
4179
2650
2913
3400
3726
3619
3833
3985
3079
3076
3580
3831
4481
5633
5770
5945
6615
6598
6180
5381
5300
4666
3421
4116
4255
3349
4125
4679
4908
4635
5005
4572
3112
3985
3870
3601
1942
1004
1652
2139
2663
1931
1683
229
-208
-602
-2153
-1346
-409
-124
-1022
-707
979
1305
0
-1212
-709
-1283
-605
-739
-945
195
574
905
122
-1370
-532
-549
-1036
-2118
-2792
-1923
-1858
-1134
-1684
-1720
-1817
-1474
-1036
-824
-1083
-1177
-1348
-1412
-2222
-3196
-4768
-4503
-3876
-3989
-4632
-4236
-2776
-3295
-2548
-2159
-2236
-1463
225
1044
373
587
941
1085
2696
2388
2011
1703
878
27
122
304
1026
717
120
237
777
355
7
-132
78
761
-406
-787
96
-478
-424
-1540
-1714
-1150
-1364
-1843
-1868
-1721
-1374
-1550
-2265
-803
-1247
-1182
-531
276
-349
-382
-298
-684
-280
-225
-516
-1507
-2411
-2218
-2182
-2045
-944
-874
-828
-796
-535
-270
-2667
-3795
-3706
-3909
-3364
-2729
-2329
-2073
-4065
-5119
-3906
-3877
-5211
-4684
-3623
-2576
-4364
-4682
-3418
-3114
-2833
-2647
-2737
-3116
-3025
-2544
-2797
-2813
-2926
-1988
-2064
-3421
-2677
-2860
-3783
-3428
-1918
-3348
-4334
-3741
-3647
-4898
-4629
-4558
-4724
-4521
-3806
-4731
-3956
-3902
-3664
-2636
-3498
-3730
-3118
-2612
-1894
-804
-159
317
-525
95
374
1249
2710
2102
1561
1192
837
723
-491
-651
-594
-948
-874
181
752
303
-288
307
1481
1150
944
1646
100
-1631
-873
-1296
-1889
-1937
-1186
-1675
-2520
-1876
-895
-771
-411
394
-956
-655
-1189
-1877
-1854
-2020
-2206
-1791
-2080
-1214
-2054
-1694
-884
-2277
-2968
-2437
-2202
-1990
-2151
-1666
-1053
-1700
-1491
-1533
-707
-34
484
622
446
1063
-42
-712
-1317
-330
269
161
441
1409
1530
1708
2599
3670
3460
2497
2056
2940
3809
3521
3505
3301
3483
2288
1699
2948
3036
3269
4390
4810
4972
4472
5225
5458
5338
5362
5971
5849
5162
4080
5012
4915
4683
5159
4557
3987
3194
3898
3980
5429
5248
4392
4556
4341
4745
5031
4665
5207
5298
4927
4294
3321
3498
3383
1540
2721
2965
2032
1535
1761
1991
656
902
1576
1010
1315
2212
2422
3305
1922
903
788
20
368
-177
-735
-1657
-1982
-1915
-2351
-2602
-1526
-1964
-2135
-2116
-2366
-2020
-2127
-1163
213
-136
-1864
-1429
-1249
-1019
-389
-1352
-1059
-3488
-3238
-1387
-1518
-643
-575
-2426
-2697
-1387
-1204
-1889
-1497
-231
-168
-482
-915
-1676
-1957
-858
-2210
-1321
-1077
-2093
-745
839
371
747
2235
1460
1492
1544
1431
824
2537
2688
2835
2527
1915
1779
1141
1749
2844
2977
1879
1737
2969
2609
1163
2514
2519
1232
1100
651
137
-685
-296
155
-558
-676
-817
381
-986
-1600
-996
-934
-47
1051
2630
2179
2655
3301
2594
2054
2380
2846
1493
555
1186
773
-1342
-1076
-515
-1946
-2606
-2721
-2565
-3820
-3579
-4112
-3649
-3581
-4452
-3849
-4118
-4768
-3765
-3536
-4149
-4397
-3738
-4093
-4207
-3447
-1542
-2738
-3551
-2334
-2902
-2746
-2849
-2088
-1259
-2459
-2426
-1359
-1458
-1175
-1239
-1978
-3789
-4338
-3284
-3621
-3855
-2986
-2885
-4300
-4315
-4385
-3774
-4514
-4210
-3596
-2916
-1576
376
765
-1033
529
-3
-988
-826
-1017
-1742
-2302
-1782
-1218
-777
-2165
-2177
-1069
-268
473
-144
-1505
-2132
-2358
-1067
-1680
-2662
-1463
-1448
-2246
-2460
-73
575
-1544
-1797
-1760
-2825
-2672
-569
88
-1093
-581
-541
-1949
-2608
-723
1050
276
557
2072
1682
1221
962
1590
-20
-2903
-2207
-1368
-1884
-1679
-488
-798
-1714
-1348
-722
-737
-1423
-684
-44
-838
1022
2246
887
-764
213
1351
299
929
3330
2653
973
1988
3499
2305
1066
1040
535
339
1003
2413
1579
1202
2117
2277
585
919
1430
1487
1483
1347
2796
3954
3348
3744
3925
3469
2522
1867
2958
3305
3065
3616
2469
2259
3012
2173
1373
2021
2635
850
738
655
1285
697
411
1195
796
950
2161
1923
1277
1117
496
-39
160
1808
1987
586
2043
3273
1951
396
1641
1752
1792
2032
2071
2168
1065
1066
-70
-169
320
1447
958
794
864
1500
779
159
-176
1149
1378
1050
2436
3338
2713
2400
3076
2298
1352
2176
2000
2236
1713
1712
1711
1164
2400
1386
1251
2481
2353
4178
4207
4642
4317
2851
3895
4822
5801
5737
4511
4347
4930
3463
2493
2763
1561
880
764
386
-846
-411
792
494
-617
155
1269
1134
1278
1916
1500
1977
2336
1364
796
172
895
1067
706
881
2124
1274
740
2350
1267
621
964
807
784
263
1190
393
-912
-275
104
874
904
1631
869
739
671
842
148
-300
-1741
-1899
-1192
-993
-514
-433
-97
119
-1051
-1142
-1045
-768
116
809
-857
-101
-57
-173
522
919
1293
1090
762
758
1185
863
1460
427
-366
-786
-180
-1670
-1458
-426
-852
-1543
-1003
-586
-2007
-1321
-393
165
-804
-437
203
906
719
621
-288
214
300
-91
-281
-651
-587
-1573
-2341
-3067
-2949
-3098
-3894
-3454
-1969
-1862
-3086
-3458
-4394
-5518
-6109
-5172
-4586
-4706
-3779
-4041
-4486
-3165
-3870
-4615
-3881
-3472
-3455
-2478
-3271
-3402
-3632
-4214
-3774
-2100
-2252
-987
633
290
-923
-1022
820
786
115
-9
688
-316
-572
361
-262
-690
298
904
-248
-280
565
1217
289
-108
788
-80
-1291
793
780
-1163
-3156
-2197
-1668
-1948
-1452
-831
-313
-800
-630
266
-1068
-2482
-945
-1270
-2505
-1750
-1121
-1162
-135
551
94
-1402
-2698
-2938
-3761
-3489
-2102
-2200
-2760
-3247
-1567
-2421
-2804
-2413
-2197
-3299
-4368
-1515
-2315
-3042
-1595
-295
-986
-1502
-497
-2144
-4277
-2354
-2630
-3409
-3558
-2108
-1136
-807
414
1904
637
-1760
-878
-1779
-3473
-3450
-1736
-660
-1539
-647
87
170
869
1236
1326
1436
1199
1994
1501
653
2475
2585
1699
1772
3123
2327
2548
3260
3398
3444
2684
4184
4941
3424
3444
3752
4779
4095
4609
5580
4444
5156
5910
5766
5577
6141
5661
2709
2585
4617
4917
2825
2545
3182
2761
1349
1693
1977
2001
2256
1415
86
662
2416
3012
3582
3471
3648
4110
3126
3101
3590
2067
-140
-404
965
-618
-924
1636
1867
-400
159
655
-424
-319
550
950
1309
1625
1706
-113
-136
314
304
788
1112
1455
-37
-980
-96
302
-2099
-1848
-511
-347
-2273
-1522
-684
-1898
-1741
-1725
-513
-923
-308
1098
-357
-1478
-1320
-672
-1087
-1412
-1004
-1023
-1062
182
711
-724
-1574
-966
1823
1543
964
2197
2584
2542
2391
2378
2970
2934
3596
4581
3447
1592
2570
3521
2738
2179
3313
2569
2162
3436
3774
4112
3522
3593
2586
1375
1026
439
64
-442
1600
1584
381
-361
165
-1872
-2215
-147
-137
-795
-1452
-368
288
-1309
97
692
51
-182
998
-113
-1542
-1805
-2237
-2528
-2095
-1356
-1070
-361
26
-231
93
1542
1063
573
100
-11
30
-1284
-491
-60
637
616
299
34
376
959
367
328
-213
-1561
-1668
-909
-1161
-1192
-968
-969
-1675
-2263
-2995
-3106
-3758
-2612
-1533
-2306
-2764
-2663
-2089
-1507
-1113
-244
-500
870
1685
1017
-833
-1683
-478
1314
119
-280
-414
-1476
-2004
-362
-1173
-2370
-1886
-3138
-3061
-2463
-2006
-837
-1800
-2391
-2103
-1564
-2195
-4787
-2670
-3622
-5409
-3182
-2708
-5748
-3596
-2970
-3665
-3080
-2667
-3327
-4613
-2799
-1507
-1202
-2506
-1294
-294
-1668
-4072
-620
39
-2579
-249
1498
-2583
-5622
-2928
-3034
-6076
-3091
-3084
-6353
-5464
-4413
-5000
-6257
-5892
-5780
-5726
-5445
-3561
-3528
-6039
-4336
-3345
-4704
-6867
-4687
-2977
-5359
-5402
-5785
-6923
-5973
-3623
-3880
-4263
-4138
-2292
-821
-1152
-2481
-2518
-1779
-1377
-1434
-1095
-1201
-1156
-1413
-2719
-1922
444
-209
-1702
-2249
-2105
-952
408
679
467
-119
-763
767
1309
2425
2876
3257
2386
2665
3302
4292
4702
2830
2484
2475
3287
4468
3532
3186
3418
3460
3253
2987
3330
2947
2621
3760
2730
2134
3315
2608
1945
2060
957
929
1633
439
-333
-61
247
-312
-959
-888
-8
2091
1219
1061
772
697
296
127
1043
1230
825
1660
1404
1077
1383
2130
1208
484
1024
741
1221
1129
386
488
627
917
1819
1757
1187
658
1403
1395
1701
1291
772
1157
60
-42
-175
-66
997
1191
1388
1564
1348
3000
3645
2991
3462
2580
1860
1427
551
544
-1550
-1750
942
1082
439
1400
1958
1255
798
895
2239
2974
2281
2165
2306
791
1298
2876
3069
2343
1617
2394
2724
2420
2644
4330
3568
2676
2546
2540
2357
3573
3239
2664
1831
2541
5006
2964
1888
3765
1853
628
1088
1634
-520
-1693
-275
-885
-1385
655
646
783
145
973
1139
45
-210
881
561
-466
13
-195
-124
-750
-399
-785
-2521
-1918
-950
-1719
-2882
-1742
-902
-2657
-2442
-3268
-4948
-4657
-3721
-3861
-5020
-3653
-2665
-2915
-3363
-1632
-1270
-3058
-2282
-528
-2363
-3558
-2474
-1537
-2439
-2487
-403
-1019
-816
-803
-815
-1866
-1929
76
779
-994
-1847
971
-1209
-1642
-929
-1207
-2359
-2111
-1310
-1408
-233
406
40
-607
305
1722
1381
1084
1144
776
469
436
711
1489
211
-849
-1422
-2844
-3228
-1848
-2733
-4123
-2649
-2708
-3507
-2857
-3233
-4289
-4161
-3511
-2601
-2304
-2606
-2198
-1467
-1368
-2141
-1489
-1586
-1912
-3402
-4398
-4616
-3608
-4072
-4562
-3290
-2297
-2824
-1891
-2582
-4161
-3659
-5090
-5566
-5118
-5029
-4205
-2818
-2830
-1415
-529
-1270
-391
-1334
-2355
-1099
-1078
-106
-289
-337
-267
-670
-289
-525
-1346
-718
-1927
-4059
-4356
-2693
21
-813
-481
1404
987
-602
-12
-81
-2056
-1794
-447
-460
-556
910
792
1520
1978
1986
2221
293
-389
348
-1036
-1618
-592
-1031
-1324
-65
-972
-2047
-2450
-2550
-1387
-1376
-756
-19
-351
-1111
-285
-101
-2149
-1724
-1059
-1324
-2813
-2389
-1274
-1915
-2490
-1317
-2257
-2139
-1311
-115
-153
-738
329
-777
-1808
-1311
156
116
-24
-897
-2331
-1922
-2391
-1829
-1544
-1175
-913
-1783
-2274
-1893
-1608
-1631
-1352
-1468
-1883
-992
-554
185
659
139
543
636
950
422
87
269
114
-1164
-301
672
857
1986
1622
973
835
-317
-157
373
-3
152
732
-31
33
1251
412
612
1581
844
1256
1638
2461
3800
3127
4174
4359
3940
4556
5195
3936
2204
1893
2337
3378
2387
2151
2665
2381
1000
809
1597
1658
1388
1612
436
382
323
580
122
535
1638
372
-589
-505
-34
490
-1176
-1574
-1030
-1588
-1879
-829
-80
-954
-1329
-1339
-1863
-2289
-1046
-525
-1658
-2386
-2431
-1404
-1692
-2059
-1044
-327
-984
-1486
-1820
-2057
-1234
-196
-158
508
769
1305
1537
1617
2383
2192
1067
1124
686
529
1148
1168
1614
2159
2704
3285
2989
3950
3752
2925
2278
1919
2458
1775
284
786
741
398
875
1731
474
-609
1279
1716
1604
1233
2267
2272
1303
184
17
1915
1225
1584
1757
1276
794
-526
-31
-19
212
-209
-1397
-1922
-1083
-2191
-3923
-3093
-1568
-1259
-981
230
467
1344
530
-169
-230
-930
-904
-1557
-1983
-1939
-2568
-2495
-2567
-1560
-1426
-843
475
-424
479
-70
-766
1009
2064
838
301
-84
-1447
-2214
-934
-2242
-2615
-3249
-2585
-1908
-2237
-1067
-107
-486
-679
-177
319
-954
-1082
-696
-390
-360
805
59
-1528
-276
478
-1883
-1994
-1604
-3147
-3602
-3120
-3525
-4795
-4351
-1730
-2260
-2640
-1343
-392
-609
-1649
-1980
-2779
-4855
-4434
-2064
-2903
-4645
-3190
-3156
-4714
-4493
-4234
-4032
-4631
-4539
-4369
-3933
-2794
-2951
-2683
-1665
-2168
-2171
-2464
-5064
-5912
-5039
-4460
-4989
-3091
-2554
-3218
-3185
-2628
-3966
-5388
-5179
-4130
-5420
-4751
-5541
-5783
-5409
-4605
-3886
-3417
-3280
-1835
59
-1058
-1804
-1228
-946
-1832
-1701
-670
-1459
-1500
11
568
-777
-199
216
-645
-362
131
-545
-335
327
968
831
482
820
1609
340
-366
1076
1068
953
2935
3693
1805
2452
3303
2173
1614
1633
2229
2750
3459
2616
2312
1769
2354
3168
4044
3876
5052
5315
4280
3270
3082
3062
2622
2929
2990
1422
2601
2879
2082
2177
2528
2410
1361
-360
75
801
-795
-2022
-2248
-621
-1768
-3351
-2307
-1092
-2116
-2439
-3265
-4890
-5244
-4925
-4262
-3738
-3036
-2717
-2408
-1264
-996
-1878
-204
3
2226
1097
-450
613
1143
999
1141
2622
1856
125
-481
251
-114
132
858
1054
1704
2956
4191
3254
2226
2403
2827
3363
3875
4784
3616
3516
3879
2046
1960
3033
4693
6989
5779
6536
7606
5597
5571
6513
5929
5753
6519
6534
4625
3769
4193
3285
2945
2264
1746
809
1261
1113
208
-584
1004
948
611
558
715
1329
629
720
1337
1692
1100
2091
1910
594
457
909
1656
620
286
-417
-1485
-952
125
160
-202
909
539
99
-1391
-1069
-558
-1246
-2004
-1835
-1877
-2231
-2251
-898
-3424
-3519
-2506
-2163
-1859
-2136
-1209
-994
-559
139
405
-440
780
1013
1326
1007
1150
2648
1692
-221
397
1259
1444
1182
1572
995
849
1497
2110
1576
1560
2583
2731
801
1465
2190
1791
1005
1962
1529
-994
549
419
-1071
-799
-180
-668
-1325
-873
850
1218
703
256
1784
737
624
2109
1058
-30
-96
-925
-1715
-1964
-1940
-1293
-1116
-645
-793
-1211
-1507
-2136
-1940
-2438
-2623
-342
-2082
-2504
-2471
-3262
-4779
-5557
-5075
-3987
-4765
-4188
-3139
-4628
-5293
-5265
-6501
-6301
-6216
-4197
-3730
-4254
-4052
-2707
-3593
-4188
-3891
-3312
-3448
-4200
-2914
-2393
-3672
-2344
-1576
-2444
-3997
-3036
-2153
-1803
-348
816
1245
52
-340
-728
-2296
-1164
101
-573
-2461
-3079
-2032
-2371
-2496
-1826
-783
-1177
-452
646
1327
962
789
88
-972
-17
-1375
-1342
-584
-2091
-1473
-1005
-2620
-1265
-572
-1274
-1228
-275
287
222
623
33
1162
-115
-759
-20
226
-925
-1224
322
-24
-785
-394
-1985
-3283
-2816
-1992
-3087
-3612
-1856
-1157
-2233
-2236
-1486
-4123
-4364
-2297
-528
-1293
-1194
71
-1327
-2565
-1937
-1334
-2647
-2959
-2239
-2766
-2113
-769
837
-293
-980
842
947
554
466
219
874
-358
-638
-8
-877
1106
2445
1545
1325
2337
2308
604
-5
1553
2587
2899
2846
3415
2800
2293
2245
2302
1479
3077
3639
2509
1192
1521
1128
1281
1683
2065
2365
316
-354
1979
1623
674
2098
2235
-194
-477
1636
2412
1149
1040
1759
1482
1015
1058
2543
2453
1311
3448
3379
1846
1972
2676
1754
1596
3568
3409
1824
1622
2883
1432
1474
1552
1868
7
353
1824
2443
-103
499
1202
-450
-874
-1648
-2977
-2747
-2765
-2615
-3091
-2762
-2136
-515
-2
316
1550
568
326
189
932
293
186
2423
2080
840
726
946
18
-203
215
-973
-589
-27
-97
400
714
812
971
-388
-845
-525
-512
-505
494
1424
1465
1340
2417
2271
840
2344
2582
2391
2028
1891
2216
1661
1805
1984
1325
1602
2527
4428
4240
4688
5135
4193
4051
4136
4045
3585
2830
1343
1551
1052
1340
2390
2189
1716
1428
1562
1083
-452
625
1203
815
534
1510
1259
251
957
1184
209
119
685
247
563
764
1367
2147
3499
3773
2011
2297
2016
805
-208
-14
835
440
202
-75
-410
-605
-2154
-2975
-2805
-1863
-3359
-3078
-2802
-2524
-764
-178
2474
2594
2004
1383
2823
3006
2482
863
1263
2109
62
-29
-559
-830
123
554
-536
639
908
229
613
-140
136
-31
-1565
-875
-310
-757
-96
-297
-325
-440
-1339
-375
-1100
-2015
-778
564
268
-118
-351
-980
-2032
-1615
-2007
-2116
-2191
-2523
-3037
-3175
-2321
-888
-494
-1726
-2148
-3358
-2790
-3292
-2537
-2734
-4339
-3394
-2704
-3032
-4101
-4219
-4207
-4090
-4862
-5788
-6374
-5682
-5732
-5654
-5372
-4395
-4196
-3948
-3442
-4208
-3281
-3116
-3230
-3813
-3593
-2770
-1061
25
277
796
1108
348
-223
-293
-380
-87
-573
-1383
-779
613
181
140
699
1865
2126
-56
885
951
241
706
2088
1590
1680
2128
2437
2403
3246
3341
2951
2296
1129
1999
984
1617
1169
1130
667
942
1285
-298
473
1474
1657
1530
2581
3552
3775
4261
4891
4880
3361
2206
3541
1957
919
3042
3062
2190
1938
2036
1356
-161
653
2594
1717
1361
1374
306
566
-645
156
-147
-539
-67
376
-1316
-2878
-2293
-3068
-3016
-2495
-782
-1635
-2614
-1945
-1779
-3020
-3781
-2341
-1740
-2652
-3521
-1771
-841
-1747
10
697
-364
399
1706
2538
2867
4185
3931
3020
2693
3195
3458
3233
4234
5787
4795
3338
5204
4439
3301
3268
3865
2700
353
2512
3137
2371
3388
4329
2762
1882
3449
3896
3350
1553
2594
2899
2229
2840
3886
4151
4447
4902
4883
3513
3764
3132
1919
1712
2185
2475
1932
1203
3487
4835
3751
3274
4097
4093
2868
2586
2510
1483
1790
3605
4060
1415
2142
3619
2250
1715
2383
2959
2426
1932
2353
1059
992
2222
1470
786
837
1031
1473
543
1691
1310
948
1347
2255
3039
2940
2764
3053
2612
2241
2178
1876
2084
1058
1016
759
0
386
570
307
-1264
-381
742
1575
2678
2927
2028
2029
3334
3579
2280
1850
3003
2820
3083
2653
1767
2643
1651
1032
1972
1541
851
479
-662
-541
-166
393
-785
-1470
-876
-1440
-2306
-1575
-837
-2044
-1814
-958
-337
-304
-1143
-2278
-2299
-3258
-1628
-407
-1347
-2484
-775
-233
-1826
-1393
-121
-719
-2481
-3659
-2275
-2975
-3504
-2321
-2805
-3174
-2333
-1167
-1749
-1791
-2521
-3060
-2636
-2835
-2597
-3858
-3981
-3202
-3606
-5909
-6032
-6148
-6633
-7546
-4816
-3973
-5022
-4667
-5020
-3726
-4322
-2773
-1273
-2581
-3520
-2629
-2172
-3188
-3017
-2018
-1733
-1610
-1607
-2344
-2911
-1665
-363
-273
-451
-981
-304
-612
-1398
-15
606
820
419
2746
3162
746
2066
3455
1812
1643
1729
1229
1256
662
1582
1480
1034
1293
165
-394
-674
89
413
63
-475
-324
-114
-1943
-1677
-870
-372
666
1581
215
118
814
939
232
-909
-323
-962
-1488
-1460
-1018
-1349
-1425
-2283
-3056
-3293
-3380
-2547
-3639
-2094
-2295
-3834
-3838
-3553
-2747
-3040
-4234
-3330
-2622
-2683
-1804
-1631
-2585
-4452
-4215
-2517
-2094
-1715
-764
-879
-2044
-1297
-866
-1694
-1948
-1067
331
-169
-494
194
106
1350
642
-648
610
900
413
1811
690
-4203
3438
943
-1263
936
862
-2189
4070
-59
4029
2065
595
3307
-944
3627
4609
-506
3059
4428
-558
2247
6433
3079
5856
1128
5027
2330
3541
1000
1269
4396
3021
-87
1521
946
-3675
1
-883
-120
1045
505
869
2152
1901
36
1215
738
-828
-369
1507
-25
-960
1342
34
-864
1772
1634
3261
2954
3610
3909
3849
3207
1047
1246
541
621
230
1183
487
-428
-909
-505
385
183
-105
-383
-19
-432
-1657
-24
503
520
1415
1194
1065
2577
2589
1628
1687
527
-390
319
76
1675
1592
475
1037
210
444
1371
2232
666
472
-1035
1064
1265
952
1116
943
1561
29
-692
-1504
-1882
-1539
-635
-122
810
1864
2138
4213
4421
4724
3437
2821
2611
3430
2379
2897
2534
2091
2515
1452
1494
