-1550
-1121
-3193
-3623
-2929
-1993
-1071
-758
-695
-1343
-2068
-1351
-425
-1705
-2278
-1453
-516
326
432
400
455
33
174
-49
-964
-132
-869
999
79
-427
-18
1055
1478
1496
865
462
2149
1954
2857
2142
2458
2416
1654
583
444
1288
771
961
770
1314
2216
2813
2599
2297
1005
65
291
281
369
27
493
165
-37
273
-721
-1065
-1663
-1102
-732
-211
1053
1093
184
-606
-556
-739
-993
-308
-638
-1927
-3463
-3517
-3920
-3538
-1484
-695
-506
-1746
-1835
-1818
-1397
-1994
-2670
-1854
-1127
-1429
-933
-757
-1368
-545
-311
-707
-974
-228
977
1367
2202
1430
625
1128
1476
2757
1672
1689
363
506
1267
2621
2605
917
2413
2450
1982
2973
2705
2455
2043
1979
1031
662
1107
-268
-898
-927
-782
-166
-448
-1852
-1942
-615
-762
-84
-613
-998
-683
501
1525
318
-716
-1156
-1159
-1328
-1238
-2062
-1241
-1074
-781
811
1724
2488
2734
1569
1183
1253
1352
1299
1400
2183
1156
114
305
636
136
645
544
-1425
-2473
-2160
38
286
-1205
-2789
-850
381
-2048
-1800
-1306
-438
-37
-1323
-2071
-832
483
1012
150
-593
-751
-1406
-2053
-417
203
-1094
-733
-1903
-1816
-1205
-1007
-1330
-2298
-1211
202
1688
2001
571
-2
293
1194
1235
-779
-851
-420
447
1532
3016
3260
2280
1675
3593
2257
2100
2880
2577
1867
1413
1520
1214
1398
-879
-1326
-290
396
451
417
-9
483
515
344
1005
1059
190
-364
-167
1670
2181
149
-701
-36
482
806
316
1273
1826
1269
788
498
1486
995
1379
1947
2224
2354
374
-462
132
107
555
533
-393
746
889
-332
-1525
-1080
-1362
-2400
-3297
-2581
-2874
-2627
-2286
-2797
-2652
-2013
-2023
-2470
-2682
-1712
-1041
-1422
-1780
-506
188
-966
-747
767
1485
642
505
-836
-717
-21
175
89
-35
711
1540
1185
947
1008
1286
1694
2678
2061
1794
3513
2979
2365
1235
1887
3510
4531
3369
1236
1150
863
300
1691
2447
2078
2706
3289
3415
2363
2105
2154
416
-515
497
-452
296
1279
229
-56
-54
-358
-466
-83
148
320
804
1626
3002
2534
1920
1175
-193
-416
-1192
-2748
-2660
-512
651
-234
-664
-885
-425
-719
-460
-422
-605
-444
-643
-481
-507
-478
-845
-1161
-1453
-561
-284
592
-148
-976
-1552
-633
-64
-2088
-2351
-1390
-1312
-1225
-1285
-1318
-1491
-817
-256
168
472
-480
881
2053
1756
-44
1444
975
-136
377
-27
-52
-218
803
1544
1497
188
1297
1039
1332
1025
736
791
460
728
1300
195
-704
-100
1566
1629
667
658
278
1052
-711
-583
131
-921
-1212
-660
-610
-1161
-1903
-2328
-1506
-1679
-1104
-1183
-1363
-1345
-1366
-1309
-1103
-233
-117
-1281
-546
-104
-239
426
558
75
-1074
-3311
-2689
-2018
-2756
-2485
-1380
-915
-536
-136
-976
-694
694
1359
809
-21
629
1420
1643
2715
1946
1467
1463
1557
2560
2862
1050
-14
-580
-336
569
765
1058
1590
2007
3190
642
-407
-1096
850
1522
865
1194
984
-583
-877
1505
907
1522
1330
825
1072
2240
2190
1690
265
415
1580
1286
1191
2314
2100
430
-267
-1045
-761
132
-938
-2704
-1598
631
557
467
1573
1382
1615
1198
827
1451
654
-163
1539
128
-1973
-2270
-1102
-1073
-550
-265
-2782
-3384
-1528
-568
-258
-675
-1036
-606
216
394
-196
-890
-115
899
631
2345
2132
1587
1981
2411
1676
296
1124
1555
1764
2910
2318
1673
1431
1518
2072
1787
978
1065
3562
3231
2175
2182
2524
1703
1230
1792
382
403
492
-386
469
-406
-705
-138
-1605
-2064
-2233
-2401
-1602
-2385
-3113
-3465
-3921
-2777
-3411
-1922
-1322
-1947
-1337
-2022
-2535
-2865
-3613
-2400
-1168
-1863
-1142
-1657
-700
-922
-1752
-1466
-984
-1861
-2817
-1550
-1121
-3193
-3623
-2929
-1993
-1071
-758
-695
-1343
-2068
-1351
-425
-1705
-2278
-1453
-516
326
432
400
455
33
174
-49
-964
-132
-869
999
79
-427
-18
1055
1478
1496
865
462
2149
1954
2857
2142
2458
2416
1654
583
444
1288
771
961
770
1314
2216
2813
2599
2297
1005
65
291
281
369
27
493
165
-37
273
-728
-397
-239
-993
-1288
-580
-1099
-804
937
468
1721
1912
2163
379
279
1426
409
-406
45
-475
-1696
-1956
-658
-607
-1070
-1288
-2578
-2781
-1544
-1954
-1123
-309
256
1360
1502
1125
1006
1146
1106
871
-386
-1121
-2181
-2249
-2959
-3000
-792
-2424
-2791
-2031
-991
-678
-1631
-1980
-1234
-321
286
193
360
149
515
2124
981
693
-889
-727
52
1361
-60
-38
905
921
871
1049
2108
2879
1974
907
1117
1491
1599
1390
2467
2339
805
1250
2144
2406
1857
2951
1908
1023
1152
-220
-517
-14
414
464
334
1055
1591
1469
1130
349
-1611
-1418
-271
-259
114
-933
-1459
481
1285
75
882
-1116
-2922
-2832
-3100
-2794
-2303
-2232
-2731
-1461
-1178
-2015
-3544
-3473
-2916
-3332
-3262
-2986
-3072
-2531
-2420
-2273
-2287
-3379
-3128
-2965
-3822
-3646
-2789
-2610
-3426
-1483
-690
-1528
-3125
-3338
-2821
-2499
-2832
-2933
-3327
-2211
-468
-1676
-2901
-1306
334
133
399
803
50
1499
1757
1203
179
-394
748
938
1952
1038
754
1023
1980
3155
1528
1271
3426
3426
2419
1684
1970
3475
2746
2720
2688
1697
3255
3329
3615
2643
3501
2604
1820
2610
1429
313
377
268
238
-1175
-726
-168
157
780
103
-255
-1097
-811
-655
-553
-1133
-489
-1465
-1796
-2529
-3251
-3522
-3006
-2671
-3345
-3314
-3521
-3529
-3549
-2722
-2750
-2172
-3195
-3212
-2724
-3123
-2723
-3922
-3334
-2688
-1480
-3490
-4215
-2850
-2111
-1613
-1109
-2529
-2197
-2057
-1438
819
1029
-1135
-1042
-660
-413
587
121
-824
-1880
-2040
-1703
-1220
-175
1010
-481
-173
-103
660
1050
1975
2730
2125
1953
2550
3587
4429
3168
2717
2556
2925
4207
4195
3919
4064
4974
5700
3920
3224
2663
3174
4391
4492
4596
4751
4338
3799
3552
4024
3646
2633
1836
3263
2781
3302
3462
3775
2559
1567
66
-1116
-1833
-882
-48
-1301
-1834
-2003
-1912
-2126
-3416
-2340
-1543
-1648
-2212
-2717
-2918
-3299
-2574
-2458
-1519
-1191
-2139
-3961
-3517
-3381
-2218
-2194
-2829
-2439
-1815
-1684
-2666
-1887
-1247
-2276
-1852
-1790
-1708
594
1611
1342
88
-1847
-1379
-1392
-637
-304
-1921
-2158
342
129
-270
-525
-792
-629
-107
888
1227
2146
2826
2792
1235
-242
-216
431
1373
1030
783
273
143
9
259
1264
1855
2102
1583
2132
2354
2916
1949
1458
1969
2065
1643
2279
3256
2259
2004
1860
1824
2512
1883
1496
374
218
-960
-560
84
-866
-1552
-1750
-306
-482
-1449
-1315
-1474
-1184
-1898
-3897
-3467
-2595
-2188
-1303
-2273
-2391
-2633
-1784
-1839
-1162
-859
-1624
-2697
-3339
-2280
-2245
-2250
-1715
-929
-115
-321
-1293
-1796
-3069
-3103
-1707
-1166
-459
794
950
634
683
649
-1538
-2318
-781
-396
-1960
-2167
-203
542
-323
-1634
-1488
-490
301
-381
-429
-1381
-618
-957
163
931
-86
310
998
1444
202
1348
-561
-85
406
945
1715
2579
3272
2823
1968
3612
3376
2137
2898
2489
1964
262
533
779
1768
1081
768
1767
1924
1324
1276
346
139
1833
1652
1259
321
1083
354
1261
1651
1153
988
705
875
379
-517
-1224
-1673
-1532
-404
-311
-799
-1537
-3022
-3157
-3670
-3033
-2315
-3092
-2627
-1765
-1543
-2006
-2898
-2855
-2968
-3072
-3276
-2260
-2254
-3082
-2361
-2747
-3139
-2896
-3162
-2607
-1852
-1342
-739
-402
-1090
-1003
-158
-54
-670
585
1011
514
1325
1306
423
-148
-606
-1711
-2781
-3998
-3246
-2060
-772
-2587
-3756
-2326
214
1787
1116
-218
1026
1784
2759
2862
1788
1306
919
2333
1414
784
732
691
182
387
1519
1532
1793
1205
1428
2957
2387
1872
-219
57
1052
1026
1423
1559
-211
-918
-180
1289
1732
977
15
-444
-1526
-1475
-1524
-807
-116
-1033
-2058
-2118
-676
-2026
-2833
-3364
-3088
-1808
-2196
-3264
-2767
-1547
-3803
-3394
-4245
-4617
-3852
-3356
-1655
-1487
-1380
-1363
344
-557
-1503
-1439
-838
151
-879
-1164
-625
-1417
-2204
-2593
-1560
-429
-936
-1222
-2499
-997
-981
-211
-74
682
2391
2798
2507
2103
1751
1276
1407
2525
541
-892
-45
-172
1120
1493
968
565
1282
584
109
-1473
-1816
-721
-230
-1731
-2137
-650
717
-118
-1401
-600
-792
-401
-170
817
1186
959
138
1040
532
998
1898
918
1773
2296
2127
1519
1673
1672
1055
-522
-699
-369
862
1338
1206
727
-295
189
-613
-1581
-2092
-1943
-1666
-950
254
-191
101
149
-529
-841
-1919
-1569
-1143
-1608
-523
-1382
-2269
-875
1060
502
196
-862
-864
335
-35
-558
-390
-558
884
436
-108
604
154
-998
-200
1428
1867
-292
-207
737
534
336
1311
1184
1478
1908
1153
2089
3095
3036
857
1049
1376
1090
364
2223
3322
1415
110
62
-919
-485
-1608
-2799
-2556
-3005
-3115
-3816
-2970
-3143
-2746
-1853
-1357
-1453
-2254
-3004
-2697
-1735
-1308
-1900
-1998
-1999
-1203
-486
-635
-324
-164
157
705
953
446
138
1612
2322
990
1554
1854
1415
1737
2775
2559
2229
1694
1941
184
-973
274
236
-17
-2184
-2124
-1733
-1441
-889
-360
-500
-698
251
745
354
-741
-700
-1398
248
304
302
1680
936
-214
-89
-124
-1812
-2088
-362
323
690
-287
120
945
-696
-501
869
69
357
926
1848
1277
1224
-452
-943
-817
61
198
-179
302
-129
-108
738
281
-60
-462
-788
-721
-1089
-979
-1269
-964
-1098
-1151
-1040
-1314
8
677
326
-1053
-712
-1048
-468
-277
-1088
-1218
-1977
-2424
-2093
-1502
-535
-538
-154
105
312
-378
-316
-237
288
338
964
1038
2852
2758
2773
2847
2506
2095
1472
2153
2449
2324
1806
312
1082
2600
2458
2886
2169
1790
1065
-613
-677
-1586
-3058
-2544
-1430
-566
-530
-183
-1470
-1765
-1198
784
1346
17
-91
311
1643
2617
1655
-383
145
-137
-1158
-1699
-585
-457
-719
814
759
-316
-1121
-826
-326
-1638
-1792
-1893
-762
-1467
-907
-188
-472
406
-229
-1489
-1162
-1218
-1528
-1966
-2011
-1240
-1559
-1600
-698
-280
-1227
-566
-779
-672
851
258
-541
-328
-1289
303
1370
1303
-228
-397
187
-505
-1838
-2104
-2741
-2054
-696
-867
-1391
-2762
-1935
-568
1841
1578
-333
-1302
-441
1032
1767
914
-360
-488
1258
2551
1295
1252
1355
1616
2621
3041
2438
1776
1753
2860
2200
1167
1063
1150
563
-76
-231
-2149
-1636
-556
-579
-906
979
1669
716
-825
-1375
-341
-725
-244
-153
-553
-665
346
-448
-1821
-1713
-1346
-2355
-1307
-542
-407
-854
238
5
-1452
-3003
-1242
23
-1273
-2025
-2186
-2638
-2631
-1552
-2396
-3079
-1850
-323
-584
-783
-326
181
441
108
-1537
-3533
-2127
-1393
-1154
-1407
-1272
-227
-1191
-3124
-3063
-1344
-800
-3029
-1432
-749
-1307
-711
-1156
-193
-514
-1979
-2476
-1715
117
-1187
-570
-851
-266
-74
-1
1083
857
750
2297
2038
1695
862
716
1538
831
714
537
2769
2994
4095
4171
4220
4556
4007
3667
3613
4460
2332
1242
53
37
-83
-797
-1155
-488
-1108
-1931
-2682
-2354
-1448
-1832
-1500
-833
-1768
-2575
-2279
-1492
-1180
-3579
-5160
-4429
-3973
-2266
-2449
-2653
-2507
-99
267
-138
-1134
-974
-1084
-1201
-451
-2073
-3184
-1264
339
750
1253
814
505
96
476
-83
-1128
-2898
-3009
-595
-1070
-1973
-2418
-2811
-3126
-3022
-2438
-1702
-2124
-1949
-883
-1468
-2292
-2071
-932
-1163
-1400
-1419
-2089
-1602
-409
-308
-812
-1595
-1407
-1006
741
1146
2423
1785
3265
4231
3885
3352
2143
2049
1731
1852
2825
3298
2800
2342
1275
1118
2374
499
1035
1413
2286
3228
2975
442
-431
-612
-1629
-454
-1997
-2737
-1693
-1955
-1959
-1808
-2105
-2978
-4463
-2893
-2636
-1553
-441
-710
-3094
-3209
-2308
-1872
-2988
-3152
-3259
-2651
-2420
-1387
-2173
-2028
-2223
-2821
-2872
-976
-128
-1065
-1559
-531
-408
-1826
-2035
-1877
-1199
-1735
-1582
-1438
-1319
-596
792
1055
-248
-558
-1407
-2705
-2374
-948
-538
-1943
-2379
-2336
-1346
-685
-1393
-1317
-714
-168
1047
392
534
796
1348
1305
571
626
573
683
509
-322
288
1363
480
973
2104
3433
3914
4193
2239
1168
729
1271
1371
1609
1288
1151
541
-48
1324
1941
1538
1151
904
-630
-194
397
-271
-1151
-1891
-2157
-4002
-2990
-2004
-1286
-702
216
647
463
37
-476
-1403
-1540
-2469
-1560
-1527
-1698
-1299
-2726
-2358
-1566
-1829
-1624
-1113
-445
-879
-981
339
42
-432
-826
-992
-925
-784
240
-400
-163
252
-687
-784
-724
-200
-386
-935
-1515
-2391
-991
-124
-673
-90
-643
-1135
136
106
-1504
-757
451
396
-88
-80
-300
-2041
-1757
-197
-151
-542
82
1738
2290
1765
1606
1367
1880
2700
2256
1501
2547
1532
350
177
1014
1072
1765
2355
1780
993
1629
2366
1817
1351
548
-48
1010
1975
1553
1177
-544
-62
1154
1066
-258
-530
236
904
958
1043
151
-927
342
-551
800
134
-421
-351
-1468
417
91
64
187
735
204
-958
-410
-1410
-1308
-960
-258
921
863
707
678
-780
-1714
-1534
-814
-630
-840
-2104
-1591
-1226
-1799
-1836
-1921
-2466
-2381
-2154
-2733
-2485
-1690
-732
-1581
-387
66
-9
-1394
-276
510
1063
-531
-1224
-1418
-1639
-1784
-1547
-618
-562
-622
-669
368
2179
3362
1979
2089
1802
2106
1473
1237
1717
1960
1081
1210
2071
1985
1568
1339
2406
1646
275
796
304
1301
1338
-283
-56
320
1170
1660
970
974
80
57
431
805
1447
315
-199
-543
1461
1300
93
-174
-899
-461
198
737
-401
-222
-72
-542
-366
70
304
-1543
-2187
-622
946
-880
-304
1842
1375
-212
885
1089
557
1440
2068
2358
1649
494
-1396
-903
430
-1179
-2836
-2677
-2204
-1360
-2011
-1588
-1012
874
616
172
1186
497
528
-212
394
-735
-1307
-1109
-1385
-2173
-1546
178
434
259
-188
1124
3158
3308
1779
1622
660
261
-1585
-2250
-1696
-605
-187
510
335
900
976
1076
690
410
1287
607
488
31
-891
-1353
-314
864
849
146
-821
-1065
-892
318
883
187
-651
-787
-489
214
1247
2034
1341
269
378
497
1174
827
1781
1610
-53
394
1102
526
244
17
439
1187
1396
914
11
177
997
1819
1705
-1624
-3335
-339
739
1546
865
388
-367
359
811
728
445
-125
-163
745
1015
-88
-189
-402
-1779
-2146
-2314
-2372
-2788
-2012
-1708
-1838
-1296
-2345
-2489
-2833
-1834
-890
-1767
-3019
-2046
-416
-574
-799
-226
453
180
-270
-782
-1519
-1672
-1640
-1336
-356
276
1160
570
-277
-863
-979
-780
351
862
1618
805
209
1053
337
13
-275
-195
477
298
506
693
-414
-189
-527
-42
1632
2455
1079
1559
3184
3897
3360
1271
1807
3299
3860
1504
1138
-347
-373
1410
2383
1968
2788
3159
3293
2461
930
932
1689
1864
1135
490
-705
5
361
790
-763
-615
-484
-1384
504
-230
-46
-175
792
561
1801
2422
1086
699
524
428
42
1435
1439
-340
-1838
-3087
-2046
-1308
-1556
-3170
-2292
-2080
-2665
-2887
-1841
-356
-576
-626
-755
-1480
-1583
-954
-623
-564
-482
90
397
460
42
1059
1540
1715
1737
1156
1241
482
-51
714
-792
-2246
-3480
-3269
-1444
-707
-533
-644
-274
124
398
1035
1202
1056
-210
-41
-807
-187
250
785
2398
2323
1548
1344
2320
1382
461
1013
1512
742
1335
1461
1620
1606
774
16
-1209
-531
-300
300
1185
1207
1495
-181
-276
-663
715
1406
783
813
1387
2341
880
468
517
133
-590
-615
-283
63
-843
-2268
-1975
-1095
-156
512
657
404
-1028
-151
277
-492
-1323
-1669
-1133
-295
-338
-2367
-4047
-2369
-2832
-3637
-4739
-4104
-2289
-1634
-1921
-3289
-2304
1115
1524
745
-74
748
929
662
754
478
-363
-1660
46
689
-53
-3
243
359
826
981
-32
-147
-19
61
-1028
-1071
-1670
-813
-813
-807
-799
-1413
-491
9
1129
867
-221
-408
-1510
152
964
313
1842
1986
2000
2203
638
-216
1133
2202
3157
4908
2164
807
1904
1764
485
1244
-49
-55
878
1270
2137
18
2699
2292
2019
1137
-940
690
1850
2913
1639
-68
-1098
-1813
414
886
747
-47
-1341
-1143
-1635
-942
-2013
-1729
-992
-2138
-2284
-1154
-1893
-2390
-3046
-2769
-2715
-3129
-1478
-1430
-1551
-1711
-603
116
-18
61
-1044
-1711
-1119
-366
-1300
-2082
-2693
-2839
-1693
-847
-1837
-1932
-973
-889
-1161
-354
965
1317
-64
501
-402
-345
-1044
-1151
-799
-1796
-727
468
970
529
11
-124
1888
3085
3291
3156
3393
3642
3271
2655
1945
1672
909
1193
2590
1284
1076
1152
1452
1345
984
1376
1220
1960
1894
2241
3241
2840
1336
-264
-146
496
763
28
426
1239
1976
-16
1109
1569
1093
916
811
2035
2612
2242
1389
1225
1640
1304
-674
-1753
-2343
-2631
-1508
-1476
-1399
-2390
-2720
-2486
-4048
-3122
-1604
-2082
-2569
-2077
-1157
-1391
-1494
-1855
-3440
-2729
-1552
-1265
-622
-411
-985
-2074
86
-65
-371
-868
-772
-486
-562
-2163
-1499
-924
130
277
367
2202
1466
541
538
1183
2290
1516
2131
2874
2797
1984
2127
1424
1767
1108
706
224
1513
2085
1376
1923
1804
531
-208
-81
550
460
324
1034
1449
567
-18
-891
-69
-104
382
546
816
1257
1711
2572
1067
867
819
-1079
-810
-187
343
860
483
390
-625
-721
-91
62
-15
372
-48
-979
-618
594
52
-1167
-1296
-852
37
2345
2973
2130
1948
425
748
547
151
-1159
-2192
-1877
-1099
-386
-573
-1052
-1610
-1066
-173
-1072
-1556
-1355
-1917
-714
-348
-300
-1463
-1394
-2012
-2174
-1069
448
1091
-729
-404
417
1247
1727
1263
1397
851
1682
851
1009
2729
4122
2198
1283
1392
2779
2823
3187
3429
3234
3652
2998
1584
335
-1104
-2039
-774
-1403
-2153
-1314
-658
-1376
-1063
-42
-386
706
-332
239
387
-789
-712
-1218
-1430
-1093
-2006
-1039
-1129
-1542
-24
963
1584
787
-27
248
163
40
27
280
-1058
-2130
-2244
-471
-68
260
933
1808
758
-70
1008
18
-1554
883
2275
-213
-152
900
2249
2142
1012
606
390
139
-117
144
383
-754
-296
-870
-888
-1645
-1415
-868
-960
894
851
133
-434
-565
-784
-2606
-2742
-640
723
1047
-1460
-785
-1301
-938
-128
-121
162
38
510
1433
2850
1583
-271
709
1376
1485
1170
1543
997
110
-873
676
2238
1900
1161
1015
201
-154
-236
216
1999
1718
732
-149
327
788
700
616
-1322
-1731
-1108
186
1299
811
171
-615
749
1991
2685
1664
1264
1804
1253
1045
1802
685
-653
787
731
416
-140
-1083
-688
-919
-2429
-1894
573
948
2062
1810
1846
1421
409
48
-607
409
840
-490
56
1230
1498
2791
1723
421
-1631
-1731
-437
-1175
-732
-211
-1142
-2586
-2849
-1218
-1144
-952
-1495
-233
-743
-1197
-1079
-405
-1589
-1735
-165
-711
-451
-46
-985
-991
-1384
-632
-762
-486
889
552
1412
2495
2117
905
-918
726
1733
486
968
1335
1613
266
351
320
205
570
1107
1435
293
453
-806
-1922
-2225
-1387
-55
665
891
-217
-1063
-1182
115
1660
1637
-1245
-773
389
255
-479
-1015
-1125
-2274
-1779
-1229
-1541
-1219
-1802
-1430
-867
-506
-1096
-1140
749
2199
672
-396
-872
-904
-3399
-3593
-2419
-1154
1996
2793
2163
973
221
-481
372
1597
1425
1769
1494
1626
2158
2054
141
-1941
527
986
582
-142
-190
-851
-782
-1086
-808
973
304
-8
-320
-442
-1324
-1218
-873
-190
499
194
-711
-184
1098
1072
599
-38
731
-66
-523
-597
-908
-761
-1666
-2168
-2229
-75
1588
1314
-17
307
1711
2683
1197
1540
1024
-231
922
1040
884
526
1910
2279
2178
3020
1758
-146
728
1744
2526
2736
1620
2109
2983
3775
4896
4300
2412
1091
424
151
1874
2076
1666
814
207
838
2200
954
-163
247
-812
-1085
-450
-198
157
629
2320
1905
1268
2012
3251
2000
1294
2376
3306
1603
1631
1351
1183
2108
1355
585
-118
-596
-1345
214
2193
1205
291
512
-148
-264
-682
-832
-1686
-2704
-3942
-3183
-2851
-2752
-1117
-2012
-4279
-3157
-1181
-983
-803
-945
179
328
377
527
400
-1508
-2746
-3441
-2654
-2590
-1636
-927
-1619
-1041
-718
168
-1726
-1944
-2029
-1005
184
-83
-1591
-2011
-739
1211
136
-640
99
1169
1070
1792
1377
924
1469
2065
1521
1052
887
669
611
1409
464
-217
-376
1627
3103
2911
4113
3061
2318
2217
1992
833
135
35
-144
543
1175
1276
-696
-272
654
1139
1025
687
-168
-644
-621
-323
-535
-39
-455
-1483
121
1212
1744
2054
719
1013
227
-764
-21
-113
-768
-1270
-1641
-1510
-2715
-3725
-2581
-2435
-872
-508
-1155
-1106
-1057
-1706
-1025
-2014
-3178
-3085
-2864
-2680
-1768
-1404
-1578
-706
-445
-2020
-2843
-2210
-936
-179
449
754
1757
2233
1303
562
812
612
-69
-39
1271
3023
3079
2142
1294
1234
-113
1154
937
1256
1509
2009
3366
3021
181
171
3273
3322
4205
3702
4192
4514
3943
4297
3993
2321
2220
1760
2359
3372
2037
694
1775
2480
1374
1306
769
1867
1321
1580
520
282
751
-521
-412
-583
-1431
-588
340
-182
-630
-1233
-183
1553
946
-1293
-1434
895
972
1102
2016
1924
164
6
370
382
-1011
-695
-129
338
576
-1028
-2098
-852
791
-759
-930
-2081
-1875
-2481
-773
751
820
-1026
-1597
-154
-592
-397
-178
-422
-1256
-3
1363
237
-677
166
536
1650
672
1797
1488
1443
892
-375
355
969
1894
1572
1593
1449
1406
2025
2057
923
-487
-1246
-616
151
1100
261
198
634
293
1053
2770
2412
1636
1071
589
581
417
1860
2054
1189
-473
-1038
-797
-380
206
422
64
45
2177
3173
1757
630
686
865
1269
1461
-373
-1582
-729
-505
-476
-603
-706
-1519
-1326
-658
-1961
-2047
-776
-1759
-1633
-2109
-2927
-2810
-2941
-2367
-964
-178
290
676
-281
-1033
-2591
-4693
-4700
-3725
-2895
-2542
-3361
-3798
-4236
-4407
-3417
-1797
-1894
-2110
-2537
-2080
-2833
-2760
-1057
-3090
-2893
-1735
-2173
-1958
-1403
-120
-1153
-2310
-640
-441
-870
-662
-665
313
481
478
68
-457
447
939
1670
624
-403
539
1539
2920
3717
2029
2197
3094
3720
4331
3071
1921
1806
3489
4072
4140
4952
5057
5556
3779
3164
3343
3331
3804
2247
1072
2353
3186
2604
1178
308
376
-898
-532
1260
1307
2405
699
-80
-1398
-1591
364
842
344
-465
-1464
-1830
-2309
-1284
-1339
-2183
-2773
-2187
-1338
80
-1116
-1499
-1975
-2345
-1657
-3898
-4396
-5893
-3697
-2625
-2715
-2536
-2369
-1337
-1894
-1523
-1358
-3103
-2563
-1187
-1783
-2904
-2502
-2434
-2616
-2491
-2357
-2777
-483
521
320
-1219
-1484
82
803
-218
-757
-732
-177
341
1
472
-83
452
2972
3228
2009
1810
1777
2279
383
499
1789
1609
277
-886
1353
1435
3072
2423
2852
4966
5008
3951
2866
1215
1351
548
-638
-729
-989
-824
357
984
-214
-1186
-1870
-583
541
-275
-1079
-515
373
-6
-213
-1057
-2059
-1076
-2139
-1694
-1312
-2066
-1445
-2325
-1729
-942
-2045
-1366
-1365
-1935
-1289
-1733
-2227
-2299
-2096
-1826
-2376
-2742
-2135
-1783
-2120
-2446
-2381
-2208
-2459
-3499
-2539
-1358
-1572
-2430
-1314
-1345
-2123
-2188
-1938
-2776
-2166
-2150
-2650
-2475
-1736
-911
-237
-375
-2176
-1712
-1901
-1194
-607
-554
-79
-1701
-1329
-323
-692
333
-19
-235
-672
-1146
160
1858
1784
1166
956
401
894
2834
4024
2914
2121
1619
1881
1631
2247
940
424
354
948
-81
121
966
2227
2449
1668
1219
1331
2266
1513
849
1628
1090
-99
-213
-929
-250
1435
828
-356
54
-691
-998
-1526
-1054
-1598
-2020
-968
-533
-747
178
1138
228
-486
-313
153
-1033
-1631
-777
924
185
-1234
-2465
-1812
-2982
-3243
-3300
-3268
-1232
-346
-1945
-2241
-1759
-1266
-1893
-2177
-762
-1237
-1545
-2670
-2114
-841
-413
-946
-1378
-513
-1446
-1970
-2188
1070
2304
2337
3175
3020
4579
3586
1650
138
33
1725
282
-153
971
545
555
677
1991
2575
1531
324
844
1137
2807
1366
512
2796
3972
4818
4256
3098
3538
2107
550
-503
13
292
335
-77
602
1213
1808
358
40
-208
-755
-1639
-1958
-822
-395
995
124
-982
243
91
359
95
23
1094
474
1523
2122
1329
-81
-1845
-1181
-754
149
-426
-1658
70
-111
669
1536
195
249
187
639
111
-892
-705
-1
-1
222
1431
3039
2366
1066
2177
1924
1885
2118
2345
2119
2540
2229
2146
1696
2768
2591
2005
2470
2476
3075
1837
2453
3012
2514
1423
2072
2805
2455
1998
2255
1798
466
-1031
-997
892
1356
299
-646
-403
695
-185
31
53
-272
227
3449
4204
2199
2919
2520
1548
1643
734
194
145
-671
270
186
-380
-287
-350
104
18
5
-366
71
-292
-236
-1086
-1849
-2302
-2273
-2460
-1868
-1754
-2809
-2113
-1131
-447
-66
-629
33
-162
-1987
-1109
-1342
-1284
-1167
-1124
-2806
-3004
-2780
-1469
-1650
-1469
-779
-184
980
2711
2775
2296
780
792
1095
1974
3204
2432
2638
1908
1988
964
586
-331
-197
214
267
798
473
371
143
-713
-1433
-717
-1408
-1806
-1913
-2087
-1554
-1893
-2539
-1136
69
-368
-1087
910
1884
1268
858
-25
973
312
-220
400
-80
337
1025
2146
2088
883
1919
3612
2792
1901
1616
1193
1203
1190
1646
1685
2731
1770
731
-29
1345
2271
2123
2092
1165
204
-13
1076
2891
1274
-600
153
1869
2219
-763
-1283
704
511
377
1968
2010
1309
734
2376
3578
1131
724
1102
2456
1878
719
281
160
397
1194
1501
157
1196
3150
2557
1879
2050
1145
938
2230
3211
1521
-14
-854
439
1245
1542
2350
2450
1886
1939
1862
2127
2629
561
-117
-656
-132
-836
-2452
-3019
-2736
-3375
-1890
-169
-557
-511
-215
940
2160
1740
739
-381
375
598
793
727
1207
1732
2179
3224
3492
2922
1755
1473
834
949
-453
-167
226
-124
666
1680
2131
1395
-113
508
392
-297
586
331
1027
593
-357
-320
-709
-47
-200
-443
-1635
-506
462
-1212
-1262
-792
-2322
-3159
-2398
-1342
-650
-142
-146
298
140
314
1178
1299
1175
726
708
644
987
1052
408
104
-1047
-732
-446
8
-516
-972
237
1022
786
472
784
629
1729
1608
2537
1117
880
31
-433
-1025
-1752
-1808
-1431
-551
-774
752
-628
-840
147
285
-59
-2166
-2190
-1538
-297
95
-918
-1704
-686
-1227
-948
-1245
-1098
131
466
903
-111
-888
632
3361
2907
2058
426
-355
375
1705
2389
1817
698
481
1137
180
1783
1249
-662
-1237
-452
666
-491
-1377
-1805
-600
393
26
-698
-1194
-1620
-1175
-1764
-2020
136
1746
509
754
1564
1486
-179
-1278
13
1604
1615
-1054
-208
-455
-544
-460
475
249
-789
-153
1747
2259
1474
2570
2197
3948
4361
3677
2993
2675
2523
1101
193
-1002
-1547
-1662
-1625
856
3415
2426
2646
1757
1545
2004
2453
2123
967
1790
2741
2706
1388
-143
-1956
-1651
-1174
-673
-448
-1055
147
1359
25
-1082
-271
447
340
1426
1626
1537
1577
1472
1846
2121
2686
2559
1535
744
1990
2919
3144
2155
1672
2106
3026
3244
3280
3005
2227
1956
973
-37
-621
-839
-1678
24
581
-62
-312
-367
-631
-1521
-823
-239
316
1178
1063
745
663
846
476
-990
-614
253
495
119
-335
-1884
-518
-626
-1697
-1428
-1865
-631
-40
438
226
1215
1763
2312
1711
2546
2008
1095
334
-1790
-787
-76
145
138
205
1235
507
-1132
-558
490
1122
910
270
435
-548
-673
729
-455
-2716
-2360
-1553
-2707
-2432
-1810
-2056
-1257
-1243
-1354
47
318
-510
84
289
237
-1258
477
1553
-771
-613
-738
-61
613
-230
-240
1559
1658
1100
1689
2375
3008
2415
2655
3109
2996
1624
1118
240
27
-1439
-1342
486
548
496
438
424
1002
1465
661
200
237
-17
-893
675
376
-766
-611
-607
-552
-1852
-1918
-1859
-2477
-1956
-2308
-1810
-2176
-2173
-1776
-2868
-1835
-2109
-1249
-958
-1275
-2392
-1500
-472
-828
-1064
-1526
-365
-1547
-1761
-316
814
898
45
196
574
843
236
1380
1046
179
752
1137
1016
-132
50
182
50
-1413
-1038
890
1304
1173
618
439
-666
-919
-570
682
2862
3076
1793
-546
-766
-145
-702
-1376
-832
-394
892
1944
1091
1691
2071
2168
2278
1765
1107
516
1393
2248
1373
1264
1071
2074
3293
1969
1334
-400
-140
2744
3349
2862
2648
1205
883
1290
913
1666
122
-554
-1233
-1639
-1155
-1195
-753
-1281
-1667
-27
1421
516
-316
-2054
-1604
-1786
-1974
-1751
-2758
-2810
-3007
-1803
-1197
-1210
-906
-1070
-249
1234
1568
2013
477
2165
3264
3291
3356
2637
2077
2189
2378
2013
2060
891
711
1724
1662
1189
762
1007
-172
412
-383
84
417
40
651
-687
257
401
1431
834
-225
-1129
-1196
-1576
-1928
420
841
-123
-1780
-1076
209
557
-1747
-1655
-930
-140
-511
-1175
-679
-1126
-1598
-690
-1764
-3247
-2831
-2528
-918
-926
-1890
-1633
435
2081
678
-219
9
905
1330
1106
723
-129
-858
-798
33
334
541
631
-449
1293
450
-312
-301
391
56
-1469
-957
-1438
-2630
-1727
-2715
-1313
-556
-1643
-1340
-712
-245
893
1148
682
2048
2117
-189
-760
246
-102
766
1156
528
927
1809
2674
2236
1964
1372
2357
2793
2663
3404
2804
2414
2168
1777
1045
457
1132
589
829
1004
493
-569
50
-187
-1569
-690
1268
1834
932
474
148
1116
1425
56
293
-1297
-935
715
1450
2050
443
-726
-60
-1363
-531
-707
-350
-1112
-678
103
873
388
-213
-380
-1018
-699
1350
2224
3277
1958
2357
1555
526
69
-747
-188
-956
-1180
-1003
558
-67
-861
-1630
-1410
-470
8
337
93
343
-626
-1271
-1716
-967
-348
-237
1775
1289
135
31
1635
1267
778
397
-27
-108
-100
119
1109
1613
536
431
-61
1146
2150
1323
562
370
735
998
1052
1906
397
-825
-205
-11
279
2205
3497
3023
2298
1527
2888
4544
3998
2898
1836
3250
3986
4286
2129
1150
1917
1426
375
220
-482
-773
-299
-497
-619
-1033
-453
-231
739
-307
-1383
-480
-188
-223
-846
303
1108
1385
2317
3254
2021
2056
2299
2952
4518
4066
2674
3466
2707
2075
2667
1759
711
669
564
211
56
410
1064
1108
688
348
390
818
-484
-400
496
1267
2202
1347
963
1742
2518
3266
2302
1668
1245
1162
133
696
1649
1051
-174
149
762
1272
1136
-407
-1308
-701
4
828
648
275
366
528
748
177
-300
-458
-325
-226
25
1922
914
1139
2030
1426
-244
-589
-552
-310
-2
-475
-233
-427
-161
424
927
-1863
-2063
-2200
-1221
-102
-904
-2466
-3007
-1766
-1111
-1058
-905
188
61
-404
-1041
-1426
-2249
-2430
-1572
-1834
-964
-278
1034
545
199
1098
662
1511
1724
1734
2138
2568
2867
3314
3021
1555
1139
1769
1724
1277
293
-721
883
831
31
-255
-452
335
1267
2285
1046
210
582
492
1570
761
476
-475
-970
-629
212
1174
1389
1331
1533
2594
4289
4151
2672
2030
2289
3047
2699
1589
2172
3761
4470
3803
1758
2544
992
744
1026
471
1841
971
1830
1193
647
622
102
148
1582
634
-372
-4
-213
549
899
1181
-627
-73
-288
-2428
-1419
469
-86
-1058
-453
-255
246
202
1125
953
-1109
-1058
-1833
-3641
-3532
-2209
-989
-994
-2415
-2535
-2275
-1613
-1036
648
-1039
-1593
-1558
-884
606
502
-408
2493
3000
2940
2590
1910
2632
2791
2945
2617
2599
2073
2140
2689
2325
1869
1735
765
1254
1700
285
1304
2178
1104
1672
1001
1291
-690
-193
1121
2176
2460
3516
3342
1735
2207
2586
3119
1839
1347
3171
3446
2280
1873
901
-417
-448
1755
1499
-207
-463
-1331
-263
432
-39
-978
-1258
-1180
-1509
-1012
-1160
-2629
-459
-753
-1996
-1034
-466
811
773
252
-778
340
910
172
-766
-894
-3688
-3788
-2268
-1577
-2458
-2847
-1687
-1327
-486
-924
-1357
-259
-2157
-2163
-394
138
1160
2115
-183
-419
759
175
-801
-1067
65
823
1237
-535
891
3056
1842
1728
2572
1958
2092
3199
3580
2459
2346
2521
2343
2085
2010
2520
2326
2139
2998
2942
-713
-1538
-746
1119
406
389
378
-927
1402
1089
559
-17
-674
-140
-375
-96
-511
-1438
717
2021
1168
267
101
1181
1417
1567
654
595
-1146
-1771
-1630
-1559
-1622
-1899
-2261
-1197
-29
278
119
1362
887
44
463
875
892
-604
-745
-1399
-1241
-1261
-1989
-2496
-1602
-622
-501
-972
-1378
31
576
-1124
-438
-1608
-557
-737
-701
-2185
-2223
-2066
-2182
-1497
-1993
-1373
34
1384
991
736
1871
4404
3618
2671
2006
1750
3165
2516
2082
-35
407
1495
1551
1348
711
1254
2964
3219
2197
2037
2924
3104
3515
3321
3774
2016
1266
3148
2993
2579
2068
2874
3249
4254
2667
2547
2081
2722
2451
1549
2381
808
874
809
1003
-824
-2206
-2591
-1456
-56
36
-33
-663
395
759
1100
-129
-785
-1990
-2635
-1538
42
53
-100
200
110
-376
577
515
-127
732
1131
177
674
1018
426
-172
-643
-1030
-801
-1276
-3162
-2603
-2553
-3094
-2475
-1509
-1337
-1702
-1634
-852
-2211
-823
-1220
-1584
-3481
-3547
-1255
-961
-963
-1623
-23
1681
2875
1779
1712
1795
2006
1188
1133
963
481
1888
2849
2806
1722
2035
1715
2286
1880
2153
930
1398
2723
1608
1397
2310
2007
2596
2419
1171
1724
2254
1934
2041
1579
586
16
965
672
33
455
181
-260
-454
-1426
-2544
-1908
-1419
-2961
-2665
-1063
-458
248
-852
-797
-1414
-1484
-2055
-1667
-553
-728
-825
-313
-229
749
175
-515
-6
-425
-1075
-1072
-1756
-1681
-741
-300
-524
-247
-505
-1019
-1204
-1795
-1924
-1916
-2518
-2430
-786
-1398
-1994
-2317
-2438
-1733
-1317
-193
1118
1687
1004
-43
5
102
-1745
-1340
489
1681
3338
2412
3017
2678
2452
2047
2254
2454
3502
4242
4166
3631
2676
3762
4189
4018
3773
2916
2686
3169
3538
3266
3054
2046
2495
3644
4334
4349
3924
2700
1588
924
1281
-566
-495
679
1371
358
441
832
1222
1383
-725
-1707
-2754
-972
-727
773
10
-776
-577
1243
1073
-604
-248
-553
147
1763
3202
2173
834
1618
2363
621
1209
1027
406
376
244
301
663
-237
188
999
1254
1318
-218
119
-879
-2245
-1047
200
163
-1197
-1443
-844
-343
295
-83
-1112
-637
195
612
839
-8
158
1334
2025
3790
2553
2113
1988
1394
346
420
1382
663
1490
1272
1392
1025
1535
1895
2432
3342
3927
2694
1601
1797
1542
2284
1939
1312
923
1669
1093
-8
-211
-456
-9
335
1134
2389
2639
1979
547
-67
906
-1
-695
-1668
-2265
-1498
-399
-281
281
1401
748
60
-91
-61
-61
704
1844
1583
1275
1871
1977
2458
977
1415
1390
-278
-844
-363
1071
832
-45
-842
-99
1573
1416
-997
-912
-483
227
100
-169
-1013
-1500
-130
-360
555
444
-1070
-1301
-1179
-1551
-742
-126
994
1297
799
184
-671
324
-734
-431
468
173
-773
-685
-260
254
-183
-566
423
328
115
242
1321
1707
2682
1938
2071
1414
461
1265
1687
621
80
511
1180
489
930
1114
921
554
-268
26
-231
-1159
-766
1020
1524
-637
-1263
-173
-716
-215
-255
658
1542
3127
3024
1824
903
1143
660
1325
1401
366
230
-572
632
1786
1736
1636
2292
3253
3171
2426
2873
3184
2598
841
-28
-1328
-845
-521
-992
-443
84
-45
815
1106
24
-1071
-856
286
274
85
352
740
1712
100
43
1001
-333
-232
-13
699
277
1718
1526
1431
825
1652
2843
2362
1614
617
1008
438
963
-1032
-169
1053
-93
217
-40
647
596
1885
2559
1284
979
1240
443
835
1411
1165
-687
-1375
63
508
644
-1064
-1364
-605
-1199
-591
-662
-188
-158
-573
-1129
-2243
-1517
-1136
-981
2
554
126
-1023
266
1592
1487
2118
1890
1928
2198
1907
1209
286
1178
511
-679
-925
-100
146
-900
-1443
-303
-182
-2142
-543
-36
-755
-866
401
87
-754
715
585
-961
-1304
-1966
-2510
-1496
-788
-1566
-2469
-3026
-1350
-586
-1492
-1277
-2480
-1807
-1209
-1484
-1848
-1626
-2439
-3061
-2294
-1859
-1047
2475
1767
509
2563
1573
518
597
730
921
1197
1018
299
-420
-1085
-2010
-2586
-1789
94
1099
332
-260
534
2588
2479
1333
1730
364
-520
-840
-421
-1242
-1988
-1159
-556
-967
-515
571
-248
1225
547
819
-290
-561
1499
847
302
-767
-792
514
558
-123
-151
138
763
1114
1271
468
398
65
762
2765
3331
3547
2873
3252
4032
1819
638
1660
1137
445
-332
-558
562
115
-584
-225
-687
668
908
214
770
591
941
1240
188
-856
-1267
-378
-586
-835
-2357
-2591
-401
247
-181
-178
648
253
24
687
254
-248
372
501
-435
197
502
6
-1380
-1954
372
130
-200
415
571
1002
-40
1176
1938
997
1168
600
296
522
187
-551
-1175
-520
-1492
-1697
-701
132
-195
112
-105
-230
22
387
728
265
619
-1684
-2459
-989
-646
-1683
-1060
-1370
-1756
-248
1443
2123
28
-406
158
789
1492
1770
2485
3084
3797
3104
3059
2481
2463
2379
2124
1754
773
884
713
-346
-859
-71
1054
749
-521
-377
520
1390
104
-997
-984
-191
-1017
-1497
-1801
-2139
-2710
-3070
-2609
-2112
-3110
-2673
-1334
-1743
-2202
-3536
-3683
-3755
-3855
-4153
-4266
-3884
-2284
-1423
-2030
-2554
-2888
-2118
-2662
-1934
-2002
-75
-979
-621
390
144
263
-401
-701
-1442
-1770
-1634
-2119
-1127
-80
-238
-967
-1946
-1868
-1740
43
522
-58
-98
614
1211
346
196
977
-868
-1921
-1641
796
758
222
-389
360
-217
-452
1380
1007
1095
2520
4128
4342
2903
2058
3207
2591
3753
2568
1108
1094
642
1630
1733
945
-1002
-406
717
-684
158
1124
2119
812
287
344
-454
-149
83
-1672
-2750
-2057
-43
1118
-201
-586
175
1570
591
-825
-230
-36
-430
-1908
-1891
-2909
-1474
-442
-918
-1205
-3596
-3017
-585
314
-1266
-2271
-1626
-241
-12
-330
-812
627
345
-1977
0
1061
944
-1006
-1314
-147
-601
-2166
-1945
-2613
-1572
-667
-192
726
2
-1241
-111
1569
1530
1198
182
-449
-424
294
1450
1562
2212
1245
340
2005
3623
3269
2247
302
28
1174
2581
4230
3819
3931
3986
3350
2199
1019
1137
2586
1862
1353
2581
2983
3408
2822
2213
1590
2567
3384
4289
2420
2341
3282
3646
2806
2030
1291
600
1201
1213
1168
517
767
1551
1354
-309
406
-1088
-2316
-2096
-1231
-1635
-914
360
-911
-680
-1734
31
-1021
-2975
-2522
-3020
-2995
-3069
-2884
-2623
-3752
-2445
-416
-1989
-1506
-2622
-4013
-3877
-3732
-3469
-2333
-2653
-2046
-1086
91
-218
-1157
-1365
-2430
-1272
-1012
-2018
-1834
478
71
-1318
-1004
-1463
-1258
-2712
-2488
-2077
-1992
-1115
-1050
-353
-722
-1689
293
536
-302
1179
2124
3127
2279
2025
1648
783
2821
1695
1182
2582
2479
2554
2352
1759
1680
1643
2333
2570
1985
1220
679
1494
1256
1870
269
39
-542
-511
281
1500
2350
1684
1917
2990
3039
2796
2983
1204
219
-535
-840
-2089
-1539
-1058
-1729
-1923
-1627
-358
-1672
-1159
-582
-2189
-2814
-2568
-1595
-1411
-2265
-1194
-674
-915
-1682
-2709
-2615
-3779
-4055
-3940
-5307
-4762
-4207
-3839
-2622
-1500
-3088
-3172
-2428
-1711
-786
-1883
321
821
1265
1852
1224
1218
683
830
1686
2249
2515
1049
584
439
-477
680
979
2414
3358
2148
2193
3090
2860
3205
2375
1097
986
1821
1404
1785
1473
2482
2070
3661
5085
4447
5186
5738
5176
4881
5078
4691
4549
3968
1962
2974
2693
2680
2788
1819
2302
1288
1651
241
739
3715
2295
2977
2942
2347
1917
1091
3004
2824
2527
1896
1166
2446
2571
528
-789
-212
115
-1001
-693
-913
-1217
-1935
-2308
-1165
-1733
-3285
-4828
-4339
-2866
-4216
-4001
-3805
-3734
-3506
-3168
-2448
-2618
-2590
-3802
-4724
-2747
-2281
-2423
-1335
-1061
-31
1062
1619
-145
-958
354
-504
626
926
-737
-947
-384
1696
1279
1281
2313
3407
2309
1913
2211
3157
3560
2142
-124
736
563
477
694
738
1546
1745
986
1304
1561
1350
667
-52
1999
1079
499
1292
1610
1615
517
688
1524
-112
-623
-750
118
732
454
-944
-1483
-1541
-1621
-1725
-869
-52
1048
138
388
1391
597
544
-645
-527
-347
-1607
-2317
-3489
-3035
-2009
-707
787
1957
2839
3421
2561
-201
-1908
-2188
-3350
-4503
-2350
-3323
-3694
-2635
-2277
-2992
-2858
-2562
-3781
-3290
-2010
-947
-1252
-1691
-2505
-1649
-1395
-775
-2050
-1282
-2063
-2356
-1701
-1804
-1385
-334
549
461
-193
750
1274
-224
-323
717
1505
921
1107
3058
3496
2172
2544
2948
2953
2891
3460
2702
3587
3040
2167
2834
2079
851
1216
1001
-405
893
2448
2286
3062
1853
3122
2832
2199
2328
761
2318
2121
2246
2103
1498
1240
2548
3064
3358
2739
3263
3920
3824
3523
2872
1382
1621
1458
-378
-767
-1335
-265
-45
676
493
-219
71
-47
1223
1698
1144
778
538
88
669
-699
-2351
-2759
-2439
-2335
-2679
-2649
-2876
-1378
-1398
-3212
-3794
-3432
-2732
-1376
-1203
-1650
-1438
-1716
-2747
-1679
-1450
-2411
-3574
-3023
-2463
-2018
-1505
-2318
-2679
-2013
-326
-619
-379
-394
-134
588
1405
603
-179
659
1434
86
-258
746
202
869
1121
2150
1018
815
1509
1718
1522
576
3072
3334
2898
1779
1405
2903
2990
1296
953
983
1130
1049
740
1719
564
-262
-5
231
580
522
-1302
-638
1619
1056
252
-1001
-94
1053
2521
2087
1870
1749
1600
-595
-427
-88
-2207
-3714
-4356
-2954
-1223
-1644
-1973
-1403
-1484
-2182
-1690
-2005
-538
-674
-1556
-3341
-4778
-3541
-3810
-3548
-3001
-1531
-1052
-2191
-1183
-720
-423
-1138
-323
434
-901
-795
-1240
-1538
-779
-1001
-1557
-2600
-3110
-1482
-427
-1528
-1391
-1192
-1424
-1617
-846
-1009
-610
513
388
1200
456
2202
1586
1288
1768
1992
2932
3308
2599
1506
1848
1259
2695
2493
3887
3803
3816
3924
2625
2529
3677
3650
2915
4810
4740
4608
4482
4395
3670
2875
2600
1776
2767
2243
2538
2209
655
1274
962
1977
1914
1638
1076
979
601
631
-87
12
-1007
-1158
-344
46
1126
79
422
1159
-155
559
74
148
-388
-1295
-1270
-1322
-2394
-3829
-3116
-524
1019
988
1646
1553
766
-153
37
-945
-1242
-444
-1630
-551
576
-787
-1747
-217
1071
616
-1156
-999
-337
-84
-1556
-1050
1
-216
-494
-1012
-899
-405
686
2900
3373
1614
796
433
689
682
618
1156
894
2067
1748
2935
2244
1909
568
-420
107
628
664
1664
2047
605
1389
1834
681
843
1314
2501
3306
2029
1700
1737
2716
2604
231
-219
811
452
-247
127
-23
-1238
-1294
-32
619
-1853
-2348
-2095
-1657
-548
-306
-700
-1685
-823
-1831
-1870
-1355
-3276
-2912
-193
-57
-747
481
1956
850
335
-306
-140
-362
-255
345
598
974
-1410
-1738
-1893
-1642
-1349
-2173
-1521
-1844
168
407
481
871
-1012
-869
900
477
333
-812
-600
-540
-1832
-2062
-1672
-1412
-1356
-1070
-168
505
757
932
771
951
1127
921
-391
-1296
-1186
-914
-133
218
-1033
-1092
1367
2666
3704
2544
2228
3039
3414
3714
3380
4738
3312
1695
2262
2491
2064
1012
2350
4027
4075
3338
2562
2173
3696
3588
2890
2406
2659
1876
13
1415
2513
1112
-13
547
451
-28
729
-169
-1210
-362
4
-73
-1397
-1473
-893
442
-5
-1164
-1535
-773
-639
-1981
-1420
-845
-1302
-1819
-254
288
-1605
-1077
-758
-390
-534
-1313
-1789
-1497
-345
-52
641
-307
-202
-1633
-1454
-1995
-2938
-1782
-1237
-812
-82
215
426
2135
1200
-326
-1159
370
1291
1753
1456
419
-12
-278
-179
870
2754
2914
4135
4210
3957
3850
4381
5731
4719
4371
4743
5112
4111
3979
4244
3570
3020
3778
2403
3177
4741
3175
3505
1870
1909
1486
468
1341
1281
719
847
1148
2016
1639
1484
3226
2676
1241
-636
-543
123
1728
2481
1237
124
1040
2094
127
-625
-1912
-2530
-1958
-1230
-1626
-1485
-1328
-1025
-396
-1772
-3110
-2284
-2097
-1694
-1078
-531
-1376
-1376
-554
204
78
-207
-229
841
725
1098
845
-171
-474
-1709
-2258
-1621
-1337
-840
-1286
-1941
-1756
-887
-1225
-2591
-1283
-1149
-1428
-391
162
-661
-476
659
498
598
278
-682
457
-636
-675
622
-468
-993
-1565
-1023
55
1484
2604
3857
4046
2610
2253
2483
741
616
-502
-174
762
865
368
263
870
782
-676
190
1296
360
245
343
322
537
958
669
-137
479
-177
-634
-983
202
632
-227
-762
-270
725
-551
-177
-48
-385
192
152
113
221
1229
1743
970
-57
502
10
-324
-141
-336
-1230
-2456
-430
82
110
302
361
163
692
775
311
1561
70
-918
-859
-1793
-2037
-1746
-1129
-871
185
805
1113
792
-641
-1214
-1775
-161
720
-711
-601
1155
232
-1064
-944
-2228
-2596
-1632
725
949
1037
1254
2022
1719
774
610
823
1027
356
97
488
2520
3004
1739
2040
1641
2293
2486
2103
1253
1001
1725
2423
2955
2035
2095
1862
378
1725
620
868
2408
3453
2757
446
1986
2549
2612
3583
2555
1837
2920
2292
1941
892
878
596
129
772
1618
1095
1701
2298
1825
856
888
792
1148
1647
1557
1625
1085
-392
-903
-569
-196
-114
-1215
-610
-201
-459
-502
-901
-1690
-2203
-1337
-866
48
-199
-484
-851
-755
-900
-606
-1105
-2124
-2734
-2247
-119
-174
-222
-835
-2421
-2979
-4077
-4498
-2836
-2640
-2596
-780
92
77
-1023
-552
535
-505
-160
274
-426
-795
-581
-669
-677
-564
-253
-1505
-1881
-1044
-378
-326
-1209
-1243
-794
-280
910
1245
776
674
3380
2452
1320
629
1754
1219
-228
-173
-1318
115
753
350
1783
2281
3155
2901
1787
1057
1377
1571
2299
2700
2629
2724
1509
1215
-272
-1640
-652
-358
554
2324
3111
2553
1336
-525
377
94
-597
-234
-228
-603
-486
19
-588
-1882
-1913
-1735
-841
-1053
-592
-930
-2203
-2757
-2323
-2528
-2202
-3315
-4654
-3774
-1795
-677
-2843
-3788
-1963
-860
-141
211
-470
237
1424
1013
1202
-337
-873
-853
-572
-162
-827
-324
-1403
-833
-539
421
2629
1142
1578
2201
587
-260
1743
115
-918
-681
1605
-10
-926
210
475
-852
-1351
-1513
-932
967
1533
1433
1535
1187
363
486
1688
1519
887
679
1493
2038
3515
4169
2602
2408
2637
2497
998
702
31
-762
-1343
-1237
196
780
854
475
1427
2378
1381
1636
2258
2414
503
-525
-1462
421
-379
-3197
-2500
-2193
-1948
-3422
-3149
-2632
-1376
-1553
-1445
-474
-1157
-1481
-1843
-1280
-1627
-3295
-3599
-2753
-3408
-3359
-1246
-1345
-3340
-4175
-3692
-2136
-2000
-2360
-1147
-1586
-1198
-1109
-489
-49
-1334
-1200
782
-63
-2382
-1394
998
1915
1559
1492
2489
1937
563
1180
2912
4098
1712
1435
1198
2422
3712
3903
3756
3407
4807
4620
6964
9719
9072
8372
7199
8091
8912
9882
11480
10867
10191
11992
11660
13831
13865
12025
12334
13187
14127
15160
15252
15138
14932
15001
15061
15235
15438
15406
15598
15768
14471
14121
14712
14684
14020
14500
16002
17250
16507
15693
15370
14948
13026
13358
14497
13814
13069
13615
13518
10889
10497
11675
11871
11616
11945
12697
13855
12577
9342
9322
8961
8119
5942
5147
5294
6387
5581
3272
4747
5610
6120
6182
6792
7428
6536
5971
6746
7002
5015
3034
2139
3604
2436
1961
1674
1385
1776
2295
3763
3975
3303
2850
3108
2131
1125
2369
1922
724
1271
2801
5205
5593
4395
2019
1966
3359
3134
3576
4887
4026
2873
2142
1669
1137
2529
2190
898
1499
1467
972
-186
237
726
-624
-1216
204
324
-575
-22
-915
-1377
-184
223
-329
-672
-606
-832
-1133
-2287
-2699
-1922
-1423
-2250
-2127
-961
-446
116
1660
1453
1132
-73
-1433
-2242
-1508
-745
-2329
-4245
-3314
-1693
-1392
-1117
-591
-20
834
468
-393
-684
-36
973
1470
1583
1267
1246
1923
2132
1027
211
486
1137
1959
3125
2303
1589
795
-30
1064
361
372
545
-389
159
2091
1964
-936
-1571
-833
737
1871
1972
1451
2315
1662
452
263
-371
-30
686
1839
2908
2071
2347
1937
1889
1564
1070
1489
1486
744
1517
1290
-414
-303
-1060
-423
235
-474
-1563
-1040
-1583
-2126
-1999
-2389
-4152
-3796
-1441
-509
-799
-1002
-721
-478
-417
-638
-298
740
613
359
1136
552
33
600
-674
-1105
-1334
-293
139
-32
-635
-358
1113
144
-244
792
1176
3890
4040
1413
501
-378
-657
-656
-972
-701
-1294
-2195
-1058
-178
-6
776
661
1971
2457
2111
1952
1337
2107
1204
523
283
2445
2130
686
1226
432
-1879
-2198
-1161
-447
-824
-920
-185
-442
-89
420
392
497
-322
570
1026
572
1352
134
643
1
-1149
-980
100
185
-697
-171
771
-103
-283
-99
-795
-954
-1244
-1816
-2186
-2239
-1952
-1679
-3016
-2379
-1258
-740
-624
-132
-1479
-1664
-164
-1134
-2803
-2281
-1922
-1462
-1594
-1418
-1198
-1429
-600
-640
14
198
-160
-143
-151
-463
-169
-847
-2027
-3210
-3073
-2430
-1670
-1559
-2076
-1300
-1232
-1212
-1145
266
-960
-2479
-3121
-2533
-1029
-1951
-2090
-2379
-2013
107
1343
1409
496
-359
-804
-460
212
-788
-1540
-1421
-1452
-1141
-562
-363
-990
-631
-82
1475
2223
4165
2467
118
671
943
713
-399
353
-65
-493
-583
-14
-54
-1010
-1243
-1154
-2025
-1603
-166
269
-1389
-2515
-539
107
-844
210
-837
-827
284
1081
3009
3507
2033
780
931
580
1016
-406
-381
-398
-510
-1217
-1347
-848
-1324
-1445
-1527
-1253
-2198
-2905
-3147
-2316
-2120
-1931
-2661
-2441
-1451
-334
-334
-1110
-410
14
-11
-31
-402
-1279
-380
1655
487
-47
-172
117
-53
-827
-1640
-2125
-1274
-821
327
1385
1527
1536
1493
865
510
1520
1288
3125
2743
1334
1321
1772
3105
1825
1502
991
425
1092
1641
2800
2034
223
172
-564
513
332
476
420
-267
-277
-305
1017
1909
259
-839
308
984
353
263
101
-415
-481
-1929
-2107
-2236
-1706
-271
-411
-75
699
-1019
-1360
-769
-1449
-1369
-1054
-1994
-2473
-2944
-2011
-2475
-2965
-1945
-864
-236
-578
-1162
-1449
-1235
-1621
-962
-816
-1545
-2123
-1143
-694
-738
-390
-620
-183
-515
-357
-569
-1025
-361
-96
1364
426
-1457
-559
1306
1340
1030
739
449
2073
3145
1876
1569
1284
2679
2664
1868
2783
2344
2463
2066
1608
1308
2073
3306
2332
2151
3894
3263
2986
1837
1106
-317
-318
1256
690
438
-65
-981
-1280
-1328
-2175
-3362
-3842
-4108
-3878
-3070
-3265
-3984
-5608
-4486
-3098
-3735
-4213
-3733
-4116
-3791
-1966
-1505
-1779
-3231
-1690
-1218
-3121
-3050
-4180
-4391
-4761
-4839
-4254
-4014
-3479
-3536
-2524
-1020
-518
-532
667
524
-83
-1272
-1881
-1614
-2661
-2815
-3535
-2655
-1600
320
-253
-1069
-915
156
763
180
-184
-928
-1014
-1225
-990
-969
-936
-1591
-913
-1153
-1513
-1757
598
899
146
1393
1529
883
1168
1007
810
554
-595
-1085
39
760
1127
2054
1173
1117
344
-188
235
632
289
27
362
685
-64
204
386
570
578
612
1188
397
-392
-970
-2380
-1815
-1565
-2158
-2109
-2108
-1195
-837
1
-1424
-1772
-987
-629
-413
-476
-562
-492
-702
-867
96
1062
1097
24
-12
-342
338
1269
1396
557
-532
810
2327
3116
2851
1854
1492
111
-853
-671
-618
-812
-917
1134
964
1458
1404
942
511
148
440
-499
-82
1263
2254
626
-1285
-1118
463
-686
-1167
-1975
-1367
-396
-351
200
-1055
-1052
-1108
-2040
-2637
-2687
-1915
-1191
-1713
-1247
-485
-627
998
3243
1829
-8
-994
570
1013
203
731
175
619
2266
1840
2080
496
1020
567
-23
58
-1494
-54
240
7
-667
-2530
-2137
-2843
-1125
-799
-1979
-601
-918
-1451
-918
388
984
-222
1024
1512
1393
927
83
1183
1349
37
166
823
514
-211
228
671
1830
2847
2288
2405
2282
1935
1049
34
-2496
-2533
-1455
-1089
-493
-763
-17
-430
-1028
-1004
1548
1705
751
618
1471
1615
2507
2836
1038
-36
-963
-1050
271
-931
-1247
-699
-1195
-459
-97
-1342
-2176
-1719
-808
-982
690
71
-72
-255
92
876
1755
2528
2284
1492
755
1556
445
737
1660
1425
1269
1121
2755
3475
3033
2832
2736
2226
1787
752
159
719
359
1677
2842
3201
2435
1326
600
267
392
1026
489
694
1225
-685
-414
-1004
-2293
-2700
-640
-571
-1284
-725
-288
-114
4
-1106
-623
177
1435
1239
1642
2766
1562
1150
1233
2052
1072
999
1857
1633
3502
4355
4132
3615
3285
2473
1053
563
1406
905
1034
1589
2015
2110
1705
1497
23
-937
-458
175
-130
-900
-446
411
284
1439
1457
1819
2429
2663
1189
139
1135
1195
820
2150
436
-638
-1123
352
2151
675
827
878
101
1256
2054
2602
2374
2106
2716
1627
1835
2911
3555
1691
-339
330
1216
2591
2900
2331
1314
2249
3572
3166
1766
1966
1297
575
1129
1716
1467
1329
746
-383
-1188
-2007
-1523
-1592
-2394
-2318
-1821
-1747
-648
-5
20
1167
2205
605
848
638
729
389
-446
-675
-1027
-1146
102
1315
3608
3078
2731
3901
4003
4491
3665
5052
6126
5713
4623
5634
6743
5883
3634
2963
1652
964
362
-327
-1137
-2535
-1918
-1097
2
-884
-790
-69
-544
501
2189
3446
2798
91
-435
1210
-32
928
632
444
1073
581
44
1170
1313
480
876
1354
2306
2521
2952
2151
2452
2170
3285
3605
2368
2604
1542
569
1855
2534
2536
2926
1795
2046
1475
3324
4460
3631
4554
5314
5310
4080
3692
2920
2367
1358
1428
1270
-727
-1462
1017
2544
1253
1094
2780
4366
3211
1694
1567
917
540
1691
1012
2048
2332
877
1533
2348
2763
2491
2874
2842
3468
3530
5132
4950
4877
4135
3398
4028
3744
2459
3050
3350
3571
2351
910
1595
586
766
239
48
-492
777
-794
-2324
-1035
-1680
-1476
-1754
-1715
-1785
-2678
-1931
-1909
-2061
-1088
-1434
-451
717
1208
1563
1080
1355
2603
1873
502
567
938
256
41
-895
-1402
556
2362
2774
3403
3159
2851
4022
4988
3415
1327
1234
3184
3736
1920
290
406
245
246
423
-352
-1651
-2029
-963
80
147
-521
-308
975
830
866
756
-804
-1043
-1514
-2133
-2449
-1251
-388
-816
-443
863
1536
2373
2633
2170
1616
2728
2184
2992
3817
2522
3548
2843
1071
514
1882
2644
1971
1055
928
693
1357
988
-360
764
1616
-172
-521
1164
1417
934
94
-449
-1835
-3461
-2973
-2482
-1167
-989
-932
-617
90
1082
1129
-558
-1381
-1674
-2191
-1126
691
395
1180
887
1052
2169
3082
3916
4369
5290
6639
7314
7424
5985
5373
5166
4750
6078
6851
4992
4610
3576
4098
3828
3698
4136
3407
4307
4000
3266
2708
2639
1910
1538
1831
2653
2384
1976
1866
2223
2945
1109
2268
2556
1366
2127
2123
2503
982
950
2510
2365
1238
516
1510
1597
3449
5747
5581
6164
6185
5052
6800
5457
3567
5092
4629
4527
5288
4248
4856
5076
5335
4024
2996
4964
4479
4856
5675
4409
4865
4742
5548
6119
5575
4296
3347
2560
1920
2672
2969
3891
3635
3218
3031
3730
5028
5518
5884
5970
6188
6493
5895
6650
7494
5634
5115
5065
5374
6078
5604
4669
4986
6183
5768
7017
6718
5245
5621
5186
4881
4275
4569
4425
1753
508
576
677
1459
2064
1139
1351
1398
2958
3743
4066
2699
1075
1342
1147
1334
340
-393
-297
-1496
-1902
-1122
-1500
-284
600
1044
507
525
204
709
48
-472
-421
-693
-358
-395
1370
-51
-849
-1668
-930
816
573
-789
-2464
-3532
-2904
-1048
-537
-1678
-1979
-2511
-1759
-1483
-843
-1310
-1447
-1817
-2356
-2719
-3120
-3502
-2922
-2858
-3193
-3943
-3830
-4191
-3612
-2802
-2431
-3015
-3585
-3258
-1930
-1729
-2032
-3011
-3793
-3683
-3956
-3659
-4018
-3315
-2745
-2941
-1511
-1608
-1058
-1564
-2370
-3005
-3831
-3520
-3487
-2485
-1849
-1974
-1420
-2901
-4022
-2898
-1199
-1657
-2835
-3518
-2957
-597
-1107
-1078
-4036
-4881
-3845
-3202
-2262
-3242
-3662
-2823
-2820
-2356
-1690
-1883
-3291
-3235
-2792
-2284
-1567
399
126
-1691
-2535
-2041
-1423
-1626
-724
-337
-1775
-1972
-1367
-993
-992
-1579
-661
-1072
-1037
-1924
-834
-820
-1368
-3471
-3146
-1237
-1190
-1573
-2481
-3637
-4742
-5418
-3649
-2904
-3281
-3924
-3029
-3894
-4127
-4764
-4753
-4540
-4656
-3121
-3235
-5141
-5089
-5193
-6030
-5396
-4102
-2516
-2656
-3578
-3469
-3451
-3017
-3068
-3882
-4127
-3660
-2933
-3831
-4307
-4704
-3902
-3000
-2830
-1964
-180
-1530
-937
1044
1640
376
-568
-1035
-613
-1284
-1933
-2839
-2559
-1952
-2296
-3473
-1525
-508
-789
359
1065
83
-1231
-253
176
-1587
-2081
-1564
-1213
-1005
-2962
-3693
-3417
-4058
-3881
-3399
-4125
-3786
-3711
-4101
-3787
-3911
-4079
-3669
-3003
-2550
-2023
-1766
-2717
-4591
-4529
-5280
-5365
-5066
-5269
-4518
-4542
-4889
-5357
-4932
-5016
-5244
-3155
-2765
-2340
-3471
-3986
-3392
-2619
-2522
-4180
-4592
-3696
-3679
-4310
-3967
-5370
-4740
-4870
-4681
-5305
-5429
-2814
-2212
-2185
-3375
-2629
-2027
-2168
-1740
-1911
-1842
-1448
-939
-1788
-869
16
76
-1074
-2341
-2111
-2868
-3769
-3613
-2468
-3646
-2280
-2176
-967
-237
-51
819
839
1167
2317
2905
1724
199
700
237
-815
-2176
-3410
-3657
-3200
-1901
-777
-986
-1793
-1459
-2513
-2955
-2282
-2832
-3113
-3555
-4870
-5520
-7008
-6448
-5842
-4653
-4900
-7555
-7982
-7541
-7133
-6769
-8070
-8347
-7735
-6799
-6114
-6521
-8786
-8985
-7379
-7180
-6935
-6348
-5787
-6861
-6904
-5920
-5443
-6452
-8502
-8855
-8068
-8444
-9829
-8782
-8625
-9036
-9157
-8169
-7809
-6705
-6148
-8279
-8729
-9256
-8083
-7617
-6773
-6919
-7171
-5965
-6703
-7784
-8415
-8122
-6901
-7435
-7806
-7089
-6693
-4898
-4183
-5201
-6471
-5985
-5904
-5709
-5871
-4818
-3351
-3582
-4124
-3894
-4420
-3775
-5189
-5029
-3909
-3446
-2495
-4007
-2815
-2246
-858
-532
-380
-465
-76
-797
-1672
-2320
-3481
-3346
-2032
-1359
-2395
-3657
-3848
-3981
-3524
-2965
-3276
-1482
-786
-857
-511
-575
-946
-2582
-1978
-2145
-3214
-3143
-3193
-1628
-2335
-1293
-1186
-2164
-2299
-2130
-2124
-3580
-3042
-1722
-1386
-1553
-2781
-4175
-5760
-4988
-5693
-7790
-6922
-5100
-3974
-4643
-5224
-4678
-3946
-4543
-5335
-5530
-4539
-3699
-2373
-3316
-3571
-4722
-5953
-4729
-4215
-5592
-6667
-5361
-5170
-4376
-4363
-4205
-4989
-4678
-4762
-5086
-4769
-4192
-3439
-3896
-3017
-2651
-4243
-4225
-3365
-1397
-2029
-1913
-1303
-1001
1438
787
144
-283
366
1472
1507
1124
501
-179
-1709
-832
346
-666
-1311
-240
260
378
-81
1511
803
60
343
1123
2006
1308
1646
2363
1280
111
570
-72
63
570
1261
1799
2420
2587
2654
2606
2293
1652
2297
2399
1469
2040
2103
980
839
1578
-508
-1257
-954
-530
1368
1312
-139
-1845
-1125
-1218
-641
-1162
-783
-632
-1626
-1520
-1329
-1245
-142
-149
-1550
-950
110
72
-759
-522
507
-273
236
1292
1679
1341
2017
3745
4600
4088
3095
3430
3489
3120
4000
3881
4017
5506
4922
4503
4530
5445
4265
3575
4787
3790
3583
4134
4539
4105
4510
3734
1834
1029
1569
1774
1103
-62
165
-216
-342
-373
805
-59
1105
820
1234
804
572
1168
2184
2226
1630
2649
2548
1476
1327
2430
2449
2300
1786
2914
1945
607
-269
-489
-1158
557
773
-418
935
-272
477
721
-255
527
-41
-1000
359
347
646
1237
51
-755
-897
38
-109
-1181
-206
92
308
203
-728
-441
-431
-455
-133
153
1334
1153
758
1962
2186
1903
209
270
448
476
1349
2651
2352
2984
4635
4002
2720
3955
4371
2633
2760
3548
3969
3449
5159
5129
4348
3655
4131
3872
2696
3537
3469
2678
3225
3138
3569
3529
3680
2978
3555
3770
3048
3459
4768
5992
6672
5233
4862
4813
5247
6146
6409
6120
6024
5677
6756
6421
5317
5485
4767
6028
8051
7660
8201
6453
5771
6941
7248
6625
5418
5796
5397
5721
5108
4804
2874
3225
4990
5261
5090
5190
5118
3994
3812
4160
5163
4664
1928
2066
2966
2069
283
300
-74
970
1509
1011
2663
2624
3162
2760
2329
2372
2253
1679
3108
3062
1454
1216
958
1049
1050
2167
1341
1526
2513
2275
3102
3281
2577
1834
1844
2036
1611
2179
4060
2629
1430
3252
4100
4229
3049
1995
1256
1691
2663
2903
2858
2838
2415
3868
5320
5013
4311
3832
4682
5175
4810
4119
3667
4078
4716
4674
4273
4235
4117
4075
4692
4931
4659
3968
3954
4272
5147
4985
3827
3879
4012
4606
4050
4234
3846
4190
3998
4058
3085
1985
3446
3134
2927
3310
3354
2438
3172
2455
1923
2304
3323
3240
1245
268
767
-544
-1335
-1937
-23
1127
1419
1449
2450
3064
2969
3458
2748
1962
2516
2963
2575
1986
1791
2212
1873
3664
4564
4877
4827
3339
3760
4956
6527
6491
4675
3777
3872
5263
5944
4369
3722
2802
4015
6416
6464
5933
5742
6387
5628
4076
4068
4396
4311
5162
4416
3156
3386
4158
3781
4193
5489
6499
4479
4721
6793
6868
6070
4633
4435
5186
5078
4466
3752
4298
3457
3582
3049
2600
3225
2949
3320
3432
3470
4234
3996
3660
4302
5007
5044
4023
4067
2742
2059
979
50
1508
882
1584
1795
760
522
30
92
241
-681
562
753
1200
776
-317
-522
-411
250
245
-945
-1518
-755
929
955
936
1264
271
410
1414
1724
1481
1618
99
977
2172
2568
2080
1561
1926
2823
3390
4425
4512
3834
4007
4964
3908
3160
826
332
777
1188
1196
27
429
1263
3079
3840
4436
4112
3499
4091
4758
5080
3799
3281
3386
3015
300
-965
-1108
-1495
-1552
-1149
-583
-864
-2345
-2014
-1622
-697
-895
-1120
-350
481
665
1888
2570
1673
1583
1741
1757
1581
1208
341
463
760
807
-475
-938
-2257
-2069
803
866
-403
-1038
213
135
790
1500
1088
1645
2501
2021
1593
581
1132
1526
1525
579
-1140
96
537
585
-344
516
1094
801
1303
2926
2566
538
654
1092
604
-272
-44
-283
602
1200
649
709
1598
2621
2952
2815
3067
792
761
3898
4388
3390
2559
1182
1135
1179
1470
2905
3245
1972
381
1331
2916
1852
876
1805
2805
3326
3811
3424
3231
3857
4150
3770
2742
1607
1546
1537
1408
1532
1954
2006
1923
1853
1861
2014
3275
3512
4524
5530
4028
3903
4769
5819
3659
3013
3243
4226
3306
1221
1121
2186
2815
3161
2263
1403
616
2124
2577
2049
1656
2891
3639
2502
1678
637
193
-1521
-350
-372
-1097
-1624
-201
591
-1277
-1321
-474
-374
-1079
-1567
-704
416
542
-7
-498
-425
173
1049
-2
-794
456
341
-603
67
173
-85
1
1096
2344
954
705
1633
1297
887
967
698
479
140
1002
702
329
-1321
-684
793
1323
1309
44
-510
-511
-592
662
1221
220
-315
-56
192
-467
1945
1703
895
1514
1330
2694
1856
823
1387
1085
674
-238
-200
-1035
-1531
-1775
-1612
-2519
-3726
-3819
-3593
-4002
-2681
-2383
-2381
-2399
-895
-1524
-1680
-1316
-1323
-654
-1123
-1935
-2878
-3172
-3487
-4524
-5269
-5788
-4785
-3565
-2287
-3420
-3640
-3277
-3773
-3638
-4287
-5453
-4232
-4669
-5298
-5013
-4163
-5001
-6545
-6120
-6571
-5933
-6014
-6110
-5944
-6651
-5730
-5201
-5426
-4520
-3665
-4350
-4650
-4743
-4059
-2989
-3779
-5069
-5477
-6580
-6691
-5322
-5191
-6197
-6261
-6755
-7398
-8214
-7407
-6764
-6627
-6180
-5664
-5341
-5663
-4733
-5073
-5060
-5051
-3758
-3749
-6031
-8009
-7135
-5084
-4953
-6328
-8028
-8029
-8389
-8585
-7095
-6020
-6497
-5990
-4631
-4969
-5123
-5498
-3836
-2718
-3326
-5047
-6899
-5215
-5083
-4019
-4520
-6093
-7206
-6621
-5919
-6291
-5900
-6430
-6795
-6737
-4634
-4440
-4753
-3965
-3302
-3258
-4442
-5570
-6014
-6338
-4853
-5456
-6542
-7194
-7641
-5981
-4576
-5308
-6601
-5931
-3297
-2762
-3144
-4503
-5530
-5582
-7044
-8210
-7009
-7431
-7324
-7403
-8011
-8106
-6755
-5728
-4279
-3913
-4623
-5620
-6085
-6455
-6763
-5977
-5712
-5621
-6408
-6427
-6263
-8507
-7813
-8249
-7756
-5590
-6988
-8379
-7845
-7844
-6269
-5907
-7445
-8045
-6093
-5236
-6323
-7465
-7631
-6972
-7247
-7876
-8368
-8970
-8741
-7363
-6798
-5881
-6033
-5716
-4050
-3791
-3847
-4133
-3791
-4609
-4847
-4967
-5659
-5847
-4920
-5435
-6474
-5665
-3809
-3634
-4444
-3533
-3412
-5464
-5147
-4043
-3286
-5400
-4418
-4610
-5472
-5304
-5088
-5977
-5882
-3629
-4274
-4478
-4403
-4566
-3978
-4920
-5033
-4614
-4414
-3784
-3754
-5759
-6466
-5934
-5309
-5492
-5955
-5903
-5643
-6556
-5488
-5436
-6427
-6896
-6940
-7486
-8639
-8280
-7416
-6976
-6872
-7708
-7637
-7296
-5995
-5440
-6575
-7654
-6561
-4519
-3096
-3051
-4766
-4814
-4670
-4123
-3428
-4391
-5694
-5131
-5256
-5185
-5092
-4458
-4930
-4767
-5382
-6002
-4854
-5312
-5096
-3812
-2665
-1487
-1965
-2043
-652
127
456
-165
-1311
-221
731
2044
989
-358
-908
-826
-458
1233
1860
136
-1254
-1674
-2330
-554
-386
-1945
-1936
-2175
-1678
-428
-914
-1485
-1587
-2145
-1193
-490
-881
-1200
-2595
-3089
-4435
-5192
-5251
-4927
-5442
-5114
-4279
-5168
-5444
-5184
-5775
-5596
-2924
-2747
-3819
-4152
-4723
-4091
-4852
-5077
-5041
-5170
-4972
-4797
-5162
-5998
-5056
-5400
-5877
-5748
-5620
-5408
-5386
-4797
-4299
-4598
-5578
-5750
-5931
-5556
-4875
-4255
-4551
-5243
-4240
-3948
-3452
-3749
-4542
-4453
-3152
-1636
-2618
-3277
-4239
-5181
-2803
-2140
-3110
-2614
-2036
-813
-1620
-1845
28
-1353
-1137
-894
-6
229
-955
-1064
-1136
17
-534
-685
-557
-577
950
950
491
-692
-1292
-831
-665
-469
-1447
-2353
-2199
-941
-2120
-1526
-917
-850
638
68
-590
-342
-1401
-2608
-2872
-1507
-1595
-3491
-4038
-1525
-962
-839
-1142
-2214
-2339
-1114
-661
-2071
-2336
-2772
-1535
-1237
-1159
-1397
-2063
-2945
-3396
-4305
-4088
-3701
-4896
-3938
-3661
-4269
-3648
-2754
-2850
-2293
-3537
-4710
-3425
-3972
-3624
-2733
-2647
-3903
-4515
-4538
-4441
-3929
-2870
-3773
-5663
-4354
-2529
-1464
-3056
-3360
-3692
-3958
-3314
-2514
-695
593
-891
-2006
-1758
-1006
-1154
-1541
-2315
-1932
-2469
-2834
-2413
-3401
-4418
-5307
-4100
-2801
-1398
-631
-366
1101
1362
615
1191
808
1150
421
162
2167
2290
1835
143
-417
-1053
296
35
-562
515
1487
1535
1402
977
-776
-1626
-692
-262
12
1046
2340
1543
1427
1520
1209
857
1162
1868
486
45
1368
2859
1468
465
-658
-1510
-2014
-1634
-2038
-1663
-1096
-423
-931
-1505
-1432
-1654
-1323
-686
-780
-2119
-1863
-2299
-3562
-3347
-1990
-1626
-3741
-3377
-1742
-1181
-2277
-2509
-1853
-861
-78
-2518
-3933
-2443
-1793
-2648
-2763
-2368
-1968
-2654
-3930
-4017
-2654
-810
-734
-469
428
-258
-1249
-82
-871
-1345
88
-1338
-1353
-1338
-1353
-611
-470
694
30
-570
-469
-1044
-995
287
1056
826
-1019
-1
898
-283
334
-19
-809
-83
1190
2260
1329
530
-382
-336
346
332
284
-147
-602
809
1573
768
-51
-372
-1488
-2171
-2326
-2314
-1150
-1758
-2097
-2602
-1931
-1436
-2167
-1438
-990
-742
-1719
-1189
-1241
-2020
-3257
-3746
-1619
-1539
-418
-555
-2392
-2922
-2824
-2194
190
2013
2104
-209
-758
614
792
-31
-203
-1476
-3112
-1842
-1485
-1088
-791
332
190
-510
-228
554
2357
3479
3153
2817
2286
1787
2322
2186
1799
953
1606
2455
3808
3260
3099
3142
3200
3154
2577
1563
2843
3933
3692
1373
-1315
110
1538
4
-1132
-109
-314
432
765
152
-332
607
1310
798
200
1466
1617
2527
1287
-276
228
591
1075
1506
140
343
429
-569
-1605
-2091
-2266
-628
-1467
-2325
-1110
-1168
-1129
541
1492
1151
1388
1558
1383
182
232
1739
1244
1118
1153
560
1665
1819
694
1234
957
1249
1484
1592
2005
2043
1087
2913
2804
438
-595
-212
852
1210
70
-288
-652
-824
-371
259
-203
792
1103
1174
2363
1691
1804
1383
609
685
-454
-986
1094
2283
1756
1870
1693
3434
3094
552
700
195
259
685
-993
-750
-762
-508
-638
-957
-2107
-1742
-286
-815
-587
-135
1399
464
-321
-855
-243
-43
823
1087
-399
100
-382
677
1633
-421
-107
1078
1548
948
1103
331
625
2305
3145
2805
1453
2542
1179
545
2934
2768
4276
3240
3503
3280
2390
2846
2097
2730
1845
1815
3091
4248
3720
2415
2356
1703
1434
-87
-580
-857
-831
-576
-1650
-1682
-2182
-2057
-1556
-1869
-2216
-2214
-2165
-1158
-1828
-2608
-2181
-1409
-453
-1417
-1764
-1049
-1822
-587
-308
-824
-496
1108
2370
809
2086
2760
1910
1762
1671
644
-1587
-696
902
393
1033
1497
986
1899
1465
1501
2806
2624
2750
2448
2677
2934
1994
-232
1084
2790
1602
389
1546
1910
1913
1542
3592
4796
3843
3510
4033
3879
3771
3862
4687
3319
3058
2876
2717
3387
3576
4583
3339
3911
4938
4654
4329
4055
2576
2239
2581
3636
2995
3062
3646
4367
4612
3479
2459
1856
2843
2075
2900
4148
3103
1972
-22
86
-304
-1246
-513
12
209
-242
-627
47
895
1464
-139
-1190
-974
119
-686
-731
-379
-64
922
-433
-602
-1026
-930
-1626
-3547
-3263
-1516
-1057
-1382
-696
1813
1374
-624
2103
3573
3135
4480
5393
4308
2855
1312
2867
2591
767
2311
3795
4456
4154
3748
4186
3632
2793
1969
-230
207
845
1725
1383
832
2021
1013
1406
3893
4271
4069
2973
2958
2905
4034
4075
3884
3561
2998
3772
3341
4589
4446
2933
2435
3199
3781
4847
4161
3104
3901
5042
5282
3802
3684
4569
3165
3091
3426
2842
2230
1716
2139
2116
1976
3255
2096
1008
2056
2307
2397
443
644
1017
298
1688
2109
2994
2264
2027
793
863
284
557
712
-1197
-2265
-2888
-3563
-3533
-2860
-2697
-1881
-1607
-2069
-823
979
1898
1820
1648
1296
1698
1693
900
961
-114
367
-878
-389
397
-636
9
-280
-515
1007
1397
1719
2214
957
-297
-1896
-2025
-817
-417
300
1110
3098
2742
2202
2070
1682
3381
1805
1195
1572
0
1389
1362
1587
1743
416
688
3039
3852
3141
3443
4237
4504
4851
4117
2046
1977
3152
2233
3248
3897
3536
4755
5630
5614
4272
4369
3671
3055
3823
3548
3382
3413
3686
2410
2637
2612
2443
1995
2532
1762
362
1186
1109
1988
2632
1323
990
1082
2198
606
484
1683
149
-511
-858
-862
-1245
-2257
-2226
-1676
-369
808
28
-760
-1303
-1826
-1666
-852
592
332
-1755
-478
-48
-545
-1743
-1936
-840
-1488
-2510
-2129
-535
-293
-2360
-1171
-1172
-689
607
114
1079
1256
770
2417
2529
3749
4269
3241
3649
3395
2734
2904
3482
3484
3338
2356
2341
4816
4147
4080
3408
3194
4630
5364
5243
5419
4472
3075
3464
3102
3869
3755
3248
2971
4842
4349
2122
1509
2912
2873
1166
424
1253
1577
1467
-277
1551
2111
1695
1714
908
925
-457
-2513
-2742
-1674
-3032
-2860
-2356
-2908
-3454
-2896
-1071
18
693
132
277
-799
-1255
-1240
-718
-733
-1274
-2597
-2827
-4048
-3807
-1733
-2112
-1862
-1642
-1636
-3135
-3118
-1512
-2528
-3248
-2527
-2784
-3488
-2882
-1651
-1614
-1339
-561
506
1525
3336
4128
3171
3497
3235
886
531
1330
1371
2671
2790
2998
2761
2049
2883
3409
4502
4379
3997
4477
3837
3177
4772
4967
4003
3418
2915
3756
3401
3693
5947
5381
4496
3990
2973
3015
1162
-295
1320
2299
1568
1723
-153
294
1621
1820
1527
234
-65
533
1092
1653
1645
1271
506
237
410
86
-639
-3247
-1796
535
354
893
1129
2382
1976
443
-801
-539
55
-191
-539
-1351
-800
-520
-1732
-2126
-2006
-3386
-3553
-2117
-1381
-1698
-1562
-457
-107
219
634
184
4
-86
943
1136
556
299
552
-696
-703
-861
-1289
-1289
-810
608
1144
1276
1186
2228
1000
1243
1294
1303
1510
2954
3262
3019
2936
1866
1600
1304
867
-1204
5
1066
730
1348
2240
2914
2882
4031
3643
3411
2874
1718
446
689
1979
2676
2164
3040
4370
2546
1083
1837
3234
2945
2211
2603
1435
2075
2211
2508
1176
1712
1788
2503
4388
4969
6828
5144
4434
4886
3520
3450
3858
2266
1714
1248
750
817
-10277
-11104
-13457
-13713
-15464
-18895
-21837
-23158
-24526
-27218
-30639
32692
28624
27031
22973
19875
18024
16388
14800
2072
2500
2268
2573
1545
2304
2558
2710
2898
3162
2963
3997
4242
2882
2539
2378
3248
3657
2451
2018
1720
2609
3515
3804
5073
5057
3782
2706
2153
1627
2345
1767
1725
3261
3701
3379
3039
3005
3934
3233
1246
1857
1272
1851
2115
1655
242
-2961
-1619
-1211
-2349
-1016
-337
-263
1430
1278
267
186
366
-85
-300
853
436
-754
-2746
-3365
-2071
-1437
-1959
-2503
-2357
-2069
-2514
-1301
452
11
1104
659
474
416
-448
-60
1412
2752
2748
2055
1313
593
254
991
1320
1831
3057
4479
4987
4301
3529
2847
2124
1656
241
-1677
-1296
-968
538
1643
1589
1008
2019
1906
1241
1201
726
565
-1407
-1897
-1582
-1976
-2708
-2139
-1516
-1386
-1418
-3128
-2135
-2219
-2029
-2658
-3646
-3351
-2875
-2628
-704
-875
-3515
-3808
-2463
-1870
-1499
-2692
-2575
-1868
-532
1364
1451
479
204
-364
76
477
538
436
721
88
32
1904
1835
1625
1665
232
1138
1443
2108
2716
1489
1430
1027
-707
-1185
-1727
839
2533
2315
3597
3361
4441
5109
5148
3800
2011
1358
3017
3417
2216
1792
2520
2789
1732
1151
1584
2594
2995
1872
3812
4166
4449
3585
2362
3186
4619
4046
2202
1744
2547
3138
2572
2925
3619
2861
3353
2690
2765
3713
3906
3170
3406
4478
4700
5082
4132
4417
4587
3831
3685
3459
3400
4234
5166
5870
4565
3896
4855
4470
4062
4507
4729
3855
5026
5460
3837
3035
2850
4130
3408
2649
4618
5641
5557
7087
7014
7055
6789
8433
7375
7138
7320
4725
3254
5273
5757
5304
5326
6065
5256
6054
6153
4596
2747
2634
3572
2838
2739
3692
4159
4544
3365
2629
4788
4891
5196
5424
4616
4758
5789
5534
2884
1480
2999
3703
3717
3895
3244
1456
-58
1242
1846
2866
3527
3361
2306
1037
584
2695
1821
906
-846
-931
-426
-1320
-2591
-3134
-3745
-4313
-3932
-3955
-3779
-3506
-3425
-3031
-3805
-5260
-5847
-6835
-7526
-7188
-7268
-7501
-8560
-7972
-7043
-7182
-6945
-7072
-7329
-7902
-7621
-7776
-7517
-7861
-7531
-7314
-8414
-8640
-8226
-7062
-7236
-7137
-6662
-7224
-6915
-7338
-6598
-6071
-5889
-6488
-5645
-6245
-7365
-6980
-5092
-5569
-6612
-6225
-7161
-5551
-5332
-5656
-7114
-7460
-7188
-6249
-6080
-5212
-7057
-6930
-7912
-8598
-7591
-6435
-6085
-5552
-6257
-5122
-3800
-2819
-1153
-158
-2120
-2200
-369
1192
2177
2727
3392
5277
5990
5891
6812
7156
6325
5740
7259
8275
9144
8407
9997
10537
9425
9134
7654
7798
9012
10411
11403
11207
11546
11681
11453
10473
9620
8333
7569
9012
8666
7592
6146
6465
5800
5129
5254
4658
5863
6785
6111
6639
8866
8664
8133
5680
6165
7545
8181
7512
5756
5107
5462
5201
5716
6524
7080
8790
9571
9789
10590
12653
14831
14304
14073
13204
14281
17283
18029
17281
18244
19657
19755
20348
19561
19560
16420
15963
16979
17833
17335
18199
18603
19085
16895
18141
19250
21004
21466
20783
20656
20236
22734
21902
19711
17852
17511
18676
17954
17225
16050
16410
16248
15570
14893
15365
15233
14531
13685
13172
12694
11472
11341
10937
10921
9711
9632
9694
9061
8277
8127
8517
8247
7495
7050
7158
8260
8021
6655
5737
6718
7987
6303
6031
6785
8222
9303
9500
10449
9561
9396
9546
10831
10996
11319
12832
11226
11250
10154
10117
11692
10805
9810
10201
11577
10365
8416
6960
6589
6399
5558
5443
6911
5168
5612
6223
5901
5842
5857
6160
5670
6168
7524
7247
7608
6648
7051
7418
8056
7705
5875
6262
7112
8211
8390
9615
10644
10135
10199
11520
10906
10495
9504
8325
7831
8949
9231
9482
10513
9601
8960
7969
8074
6993
7971
7439
6707
8033
6623
6752
8278
8327
8741
7440
7891
7150
6983
8522
9539
9941
9616
9007
7380
7100
7722
9350
10229
12648
13415
14312
14350
15493
17536
17077
16135
16642
16760
16396
15667
15069
15359
14336
14279
13911
12622
12289
11815
10628
10708
10276
9459
7322
7441
8095
7340
5452
3542
3153
3707
2680
3250
3647
4853
4895
5197
2996
1893
1573
869
-633
-1085
98
-410
-1506
-3148
-3569
-3913
-5869
-6958
-6529
-5612
-2818
-3934
-4847
-4500
-4553
-4771
-5571
-6811
-6764
-7760
-8459
-5712
-5382
-6099
-6221
-6210
-5611
-4889
-6144
-5499
-4739
-4283
-4201
-4624
-4143
-4575
-5056
-3773
-2118
-2519
-1764
-1606
-896
-302
-826
-1409
-1023
-2054
-1985
386
1331
2026
1810
1397
1880
3273
3581
4714
4212
3915
3952
4183
5794
5435
6478
9765
12845
16718
22225
30021
-27339
-21732
-17142
-13670
-10208
-7210
-5868
-4527
-5211
-4412
-5369
-6483
-6906
-8164
-9294
-10277
-11104
-13457
-13713
-15464
-18895
-21837
-23158
-24526
-27218
-30639
32692
28624
27031
22973
19875
18024
16388
14800
13275
9788
8447
6525
3366
1057
-1191
-3646
-6415
-8336
-9342
-11202
-11719
-13359
-15030
-16932
-17472
-18801
-21020
-21673
-22680
-22615
-23329
-25215
-24984
-24293
-24226
-24273
-23346
-23238
-21838
-21762
-21815
-21537
-21749
-20734
-22123
-22964
-24821
-26972
-27909
-29743
-30828
-30705
-30755
-30072
-28189
-28879
-29832
-28673
-27802
-25593
-24231
-22450
-21855
-20539
-17452
-17116
-17726
-14663
-12009
-11341
-9293
-4159
-1631
1369
6611
10471
13476
16476
19614
20179
20422
20522
17513
14993
13446
11244
7850
6633
4478
1293
-1648
-2701
-2569
-3431
-5017
-7362
-9893
-10687
-13979
-15856
-16037
-17486
-18918
-18871
-21112
-21166
-23466
-23985
-24636
-26070
-25827
-26921
-27214
-27055
-25565
-27415
-27282
-28235
-29158
-27517
-28239
-27744
-27010
-26433
-25240
-24049
-21639
-21834
-20555
-20284
-21025
-20344
-20397
-18346
-19189
-17251
-15090
-14880
-13134
-14143
-14365
-15270
-15222
-13570
-14109
-14806
-13829
-12763
-11456
-10605
-10725
-9789
-9889
-7299
-6878
-6758
-5066
-4239
-1271
-297
2055
4618
4041
4369
5887
6670
7170
9381
10369
9605
8905
12213
13284
12187
14418
13592
15007
14934
13622
13156
13195
12726
13151
14203
15259
16340
16805
17014
18001
18120
19200
21033
22265
23619
23786
23803
26013
28871
30871
32274
-32498
-31515
-30491
-30340
-29385
-28779
-26560
-26563
-25872
-25847
-25910
-25936
-26959
-27702
-29646
-32520
28958
26600
22568
17540
14357
10428
7163
3521
263
-720
611
458
2080
6405
11059
12471
16553
21463
25494
29836
-30702
-26490
-24416
-19783
-15796
-12588
-11514
-9317
-5117
-1245
2227
7636
11727
15725
18870
21017
23036
24048
22271
16895
9464
7307
8301
12087
23328
31936
-26223
-19498
-15659
-12603
-11034
-7733
-4505
-1671
464
1477
-1198
-3518
-5662
-8098
-7406
-7387
-9298
-11842
-13694
-16615
-16999
-17603
-17304
-16507
-16821
-14364
-12088
-11145
-9008
-9186
-7851
-6780
-5986
-5454
-5389
-7414
-8881
-11958
-13319
-15219
-15949
-16902
-17886
-17673
-17919
-19217
-19260
-21537
-23623
-24467
-26743
-30926
29688
25848
21059
16576
12094
7712
6394
4169
1468
882
1857
4662
2613
972
1859
2584
3954
330
-868
1816
7106
13254
15110
16054
18828
21159
22152
24255
27421
31823
-30316
-28983
-25988
-25851
-26847
-29716
29951
24866
20108
16103
13433
9988
11191
8132
7006
8999
6627
4535
3344
1453
1053
4456
4301
5567
7092
4403
4503
5635
6615
6759
3441
496
-2246
-10003
-13876
-20269
-24709
-25477
-26039
-29378
32613
30329
27204
23906
23914
23407
21767
18610
16100
14000
12992
10352
8228
5674
1913
-1049
-6166
-10133
-13547
-13408
-11652
-11762
-11201
-8668
-2283
1904
7039
19478
29640
-27642
-20424
-13904
-7701
-4203
-1914
1257
4610
7763
11762
17130
21907
26056
30301
-31744
-28138
-26718
-24447
-23598
-23504
-24651
-24441
-25007
-25466
-25364
-26809
-29168
-32014
30988
27649
25148
22164
17948
15416
14713
12481
10902
6998
1541
-1480
-5352
-9996
-14181
-16911
-21203
-24295
-29558
31247
28923
24967
22197
20720
18856
19549
20187
20043
18937
17575
15286
15413
15703
17896
20703
23255
23411
24344
23358
23748
23819
24654
28187
28966
31634
-32301
32625
30299
32637
30058
27361
25144
25026
22799
18733
17088
11898
7345
2969
-1728
-8219
-11787
-16163
-22679
-29089
32666
27835
22600
16254
10026
5200
629
-1185
-6877
-10890
-12260
-15230
-15855
-18224
-20549
-24646
-27929
-30756
-32194
30646
29349
29472
30208
-31967
-27200
-25519
-21776
-17769
-14520
-8183
-2994
4391
9906
16250
20494
23134
27592
30141
31591
-29519
-27312
-24069
-21545
-17287
-17507
-17534
-16806
-17289
-19068
-18436
-16393
-15633
-17839
-16466
-16930
-17405
-18969
-19453
-21445
-24539
-26051
-26491
-28191
-26805
-26209
-26648
-28795
-29562
-29748
-32029
32066
31093
27764
25632
27350
26933
26878
29608
30656
27525
28203
28070
25309
24119
24113
25473
26016
28916
30678
30613
30984
-31832
31977
29896
28559
26203
22106
16534
15498
9365
3855
411
-3863
-10616
-14694
-17075
-19153
-22578
-19964
-12264
-5535
3425
12869
20833
27165
-29284
-23381
-19611
-14954
-8452
-2420
1464
4355
6237
6068
7936
10400
10440
11675
14050
15767
16067
16449
15838
16459
14007
12147
8967
7900
6044
3799
1574
83
-2215
-7646
-10912
-13821
-16844
-22096
-24734
-29840
-32762
30984
29091
27300
28266
27312
24615
23747
19884
16605
16087
14482
12015
10203
8773
8567
10222
10278
10079
10221
11194
13128
16137
19286
23981
28023
32669
-30293
-27968
-24876
-20444
-15405
-10231
-4209
4319
11159
15340
21447
26552
28422
30852
32720
31436
30421
30860
-32176
31244
29105
28194
27575
26762
26907
27181
27145
26418
24714
24545
24553
24243
23011
21779
20513
19238
15950
12820
11928
10917
10505
10179
12778
11477
12323
13681
13204
13649
11982
10151
7871
6959
6952
5931
5069
2502
3643
4091
3443
4106
4985
5413
6593
6871
5200
4180
3426
2081
-832
-4625
-5897
-8985
-11803
-13816
-15971
-18157
-20751
-21214
-22779
-25766
-26758
-28757
-28911
-28826
-31303
32505
31082
30219
28592
29993
30610
29343
28011
28244
27310
28100
26660
29046
31294
-32632
32709
29832
27731
27311
27474
25936
25787
27387
25900
25548
27914
31954
-27142
-21072
-12392
-3573
4525
13151
19656
26654
31274
-29815
-23149
-15656
-8743
-5841
-443
7020
10815
13951
13237
9445
9568
8168
8800
11865
17088
22461
27356
30666
32053
32139
31657
-32549
-32324
31745
32705
31914
-31519
-29160
-25810
-23924
-22701
-22113
-22851
-23730
-24759
-22844
-25035
-29640
32655
30490
29760
25154
17760
13676
9638
2915
-4089
-10485
-16343
-22129
-27654
32406
30577
29010
22071
17167
14026
13180
12639
9545
6703
2585
-2567
-7836
-14863
-20449
-24852
-29149
31724
26907
20346
12529
8113
4045
-250
-5467
-12385
-16486
-21272
-25157
-25130
-25133
-20621
-13774
-518
17886
-30635
-12814
1976
19788
-29297
-15162
-1199
7996
9398
2242
-1686
6135
29271
-6570
11903
19893
27440
31387
-31678
-27903
-27298
-30870
27824
17136
5638
-1011
-6733
-12935
-15348
-17502
-17835
-19845
-20069
-21565
-24098
-28888
-31496
31594
27077
26590
23831
20856
16439
15195
11118
7734
4361
2391
-910
-8078
-15146
-21673
-26444
-30349
31443
24000
15152
11706
6004
-815
-6716
-10832
-16409
-20985
-25033
-30194
30181
25733
21931
18292
15707
13299
9959
7955
7745
5599
5072
661
-828
-3946
-5926
-8390
-12378
-16151
-19109
-22006
-26684
-31963
28163
24692
23038
24720
28755
-28808
-18644
-3394
10624
24929
-27254
-14773
-6432
1860
9800
14861
16834
22321
25681
25632
23820
15431
11258
7695
8572
9000
10970
14860
16819
16071
16057
17604
22660
29103
-30985
-25703
-22386
-15765
-15296
-14579
-11737
-12860
-14351
-12559
-16224
-18853
-21665
-26946
-32541
27137
18172
9718
2596
-8406
-16724
-24667
-30836
30109
28769
28401
27857
-32729
-26409
-19443
-14196
-5767
4111
9299
12976
17633
19756
17560
16958
12864
8811
1571
-3835
-9448
-15550
-19717
-25833
32032
20552
7635
-518
-7166
-12926
-11539
-11723
-7094
3016
15234
25441
-31947
-28656
-31299
32526
-30316
-29753
-26739
-21625
-11961
-3823
166
9375
13565
17002
20686
21481
19944
20749
20823
17625
13041
8311
3491
-4584
-11323
-18422
-24629
-31229
30231
24667
20638
14587
12478
9911
5758
713
-5764
-12021
-19956
-27941
32559
30484
31726
-28225
-23632
-18429
-15284
-10709
-9059
-6947
-6977
-6675
-2585
-723
3998
5969
5380
4457
2185
-1979
-4221
-3249
-4701
-4193
-3165
425
3387
8645
11602
15169
17615
23552
27914
27437
30507
31814
-30741
-30028
-26453
-27870
-31782
30766
21687
12445
5293
-2116
-5663
-8259
-8905
-6745
-3510
-4559
-7702
-9162
-15236
-17701
-17114
-16805
-11582
-4310
3622
10698
15324
22449
31110
-19888
1854
21536
-27483
-18301
-12287
-5404
4372
13390
25620
-28370
-18832
-10568
-6539
-8133
-10316
-17740
-29141
30635
18647
5241
-9717
-23699
26510
12244
2097
-5498
-13852
-21606
-21405
-22438
-23966
-22656
-24025
-23214
-21878
-22806
-22084
-22111
-21136
-20898
-22629
-24628
-25516
-28339
-32196
29292
26887
26218
26436
27731
27937
29816
31219
32176
28980
26945
22094
17840
17906
19983
21109
19031
16233
17333
15173
13067
11371
11841
13808
16495
20352
25660
31471
-24506
-17824
-12295
-8594
-7805
-4823
-2138
1591
4247
5982
9470
13006
16948
20337
23737
25734
26606
29653
30397
32331
-32669
-29697
-28438
-30992
30626
25942
22335
20802
17651
12183
5923
-612
-9452
-18946
-24735
-30112
-31992
-30955
-31314
-32529
-30694
-28021
-27205
-28714
-30400
30383
26258
18952
15885
15152
10813
6766
5951
3434
-2390
-4940
-11193
-13631
-15403
-17480
-19411
-25435
-29232
30409
22204
15293
9840
6078
6802
6880
8693
11491
13884
18298
21170
25078
30323
-31151
-23148
-16172
-10785
-2682
3422
10388
19667
27700
-30155
-18685
-5592
5898
17281
26858
-32087
-24712
-12946
-5005
-902
20
400
-2968
-7888
-11084
-15730
-21915
-28020
-30817
30224
23721
16954
10729
5806
4104
-136
-4964
-8982
-11282
-10694
-8869
-5224
-3752
-1389
1512
2390
2295
2667
3143
3980
5296
8145
8938
11408
14433
16309
14984
15106
13200
10753
8584
2373
-1400
-5821
-8877
-16787
-22759
-26799
-32509
27910
23379
22761
22164
20472
19060
19279
18864
23949
25623
27338
30557
-30370
-25901
-22145
-20169
-16913
-12608
-6821
-2857
-521
515
1138
1946
3071
1342
-3611
-9434
-13722
-19396
-24144
-24403
-24063
-25558
-23755
-20026
-15344
-18648
-23399
-31041
26332
23981
24135
25309
23808
27360
31512
-31979
-29956
-30536
-30902
-30429
-26654
-22565
-19613
-15624
-15630
-14536
-14821
-16875
-16649
-18097
-19790
-19413
-18408
-20226
-20346
-21550
-19544
-18060
-18336
-15688
-15175
-13770
-12763
-14175
-18101
-23079
-27036
-32077
26152
20667
14822
7529
2302
-2560
-7468
-7514
-9202
-5681
-927
1547
9722
23942
-26395
-14070
-1163
12228
28947
-19462
-5098
7556
17696
28792
-29086
-23219
-15760
-10623
-3013
-2746
-7102
-4424
1089
6446
8871
12054
8147
-8454
-28793
20030
4952
-7590
-17753
32121
17555
3086
-4433
-3003
-3014
-7051
-9805
-7167
2908
14381
20748
21236
14556
13176
17883
22185
27447
31302
-29855
-20226
-11696
-5537
393
-1613
-5152
-10741
-18538
-21826
-23435
-30095
30100
22636
17492
14357
9389
6331
2037
-5047
-7757
-12539
-13879
-12797
-11421
-6388
-745
6408
15493
22701
27691
-30969
-27615
-24401
-21642
-24651
-25362
-28639
32280
31206
25583
20274
15187
8545
7473
9602
10248
13667
16488
19268
22490
25021
25266
25741
26178
29025
27378
27938
25693
17598
12014
3603
-5532
-15031
-23928
-27578
-32697
27450
27662
24570
27289
-31904
-24877
-15441
-5652
1116
8263
13508
19236
28126
30767
32210
-32432
-32119
-29540
-30464
28417
26172
27380
32426
-29122
-28301
-27976
-28059
-29131
-31583
27095
21057
10324
-6722
-24785
24780
10244
-1359
-14836
-22978
-20187
-14269
-880
10851
21777
31491
-27493
-19018
-10244
-5004
-124
2561
1629
1479
-3079
-2078
8399
19402
-32582
-25204
-26854
-27917
-27843
-30669
31874
30321
30198
21807
15141
19507
-29480
-7648
4133
1247
-3174
-7839
-15696
-17196
-14522
-14224
-12457
-21005
-15761
-8962
-9586
2321
3847
1154
-113
4389
8588
7881
6109
5417
3253
-1916
-6029
-9683
-10190
-8672
-9614
-11572
-18313
-23343
-25377
-30034
27360
14922
-3152
-21172
28708
16829
12169
13583
27028
-20869
-3075
11174
20505
20601
14210
6009
-3304
-13941
-24994
-30430
30010
26382
24376
18053
15282
13409
9494
8289
8195
7833
11895
10043
6979
5793
1885
-1221
-3797
-7813
-7249
-9610
-9037
-11947
-14058
-16021
-19043
-20711
-26009
-30024
-31854
31846
31671
32548
-32575
31519
-31279
-30777
-24713
-16224
-10590
-6385
408
3926
8347
9230
9383
8431
6500
7315
7238
10161
9658
11723
9782
13141
16823
19716
28076
32328
-29713
-26532
-25775
-21984
-21423
-21559
-26856
30965
25844
26861
25310
19739
16035
13681
11583
3794
2884
12860
23373
-32349
-26787
-27696
-30780
-31166
-30404
-18646
-5677
4882
15332
24078
26994
24641
13383
20453
-29526
27499
14436
8981
9261
13815
16930
25895
-28259
-13821
4034
14217
19317
26633
-31391
-23336
-19214
-26346
21768
12641
17449
15331
5558
-1436
-1787
1509
6031
11630
13865
15582
19388
21592
24563
29193
-28335
-18270
-9819
-7677
-9751
-16782
-24400
-30862
25292
18062
12778
10950
10675
5413
-1800
-9033
-21064
-30945
25594
16744
9917
1528
-10416
-21636
31079
22678
18750
13527
9756
8650
6355
9751
12956
14589
18446
14494
11421
6162
-349
-10383
-16575
-22972
-27044
-28944
-29934
-28233
-28649
-30543
-30280
31409
29226
29938
24097
20508
20698
21674
20385
23601
26157
29200
-31705
32673
-32111
-31564
-32326
-26206
-18464
-6894
3809
11277
20020
28361
-31417
-25672
-18318
-11782
-5448
-4108
800
5029
5908
6703
4987
3009
6164
8711
7271
2544
-5482
-19442
32190
27991
31795
-31130
29579
23799
12952
-5441
-19841
32461
22848
19096
18863
21259
25816
30488
-23888
-4140
14263
32349
-16445
-3401
5323
11579
16378
20509
21890
23328
23398
23227
25359
26267
28147
30647
28080
22939
16357
13673
9227
5709
11765
21908
-31233
-21700
-14734
-11854
-6566
1730
7184
8793
10170
9872
8553
9946
12646
13845
9339
4070
-4959
-11309
-16115
-20513
-26533
29778
19909
7547
-3351
-11272
-18749
-26607
30577
21279
12303
4381
-4379
-12477
-22067
-30205
31640
27361
23462
20222
17403
14322
14801
14475
16010
20810
28706
-26300
-16399
-3612
9530
21527
32152
-23492
-17717
-10000
320
2154
342
4402
8618
16093
16428
-3052
4033
11956
-858
-12497
-15688
-15183
-12521
-5627
11147
-31664
-23798
-26985
-27870
-28543
-25377
-13112
9582
29893
32684
28890
18115
4548
-8608
-19772
-30617
20595
8230
3231
3990
2878
734
-3760
-9089
-14207
-19702
-25883
-28807
-27826
-32402
29321
27864
27954
28378
27185
26092
28039
29816
-28663
-14807
-241
12587
19903
24366
24033
21748
21311
17922
15211
8088
6508
2559
445
-682
-3670
-1109
1501
2620
6259
11252
15015
17344
21132
26468
31456
-30508
-30304
-28505
-27593
-30833
32423
28806
24963
22465
20541
17327
13950
12584
8902
5458
1558
-4893
-11978
-17366
-21604
-23631
-27227
-28881
-29722
31904
32099
-32620
29143
24514
23548
20170
16690
15602
12121
8483
5051
3455
1946
2648
5247
9867
11034
11096
10817
10672
9795
11157
15178
16078
16432
16274
12649
11173
8587
12050
18814
27986
-31771
-29444
29524
17380
-6657
22543
1693
11790
10074
7988
13780
16487
21879
32533
-23891
-19795
-13698
-10302
-9902
-8744
-8217
-7614
-5881
-9450
-16623
-22005
-24277
-26380
-26797
-29336
30463
23607
12309
3977
-4402
-14452
-22852
-26719
-31213
30708
27652
26059
24720
25210
24452
26707
26220
27849
31406
-32650
-30860
-29842
-31010
-31206
-30473
-31450
-29427
-32480
-32357
-32695
31667
29755
26170
21233
17672
14907
12629
10354
7244
3941
-464
-2139
-4670
-6996
-6916
-10248
-13891
-12681
-11222
-7739
-6792
-5368
-2045
-420
977
2241
4513
6474
6736
3918
1161
1666
817
3301
9434
15814
22781
27898
30119
31330
31207
32212
30071
27562
27176
28536
32535
-32352
-32438
31234
32465
-26902
-21877
-15432
-10665
-7020
-4182
-8367
-14618
-19368
-24772
-25831
-29576
32060
28905
26704
26742
23859
21657
20302
16978
13699
12045
11269
10593
13635
21531
25163
30357
-29360
-26367
-22846
-17730
-14086
-9201
-6171
-1439
87
-956
-175
-759
-974
-3278
-5640
-6889
-8076
-11314
-13296
-17364
-21164
-24142
-25269
-27650
-28944
-29727
-29803
-30716
-32720
30037
20695
10908
3469
-1163
2408
7303
9724
15915
24048
32357
-30516
30221
28595
26382
24810
19756
10385
-1762
-1886
4667
13335
16250
18391
28930
-20265
4603
29246
-13746
2233
14643
21744
23641
24771
24473
19633
14190
8765
3365
-6871
-16959
-25950
30524
25507
19533
11338
2332
-5398
-9232
-16818
-25716
-32338
26517
22214
20221
19986
16161
13348
12902
15033
16290
15159
16109
16449
16926
22883
-32596
-23097
-14003
-8966
-5413
-5585
-3898
-945
4369
13664
22835
30040
31305
-30965
-26883
-23092
-17258
-13451
-11759
-10989
-10712
-9609
-9309
-7164
-9569
-11284
-17628
-25361
-30631
32381
-30334
-29004
-29642
-28534
-28749
-28204
-30024
32259
32410
29767
24513
19640
15662
13964
13554
14260
18035
21186
25719
30763
32247
-31793
-31894
31071
28171
25922
21622
16356
9885
6783
3043
-2240
-3957
-6453
-9302
-12595
-13771
-17496
-20823
-21985
-22216
-25140
-23687
-21205
-20092
-18277
-16236
-12591
-9482
-6892
1766
10064
18101
25699
32566
-32062
-29916
-29268
-31711
30531
24908
18855
15193
12108
5981
-793
-6240
-11713
-18988
-25947
-30253
-31055
-31352
-31564
-31409
32746
29574
27469
24860
23330
20867
19701
19680
16556
13550
5869
-3028
-10470
-16468
-21492
-24370
-26294
-30208
-32588
29823
24258
17934
12765
12633
15540
18767
29476
-25028
-11244
6619
22412
27118
18020
-258
-11977
-7014
5608
14468
16330
13061
10858
9532
11559
15090
17150
16659
18318
23723
26897
29450
28291
23363
20277
18482
15722
13820
10131
7463
3984
65
-2201
-2650
2727
13967
26884
-25542
-12069
2007
12104
20504
25522
31042
-28920
-24650
-25904
-24575
-24716
-26249
-28125
-29240
-30015
-31478
-30895
-31428
-32276
32133
30594
29532
28285
27501
26520
26473
23528
22245
18434
14480
16634
17409
19098
19958
15098
8911
3205
2735
1006
-3760
-5967
-6102
1125
15507
24994
30271
-28953
-22922
-22086
-22686
-14405
-14751
-23265
29395
19525
16344
14031
7804
-4970
-13549
-16652
-18998
-15205
-8254
-1816
5829
12818
17401
19837
21139
21501
24855
27449
29957
-32344
-28836
-28524
-28530
-29581
32118
27886
26789
24349
22912
18760
14854
12149
9380
8626
9554
5828
5203
3357
-2469
-5972
-11009
-13888
-17693
-21753
-23084
-24581
-28647
-30234
-31636
-31019
31753
30863
-30757
-29926
-26992
-23191
-20142
-15819
-9640
-6036
-5963
-5432
-4132
-1073
5250
11372
17064
23163
28577
-31477
-29278
-30017
30973
22912
22017
25047
16367
4908
4326
1038
-6275
-4263
4832
7923
7180
9519
7418
2923
-1306
-5119
-7446
-9133
-9845
-8731
-7055
-11105
-14665
-15716
-19552
-22688
-24134
-25839
-21510
-17184
-17971
-21622
-28205
31391
28571
-31061
-22966
-17073
-13459
-12193
-12958
-22430
-30891
29702
31090
-31340
-31901
32263
31980
26490
22801
21396
28728
-31653
-30423
-32625
30412
29195
32447
-32080
-32403
-30145
-27363
-25366
-21338
-15671
-10275
-1217
5844
15027
19591
19781
18141
14944
10469
8107
9187
9870
11475
12097
12889
14648
17173
20563
22417
24114
28744
-31355
-27286
-23648
-24165
-30787
30345
27743
21095
15553
12237
5163
1502
-1577
-4128
-1472
1800
5644
8572
11387
11094
13531
17243
22957
29595
-26636
-11086
9911
23303
27089
22291
11456
-1569
-14103
-16803
-15998
-17547
-19158
-20984
-17182
-6352
6309
19443
24146
21158
8245
-11545
29189
5305
-11024
-21832
-27668
-32308
32148
32365
-31148
-26436
-21117
-18873
-18508
-15200
-12255
-11123
-9402
-7453
-5575
-1574
2421
2948
795
-1380
-5594
-9411
-11058
-14332
-16693
-17687
-20773
-25075
-29546
31517
27818
21794
17243
16269
10055
4753
2931
592
-1189
-845
-1850
-4052
-3510
-6517
-10916
-13657
-14640
-16248
-18661
-20437
-20573
-24491
-27384
-27106
-26466
-25920
-23900
-22314
-24132
-23838
-24330
-24613
-24864
-24243
-24795
-22948
-21084
-17385
-15295
-13699
-12105
-10953
-10005
-11321
-10757
-12043
-6407
2528
7661
16890
26450
-31231
-23651
-14901
-5815
6579
17381
24705
24925
23688
21641
20599
16698
12753
9263
3896
-389
-2010
2054
8138
11349
10324
6090
2026
-3212
-8174
-14917
-21376
-24677
-24121
-21505
-21345
-23301
-20192
-15432
-10524
-978
7060
13399
15832
17926
16887
15017
13808
10473
9982
9755
9354
7907
6344
5800
4409
3115
3304
-1493
-6995
-12530
-13801
-10608
-7280
-3844
-814
1225
1049
3545
246
-6279
-10788
-14973
-15523
-14389
-11220
-10830
-12034
-13340
-13120
-14262
-16092
-16995
-19871
-23265
-26568
-32261
27093
21498
17205
20972
28200
-29996
-31244
15931
-140
-7228
-8027
-6954
-12207
-16846
-22817
-26278
-28176
32123
31908
-29373
-25246
-25747
-28741
-20907
5200
29004
-16739
-1640
5042
13618
29295
-25967
-17066
-2296
7137
13780
19386
23578
22082
16791
13825
13115
14541
16652
22681
27187
30235
-31472
-28254
-29044
-29823
-32378
28998
24880
22787
23253
24636
24417
26514
26974
26260
23448
18599
13575
9104
4955
2940
-1120
-3464
-6238
-7414
-6288
-5298
-4737
-2650
1074
4269
4873
5466
6706
5903
7121
7195
9218
5700
2897
1176
-4725
-10846
-16166
-23007
-29902
31256
26962
23526
17815
11573
4657
-3916
-8177
-9778
-8833
-6116
1267
5026
-987
-5645
-11947
-20761
-25096
-25582
-28679
32470
27519
26579
26468
30099
-31107
-27306
-20038
-12613
-9546
-8360
-8737
-10052
-12255
-8069
-2712
-1949
-880
762
-2365
-7598
-10630
-13541
-17765
-21015
-23879
-31668
27553
25942
23082
19406
17344
17019
14872
16336
17964
17991
16936
14490
14713
9645
7017
4383
-180
-3185
-6558
-10262
-12749
-10496
-6565
-3398
-1933
1273
-3222
-8498
-12608
-16253
-18664
-18378
-11702
-6493
-1226
4589
9426
11545
12962
12761
12748
14742
13547
11774
9396
4808
450
-5849
-12176
-15883
-19861
-21881
-20865
-19982
-19831
-18949
-19641
-21908
-25042
-25596
-26478
-25163
-17927
-11028
-6989
-4477
-5008
-6373
-9439
-13632
-15702
-19201
-23577
-27313
-31237
32180
29628
27540
26350
25066
26394
26582
27444
29349
31277
-29975
-23181
-19224
-13770
-6898
-2958
1467
7067
11889
18290
847
2182
1548
876
-188
292
1606
1107
-280
-408
1019
1904
1728
1036
1345
1709
1464
-532
-1646
-918
-1712
-3003
-3057
-2349
-2864
-1739
-2432
-2585
-2735
-3438
-2922
-2676
-1368
-1231
-1988
-471
445
305
-331
-112
100
-418
-1000
619
512
1401
967
1597
2329
2273
2357
1931
1035
1402
2445
2446
2378
2022
1022
1823
1726
1518
1594
1375
-2034
-2726
-1716
-2109
-2472
-2364
-1486
-1977
-1605
-1049
-2591
-1989
-2103
-3219
-2655
-1012
-1844
-1585
-1567
-1470
-2550
-2746
-1106
-2605
-3634
-1829
-95
299
-906
-840
1132
1443
-140
597
378
-633
-26
241
611
33
-367
-315
762
1836
1156
1324
1580
1531
1489
1488
1335
1394
415
-1131
-2239
-1493
-301
-296
-1493
-2043
-2253
-1698
-1674
-2734
-3011
-1663
-398
-50
-551
-1435
-1740
-1630
-995
-60
1299
2242
2181
847
439
786
333
-740
1569
2185
730
-13
971
1978
1346
1852
2340
3137
2578
1943
1922
2240
2660
3120
3133
3552
2801
2601
3343
1586
1206
1429
534
1361
-740
-1983
-2296
-1920
-2591
-2756
-1281
-767
-1775
-1673
-3003
-4514
-3638
-1542
-1795
-2697
-1409
29
-1003
-1914
-1857
-1857
-2131
-3171
-2690
-2068
-2420
-1645
-1030
-1502
-315
-313
-1097
-695
-399
309
-730
-1418
-1867
-3153
-3152
-1389
152
-1570
-3686
-4347
-3916
-2508
-1102
-508
966
2632
1747
888
14
-907
-1475
-1316
-1827
-1967
-1163
-713
-207
-576
167
237
173
1058
7
-852
-243
1951
3281
1667
-114
-223
585
-34
468
853
378
33
-727
-97
847
2182
1548
876
-188
292
1606
1107
-280
-408
1019
1904
1728
1036
1345
1709
1464
-532
-1646
-918
-1712
-3003
-3057
-2349
-2864
-1739
-2432
-2585
-2735
-3438
-2922
-2676
-1368
-1231
-1988
-471
445
305
-331
-112
100
-418
-1000
619
512
1401
967
1597
2329
2273
2357
1931
1035
1402
2445
2446
2378
2022
1022
1823
1726
1518
1594
1375
1092
1248
1369
2044
2278
1639
2214
1626
2073
4032
3606
2108
2220
2697
1872
1207
2131
1521
328
358
280
27
595
657
-61
189
259
-1068
-1273
-31
-1284
-638
1733
1631
2103
2551
1764
2275
1678
791
1163
844
1205
578
-1314
-335
-755
-3181
-3951
-3286
-2734
-2677
-2054
-2424
-2066
-2660
-2072
-1839
-3848
-4292
-4248
-3171
-3778
-2914
-2517
-2141
-2760
-4072
-3703
-1766
-1558
-1439
-692
-1159
-336
-229
-1546
-2528
-1918
-1340
-758
-800
-1066
-255
-35
-717
-195
905
37
-94
64
-911
-719
-1290
-69
1332
551
-587
-396
1532
392
1227
1202
-619
1036
929
1361
1631
1773
354
224
1287
1671
1089
1014
2192
2326
1523
1497
2425
1609
2284
2548
2027
2030
1448
2212
2755
3038
3386
2387
592
658
218
-638
-1361
-509
1734
2001
2379
1617
1816
3271
3115
2120
3174
2560
998
1137
1690
588
870
1803
2007
2350
1241
2324
1629
-10
1746
1362
1407
1503
2027
2248
1677
-380
-909
-343
-962
-1380
-1174
-1273
-1037
-1803
-2837
-3434
-3781
-3669
-2772
-2106
-1199
-1125
-2890
-2201
-2826
-3083
-3402
-3659
-3445
-2522
-3273
-3591
-2841
-3289
-2746
-3027
-4081
-3684
-3026
-2657
-1505
-1706
-1531
-1958
-1420
-1747
-643
-1
-485
-36
-478
-2619
-3736
-2455
-1717
-1320
-1495
-1115
692
1694
2512
788
-48
-246
686
1742
719
132
1002
1108
709
-231
-456
610
2434
1913
1793
4175
3373
1222
1156
422
2167
2176
2312
3005
830
-229
1044
431
399
342
1087
2873
3305
3580
2696
2410
2031
1973
1371
967
934
1077
1971
1111
-868
-180
-254
-73
-329
5
474
-755
-961
-1001
-840
-344
-690
-272
-636
-414
79
-8
-533
-1375
-2185
-1638
-1060
-2110
-1526
240
715
-1850
-2213
-2559
-2602
-1052
-38
-822
-1847
-1440
-1329
-959
-938
-1026
-174
1337
2037
2700
4060
4777
4452
3994
3617
3066
2821
4422
4175
5434
4758
3158
1833
1235
1957
1145
2333
2252
1429
1328
1939
2631
2165
3252
4281
3595
1126
379
939
1741
2427
1215
31
-538
-779
651
1313
-207
-1376
-2427
-1792
-1594
-1741
-3479
-3744
-3302
-4114
-2213
-1111
-1046
-465
851
2151
1154
35
1418
353
-232
634
99
734
-359
191
-784
-1404
-1111
30
875
752
1746
1580
1959
2779
1513
564
265
283
1042
125
418
2112
1408
2557
871
-255
-38
1333
1508
1602
2348
1951
2203
1993
2747
1593
1453
1695
2057
1927
1195
3402
2986
2821
3404
2889
2886
1943
1737
1420
1823
849
1177
526
335
1658
919
1171
921
535
-276
-209
1321
895
740
-8
-340
1112
563
170
-794
-2102
-578
-96
405
459
279
1548
1124
1035
305
-1501
-1439
-1359
-1017
-979
-1401
-2065
-2084
-1144
-1005
-1517
-530
-333
-233
-464
-494
-1037
-1135
-1731
-1482
-938
-1026
-935
-1491
432
670
372
457
138
845
931
645
-750
-1186
-1111
338
817
1579
1504
1191
1502
684
660
-313
-425
944
-887
-1284
-1377
-1737
-602
-897
-284
381
1653
1916
1861
2263
1293
1667
1613
2430
3000
1312
287
1598
1412
1746
2129
894
-772
270
611
2291
3192
2282
3069
3212
1754
2658
2457
1860
1118
1501
2979
1601
1332
2122
661
801
1003
328
-627
23
1350
2392
2220
1592
1599
901
1347
1516
1895
241
434
2123
2967
3581
2482
2031
2992
1830
2504
2263
2108
1922
1580
2685
2669
2254
677
-434
670
438
-751
-113
-289
-354
128
650
230
-867
53
-1187
-77
2185
1643
1128
-313
-261
-538
-862
-1404
-1416
-2232
-2931
-3304
-1952
-1220
-392
-11
678
683
971
1528
2018
2630
2072
1678
1904
2123
3314
2240
922
-467
-732
-1213
-61
1453
1829
1242
1176
2049
2097
749
-119
802
2874
3940
2648
3368
3335
1879
1263
-375
456
127
-233
-997
738
1659
1354
84
875
1495
1116
1660
1412
1569
-435
-729
914
632
208
477
729
522
123
979
1336
1728
2313
1962
1401
2440
3863
227
716
3056
3578
1402
771
1331
1596
113
-354
-285
-847
85
1948
1453
-56
-922
-899
-935
-1482
-1531
-1950
-1666
-764
-1782
-3146
-2216
-1243
1076
548
234
1045
719
2270
2854
2710
2738
3151
2928
3042
3291
2846
982
682
1156
1967
2103
3048
3396
3429
3575
4970
4017
2326
1587
1352
1398
1766
1452
975
1393
382
-298
-193
1090
1883
1781
1908
1454
1912
2233
977
-411
157
-156
329
442
-770
-1073
-96
-490
-688
-1041
-435
1332
2004
797
982
162
552
869
565
1337
764
-610
-789
-1192
-1324
-621
-65
-752
-1826
-1030
-437
2
-189
122
883
766
1239
2501
1595
1267
233
-1353
-205
19
1368
1106
982
1190
1613
1472
1656
639
649
2162
2680
2405
2545
2721
3837
3114
1664
2150
3566
4131
4061
4056
2419
3936
5052
4794
4587
4678
3899
3050
2520
1790
1342
1679
1278
436
242
157
1129
880
-191
865
1527
2984
1370
-18
-582
-1341
-2354
-2254
-3643
-4325
-4524
-4260
-3211
-3345
-3413
-4124
-3672
-2516
-1417
-400
-341
-496
62
470
-300
-547
-253
-1928
351
1918
510
489
1393
1203
1459
573
8
182
-242
464
1173
568
-1258
-834
190
-1304
-724
93
-1056
-673
-1497
-410
814
800
1895
1173
957
286
1781
2488
1909
1385
2416
4102
3810
67
33
2297
3043
2843
1855
3224
3998
2958
3446
3254
2424
884
1745
2946
3339
2992
2661
2536
1304
752
1682
667
-507
-336
-376
-418
-1484
-585
-1343
-1497
-478
1384
578
58
-407
-1227
-1703
-1766
-2583
-2964
-3207
-3508
-2270
-1986
-1388
-2292
-1826
-660
107
-19
-1554
-1911
-1512
-2279
-836
528
-110
-702
-118
1212
951
355
1425
1353
1720
1859
1727
1259
990
2274
2086
2320
1592
1143
1492
59
-46
-38
1614
2524
2278
2299
3349
2032
284
-966
-1332
-224
816
924
646
2360
1999
171
257
185
-257
-529
-592
-171
1131
1282
1904
1765
2575
2111
2339
2071
1153
2471
3325
4202
2542
1979
2527
1269
1898
1704
1721
1032
464
1424
2023
859
-380
281
1235
2139
1127
-406
-691
-25
519
689
1564
1437
-309
-674
-117
518
169
-924
492
1124
1273
251
95
-1441
-2067
-2880
-2568
-1447
-2511
-1598
-846
-326
198
878
-112
-652
12
548
1163
410
275
-336
-843
-333
-1166
-1344
-1452
-1788
-732
-321
283
448
1631
1603
387
-803
-219
48
-736
-933
-420
300
115
49
-787
-1283
-1437
-1146
-1120
-1611
-846
-271
777
363
-132
-910
-1208
-222
555
397
32
-334
-356
1697
1217
-226
774
2041
2151
2575
2416
2584
3481
3603
3504
1470
273
1091
1597
1021
532
183
-245
-462
695
-6
52
-72
-1246
-1976
-2375
-2280
-2590
-2978
-2858
-1728
-1620
-3368
-2228
-2173
-1439
-1872
-2117
-2901
-2889
-2552
-2516
-2076
-1704
-1855
-2284
-2864
-2998
-3739
-4167
-3881
-2536
-1075
-3029
-3351
-2209
-1304
-1046
-2120
-3078
-3008
-3291
-2909
-1932
-1192
-3086
-2517
-1480
-1601
-2732
-2543
-1985
-3827
-4619
-2524
-2269
-2688
-2531
-2017
-1606
-3079
-1887
-991
-1236
-2523
-3022
-2395
-2180
-393
1538
1197
816
1232
662
2146
2632
2411
965
1225
2100
765
-421
865
799
-379
-869
-921
-307
-524
-459
73
-520
-417
775
265
70
969
-533
-847
-914
-1567
-487
-821
-696
-1519
-2272
-1925
-2278
-3648
-4231
-2607
-3495
-4587
-3209
-3385
-3699
-3174
-1292
-1514
-2932
-3576
-2088
-1701
-1922
-3627
-3539
-3884
-4016
-4460
-4165
-3644
-4475
-3451
-2525
-1184
-219
-1219
-840
-1874
-1384
-1573
-2071
-2156
-2172
-1291
-1307
-1726
-1619
-430
-78
-95
-1895
-1845
-2329
-2066
-445
501
368
-1201
-1539
-203
-364
-1197
-1809
-1195
-1334
-1527
296
1034
426
313
242
150
-41
449
1232
875
385
-409
-643
957
958
519
1219
1452
438
-154
232
194
-917
-2135
-2995
-2610
-936
-614
-1023
-2295
-2167
-1871
-3451
-2409
-1550
-1353
-2740
-2726
-3476
-3831
-2765
-2212
-2139
-2291
-825
-2155
-3664
-2586
-2497
-2795
-1971
-1516
-3451
-4605
-3267
-2683
-3927
-3230
-2660
-3338
-1920
-1317
-1989
-1659
-1970
-2794
-1814
-2269
-2537
-2801
-2472
-840
-676
-724
-1293
-954
-438
-342
-1184
-2003
-1172
-428
571
1145
269
-1039
-2031
-1290
-1482
-915
607
-58
-307
-97
-795
-2245
-2223
-956
-2896
-3559
-3495
-3796
-3134
-2095
-2093
-3865
-3000
-1059
-1516
-3140
-2259
-908
-921
-3208
-2371
-2152
-3964
-4178
-4053
-4169
-4997
-3791
-2163
-2101
-1975
-1610
-2162
-2849
-2572
-1486
-1821
-1901
-1853
-2067
-3311
-2671
-2043
259
413
-1975
-3275
-3716
-3385
-3962
-3351
-3692
-3048
-3132
-2470
-2185
-2170
-2481
-2334
-2418
-1879
-2585
-3489
-2810
-1345
-1061
-1842
-1834
-1154
-1479
-1941
-1584
-840
-637
-1033
-579
-1066
-454
-72
-1189
-793
-714
-400
-1308
-1850
-1652
-2697
-1534
-1891
-1340
-2227
-3773
-2780
-1881
-2259
-3553
-2095
-1546
-2090
-2374
-1425
-1150
-1338
-1663
-2135
-2089
-1152
-1535
-1858
-1270
-1351
-1550
-1081
-961
-1762
-1465
-1140
-776
-213
-1042
-2773
-2507
-526
277
-204
-71
754
-413
-1292
-1061
-1246
-1726
-324
1053
-448
-746
-733
429
-1081
-886
-705
-1158
414
1081
1539
1104
1124
1395
1487
661
75
-763
-1073
-2429
-2005
-2220
-2971
-1574
-512
-1082
-648
337
-613
-524
-184
-1459
-1838
-3155
-3388
-2251
-200
-528
-1081
-1667
-2380
-2017
-1635
-1786
-3124
-2723
-1539
240
182
18
-897
-59
316
3
-1303
-1238
-2592
-2863
-919
-3266
-4007
-3163
-2077
-1457
-1120
-150
1019
32
-1011
817
2909
2198
1057
1260
1132
2457
2346
150
-1017
-1293
-352
722
270
878
1276
1489
2016
3866
4427
2450
781
2192
1681
2550
2490
1682
2636
2679
1962
781
501
505
-198
453
2033
69
-163
-481
-134
673
-218
-697
-11
160
-954
-1216
696
278
-875
-531
714
804
-803
-1744
-862
484
-898
-2240
-2327
-1649
-1581
-2247
-1869
-1503
-3631
-3809
-2406
-924
-1038
-1630
-1551
-1545
-977
-1153
-2084
-2277
-3242
-3515
-2740
-1537
-29
-331
-372
-547
-1455
-2015
-1490
-2339
-1546
-2725
-2976
-3254
-3678
-3426
-3840
-3269
-1711
-1717
-2369
-1115
-11
-473
-2453
-2646
-1023
-541
-698
-1919
-2011
-1675
-1686
-462
-95
-670
-1731
-522
716
239
-36
157
209
341
59
1688
1392
-3
1284
-357
280
109
-1098
-1824
-1414
-1511
-1017
472
730
-873
-193
996
1431
747
-65
421
98
154
829
438
-597
-782
-182
-307
-518
638
1122
1376
18
1208
1171
1403
2204
1787
1767
1188
-374
297
360
-668
-403
8
645
846
1919
2680
2226
1853
1853
2213
2315
1406
905
-376
44
534
229
493
473
569
265
1023
975
1238
55
-231
-402
-681
-405
581
-641
-2293
-509
789
736
-1044
-1253
-1640
-2489
-2216
-1695
-1856
-1482
-77
824
-7
1757
2139
1339
743
-117
1575
1445
1588
1671
1503
1353
1432
1346
1311
-722
-911
356
767
1030
1237
1608
1090
752
992
2562
2688
2761
4151
4922
3183
2725
2425
2119
709
219
785
1593
1273
1081
1840
2526
3051
2134
2276
3247
2686
1223
1369
1928
491
-1160
-487
-32
-1189
-1462
-1296
1863
2445
3249
3820
3245
2591
1231
1312
1205
341
-658
-1786
-3352
-2713
-1092
-394
441
526
738
1328
969
754
350
-385
707
1316
1232
1259
2193
1552
-304
-1059
-556
-177
-912
-671
80
1280
1990
2400
1553
2866
1806
1889
1420
1559
3014
2348
2325
3130
2747
2988
1859
356
1032
1693
2609
3954
3958
4631
5704
4611
3576
1666
3393
5260
4716
4277
2874
3809
3082
2093
891
1386
2352
1178
1577
3290
4131
3190
1430
280
1688
3316
2224
1900
2652
2297
1445
2645
1208
-806
-680
-1302
-2217
-2288
139
1138
945
1668
1430
1169
1033
2481
2128
840
107
885
365
-965
-1303
-1133
-535
216
332
1320
2117
2169
2481
2172
1035
2331
4138
4270
3462
2033
2213
2131
1806
2316
2586
2747
2073
1787
1032
1275
288
-621
-25
555
2055
938
375
-185
235
533
1385
2942
3239
3375
4260
3400
3161
4617
3767
3515
3330
2845
3538
3393
2849
3350
3946
4929
3825
4436
4839
3886
4724
4459
3486
3750
4133
5405
4951
3608
4072
2388
2064
2652
2132
1776
1588
2465
1719
719
-76
452
1658
374
-1277
-270
-812
503
1636
1528
1406
1712
2818
3083
3817
2446
3160
4502
2851
1138
1431
2034
1370
1548
1564
2279
2246
1163
-73
1521
2478
2347
3233
3192
2593
2717
3986
5023
3104
2349
2245
2319
2766
1986
1344
846
-334
-528
-175
1708
1180
101
-413
-83
-445
440
79
-169
-152
84
855
1522
1955
1649
555
-968
445
1655
1202
110
809
1002
748
267
1685
2665
2517
3173
1568
2354
2306
2595
1976
1066
497
692
210
1357
2726
2812
1164
146
76
-881
-1218
-1022
123
-311
-2050
-2659
-1455
-1100
-1840
-3354
-3013
-3261
-2815
-1494
-712
220
161
59
-231
751
-1983
-2903
-155
1094
989
1459
996
29
2006
1948
1670
1747
2322
2714
2157
2033
1533
680
595
676
1812
2773
2116
2083
2044
2034
939
298
883
-97
331
-82
-217
1368
-99
470
485
959
401
-96
-183
-510
-1510
-969
-618
-391
-54
1023
1276
1813
1153
744
800
-227
250
338
-153
-30
778
-116
-618
162
1496
3114
2400
1983
1909
2089
2804
1858
2938
4147
3108
3574
1818
1226
1449
2265
2298
54
150
798
896
785
-1167
-897
-685
-1552
-1632
-1649
-807
-774
-43
-165
-1603
-1185
-111
-496
-1179
-1321
-997
-872
-502
-1115
-1431
-2622
-4032
-4855
-3708
-2320
-1385
-1114
-692
249
2119
1692
1509
567
-1836
-819
321
558
264
934
1102
1503
1872
627
26
-734
-102
-561
-109
64
59
71
-351
-724
-221
-826
-1392
89
589
-1173
-1057
-97
715
1408
2263
2449
1544
1155
1844
499
-370
-276
175
-317
-2116
-362
-829
-1461
999
1523
1149
1516
2294
1890
748
946
1175
344
-299
587
1463
2597
2322
1365
-390
-1212
-550
-229
-118
-76
-94
-1012
-1847
-938
-1184
-1886
-2564
-2583
-2604
-2487
-1407
-2132
-2723
-4144
-6160
-5978
-5763
-5692
-5881
-7145
-7179
-6706
-7205
-6708
-5836
-4211
-4037
-4310
-3382
-3130
-2869
-2425
-2870
-2746
-1755
-3205
-3275
-2510
-1137
-1015
-1256
-1911
-2256
-1566
938
972
-1115
-1976
-527
974
-20
-1391
-1631
-1800
-1748
-534
-867
-925
-1700
-3672
-2751
-3230
-4693
-3323
-2404
-2009
-2212
-1382
-803
-1346
-1015
-797
-1675
-2381
-2717
-2166
-1142
-1220
-2255
-1665
645
842
-312
-1132
-760
-335
-689
-1257
-1760
-1622
-1442
-2395
-2501
-845
-145
-359
-1932
-3287
-1477
-1574
-1417
-844
-1105
-1372
-2148
-2300
-2429
-1569
416
1445
970
-511
-1006
-1726
-2640
-3602
-2919
-2630
-3176
-2665
-3189
-3147
-2717
-3912
-3891
-3331
-2426
-1683
-1079
-2118
-2754
-940
209
607
-224
-459
-97
-903
-1242
463
-254
-86
1134
594
1030
1896
1529
706
7
453
117
-137
-277
166
954
210
85
-1007
-2027
-3533
-3964
-3429
-2662
-3319
-3025
-2826
-3022
-1964
-2203
-3147
-4694
-4217
-3779
-4338
-4798
-4033
-4389
-4162
-3015
-4611
-4882
-2149
-645
-1436
-2677
-1816
-474
-246
-839
-700
-766
-725
-1033
-1985
-993
-1304
-2318
-2661
-3179
-1611
-885
-975
-2466
-3450
-4037
-3439
-2611
-3252
-2360
-779
-553
-985
-2262
-2475
-2932
-3719
-3567
-3086
-2570
-1713
-2390
-2411
-2870
-3654
-2875
-2082
-2259
-1740
-2509
-1871
-1599
-1167
-399
-1461
-2313
-2147
-812
-1332
-2947
-3445
-3055
-1679
-1451
-1804
-1566
-1991
-1355
-2439
-1598
-1166
-817
365
-792
-263
-363
-715
-983
-701
-1102
-1964
-1710
-1625
-3110
-3877
-3872
-3648
-2492
-2601
-3827
-3829
-2351
-2627
-3141
-3069
-2643
-4050
-4579
-4021
-2399
-2070
-2205
-3761
-4331
-3503
-2653
-2277
-2895
-1869
-1867
-1506
-662
-945
46
-301
-950
-1828
-2080
-755
-845
-1302
-588
396
-343
728
-57
-917
-642
-1384
-484
619
-374
-2521
-1648
-1362
-2631
-4129
-3920
-5083
-5768
-4837
-3257
-3579
-2807
-1880
-1754
-2170
-2861
-1865
-1613
-1983
-1671
-194
-1395
-1728
-1723
-59
384
-308
69
301
1308
1193
-558
-1314
-311
-653
-1622
-1912
-1404
-1520
-1182
-749
-447
-900
-443
353
565
549
-323
-452
-1740
-963
-750
-1011
526
2115
1408
-424
-933
-420
682
390
-379
-1307
-721
1260
1168
851
840
-250
1024
974
-341
-709
-630
-391
-1234
-1107
-993
-1554
-1093
-453
181
-60
-756
132
-159
79
55
1012
2253
302
-246
-1393
-2153
-1933
-2191
-1546
-1591
252
616
419
-798
-374
347
654
-438
-939
-1721
-1815
-2005
-2195
-1298
-2333
-3973
-2430
-3269
-2462
-2871
-3189
-978
-681
-1819
-3108
-2032
-2039
-2123
-1673
-1500
-775
-1190
-2261
-2079
-22
-280
-1043
-1210
52
-185
-1294
-362
205
-831
-473
83
-1518
-1343
-1479
-2095
-2067
-374
-2333
-1960
-343
-755
-1491
-1184
-496
56
425
-310
-818
-666
-1790
-3087
-4110
-3380
-4928
-4861
-4778
-3050
-2951
-2129
-2935
-1711
-1201
-2046
-2291
-3258
-2263
-2905
-3845
-5397
-4947
-3752
-3147
-2026
-1692
-962
-489
-1390
-2751
-3196
-863
-1026
-2120
-1763
-1534
-2296
-2096
-1245
-1318
-45
0
-183
513
-485
-117
-1383
-2908
-2724
-2028
-1639
-1760
-1534
-1820
-1264
-118
172
424
1168
229
-826
-2128
-2585
-1534
-2169
-1783
-989
-1827
-2215
-1155
-276
-733
-2959
-2893
-895
-197
-86
-1026
-783
-291
371
1344
1296
183
-1725
-1059
559
886
-913
-2717
-3386
-3385
-2894
-2679
-2820
-3153
-3637
-3569
-1513
-1858
-913
-1530
-1876
-673
-293
-68
-1774
-397
-914
-3240
-3179
-2665
-1566
-3096
-3358
-851
-828
-956
-2368
-2408
-684
-1959
-766
726
-62
-235
-1071
1583
1398
319
1593
1830
1985
1020
572
689
803
908
488
625
2249
1728
1440
1616
1866
1864
859
787
1968
2489
1310
291
239
1157
665
263
408
770
867
-807
-1479
-2816
-2283
-3107
-3127
-2161
-1270
-1350
-1370
-1461
-1823
-679
-2430
-2363
-2249
-1696
-2254
-2798
-2031
-1897
-3567
-3897
-3406
-3943
-4036
-3052
-1063
-2587
-2067
-2508
-3885
-3278
-3046
-3012
-4375
-3236
-1592
-2353
-2754
-3323
-3601
-3387
-3059
-3108
-1587
-1537
-2919
-2632
-2483
-1657
-1458
-1293
-984
-1656
-1394
-187
-829
-975
-2365
-2866
-1632
-1418
-282
-919
-956
-1511
-2543
-2802
-2771
-3034
-2012
410
373
122
-361
-949
-51
-359
-1163
-1437
-918
-881
439
1557
734
-852
-1826
-1994
-1647
-2553
-1964
-37
766
-139
-440
-2088
-2703
-918
-965
-2275
-3558
-2644
-3610
-4390
-3883
-4513
-4715
-4971
-5071
-4090
-3482
-3284
-4151
-4137
-3156
-1998
-2263
-4128
-4051
-4663
-5464
-4003
-3263
-3895
-3566
-3600
-2743
-1974
-3002
-2321
-1487
-1141
-534
-984
-404
-400
-2211
-3332
-2576
-1179
-1237
-956
-627
-1625
-2644
-2153
-1427
-618
-1876
-3129
-3429
-2695
-1639
-2349
-3300
-3082
-2599
-484
-764
-846
-234
-395
-611
-836
-663
-1073
-2414
-2232
-1972
-2197
-1273
-1429
-1418
-1274
-905
-1757
-2431
-300
832
985
1415
1498
-133
-2285
-1540
-458
-494
-1067
-15
770
165
-778
-1261
-825
-424
-1319
-1615
-586
-678
-305
-802
-773
-2415
-2304
-2017
-1124
-975
-1102
-1422
-1441
-1354
200
54
-842
296
-200
-1515
-2359
-2858
-3039
-2496
-2360
-4345
-4615
-3808
-2370
-1654
-562
-491
-545
282
-1236
-1334
-1562
-1819
-776
401
1385
894
612
752
-39
-1922
-1992
-899
-798
-1097
-666
-643
560
-138
-815
-2366
-4334
-3494
-2993
-3295
-2593
-3558
-2622
-2699
-2047
-1583
-1673
-878
-864
-822
-1472
-2573
-2651
-2576
-3528
-3107
-3290
-3262
-1990
-1794
-1447
-1622
-1826
-1647
-1060
-97
218
621
-403
-1036
-497
238
995
-658
-947
-11
158
290
619
1959
746
-1150
-1025
-300
-1077
-664
-455
-1668
-1698
-2880
-3577
-2404
-1505
-1273
-2471
-1859
-2578
-3919
-3418
-2663
-2292
-2985
-3389
-4059
-4048
-4406
-4818
-5819
-5829
-6589
-5431
-5014
-4253
-3190
-4521
-4489
-3896
-3701
-2948
-2611
-2816
-3268
-2565
-2547
-3654
-4840
-4417
-2533
-1542
-3582
-4292
-4062
-2129
-259
-1132
-1418
159
-398
-1934
-1552
-453
-1441
-2143
-2870
-1812
-1724
-1747
-2200
-1097
885
2277
2112
801
695
1098
2093
2866
2147
1371
2230
3230
3880
4838
4918
3799
3455
3657
3480
3882
3357
1982
2226
2762
3807
3025
2118
1461
3453
3799
3748
3288
2655
4241
4412
5598
3889
2643
1335
1209
1964
2008
400
-1344
-406
211
1219
1130
-1467
-1234
790
1437
1150
833
666
-204
474
1353
1901
1956
1624
227
1876
3315
3558
3217
2451
3637
3120
3923
5784
4850
4744
5969
6835
7705
7813
7889
7394
8360
7763
8534
10194
10174
10407
9950
10443
10371
10292
11343
13287
14085
14003
15202
16474
16276
16182
18257
18304
18465
18357
18267
17891
18649
19248
19418
19302
19834
20406
21004
21419
21802
20945
20989
22464
23146
24280
25461
25545
25243
24144
23614
23741
24692
26440
27098
25506
25521
27114
27951
28923
28190
27589
27004
28330
29764
31599
31022
30996
31480
30121
30247
28939
29095
30529
31524
30867
31045
31427
30454
29470
30148
29086
29679
30946
30834
32412
32246
31415
31417
31612
31028
31397
32069
-32686
31999
-32226
32703
32187
30867
29180
30277
32135
-31328
-30050
-31484
-31721
-30982
-29855
-29774
-31404
-30601
-30548
-30034
-30716
-29995
-29179
-30053
-31227
-30889
-29992
-30571
-30272
-30437
-29642
-29272
-29924
-31062
-30549
-28287
-27886
-29216
-30881
-30801
-31107
-30762
-31218
-32716
-32768
-31851
-32287
-31227
-31170
-31108
-31888
-31284
-31736
31640
32224
-32058
-32145
31390
31156
30685
30367
29991
30535
30338
31004
30197
30291
29325
28593
30331
30497
29079
28209
28823
30119
29394
28292
28301
28499
28358
27763
28059
26628
25245
25046
24454
23795
24188
24913
26043
26741
24760
24061
23467
23233
21805
21082
21842
22476
22511
21446
21013
20719
18828
17267
18399
17626
17423
16835
16679
18186
18154
16999
16880
16422
15879
15912
16083
16090
15158
14623
14881
14954
13992
13859
12799
13196
11800
11031
10974
11474
10859
10984
12040
11935
12184
12125
10270
9672
9606
8392
8642
8677
8450
8307
7261
5026
6221
7378
8487
9431
8046
6617
6963
5755
4934
4155
4151
4056
2939
3504
5226
4746
3921
5015
3888
4605
3665
2895
5097
4921
3834
2807
1746
1075
1368
1471
1497
1917
1361
1304
2700
2585
1370
505
1725
2290
1519
1614
3629
2776
1288
1621
960
602
504
1474
797
785
1549
126
-1281
-1248
-1158
-1017
-1203
-2111
-2605
-1442
-1042
445
55
-643
-120
-318
-859
-874
-36
37
928
2409
2303
1719
1136
573
-253
-933
-104
838
1187
-248
-877
-371
-655
-1285
-989
14
689
1863
2890
3860
3797
1132
1109
197
-1000
-1259
-820
217
-1531
-1959
-1728
-1996
-2410
-2535
-2918
-3165
-3538
-2129
-2309
-2285
-1575
-2474
-3476
-4040
-3962
-5000
-5358
-3645
-3253
-2596
-3044
-3458
-2674
-2120
-2192
-3055
-2765
-1626
-737
-111
1126
776
-81
-1039
-993
-881
-1983
-1072
-526
-1305
-683
118
-701
-1651
-2481
-1772
-49
-147
751
903
1661
2472
1983
2547
2645
2026
3367
3467
2008
2654
3433
3066
3529
3558
3413
2515
3599
4364
3702
3681
3317
3187
2334
3946
4540
3184
2724
3002
3070
2053
2209
705
612
2218
1804
2306
3036
2927
3425
3638
1650
2323
3158
2829
3596
2547
3266
3043
3131
3358
2080
2685
2234
2042
1644
518
110
2239
1735
566
117
-1430
-1773
-1898
-1291
-515
-938
-402
729
2532
2257
916
1838
1667
1992
3012
2892
1888
905
682
945
1110
989
1411
1336
826
541
694
720
776
1196
1477
1939
2980
2259
1847
2132
1955
2311
1006
1029
643
485
-8
-1503
190
676
143
346
-187
-603
577
1753
1185
854
259
454
1506
2784
3342
2482
2399
1950
1793
2498
2810
1421
1966
1834
2531
2914
2459
2157
1873
1586
1513
1149
-194
647
72
201
1626
1346
346
-1315
-56
320
-92
835
313
-196
1326
2052
751
-404
-870
1065
2032
1193
-819
-277
1840
1194
1704
2559
993
1576
2258
2514
1326
1023
1762
2021
2822
2403
830
804
1275
1279
2243
1932
1550
1459
1815
1943
2379
3026
998
1051
600
845
537
501
1488
1822
1006
1892
2491
1002
1251
2114
2078
1397
1501
2159
1458
3355
3769
2464
1353
2901
4340
2734
3007
2767
1742
1024
719
2141
3001
3687
3831
3026
3194
3302
2205
3703
5159
4001
5174
6085
5844
4270
3055
3651
3442
3502
2976
1628
1839
2562
2196
2877
2749
1518
368
1233
2171
1539
590
1280
1713
2209
3969
3294
2817
2248
1934
1154
469
1058
1584
743
1047
2018
2030
1656
1906
1450
2248
3243
3298
2373
2692
3436
2168
2972
2560
1332
2563
4030
4609
2323
1784
2073
1188
811
788
614
1948
2473
3058
1949
1401
2497
2380
1811
994
179
132
1479
2452
1849
484
961
946
1515
2417
3267
2421
2258
2078
1871
1922
1693
2182
2817
2768
3527
3567
3479
3044
2353
1593
816
906
1157
2340
3098
2669
2372
1397
1053
809
2827
4369
3560
3529
3328
3418
2264
1386
490
198
-39
-180
-1082
-1557
-1230
-408
592
856
-256
-1025
-481
-1888
-2597
-2956
-2553
-521
-569
-1517
-2631
-2299
-1408
-954
200
-246
-1193
1962
4249
5153
2512
132
192
1163
1000
89
246
387
1031
1214
1008
1777
1760
1433
282
1009
2534
3428
3922
1732
1225
1226
1273
2337
3032
2885
2249
1814
1554
2209
1759
331
-27
511
1316
1262
323
-1257
-567
361
1038
973
1021
747
1671
2869
2787
1585
2425
1703
1418
1751
1632
2884
2281
2127
2628
1973
968
306
1075
1603
1267
988
643
19
370
1138
786
-99
316
-13
-73
497
-759
-983
212
68
145
120
-800
-2007
-1005
443
-255
-1343
-631
-818
-1261
140
-30
1029
1392
1333
1265
242
310
828
92
580
742
348
696
1737
179
782
1330
1125
2384
2212
2275
2711
4473
3474
2721
2073
2128
1129
1349
1925
1829
1662
1364
1573
929
956
1082
526
1159
189
-96
212
1372
823
-1118
-893
-329
-89
336
87
-176
-973
-1386
21
1051
-1089
-1147
-1485
165
1345
547
149
-250
-1388
-995
-66
-26
-340
-742
-670
-198
-916
-1763
-1331
-1701
-2300
-2761
-170
-202
-1313
-1028
-29
71
-304
-1203
-2719
-688
455
1945
1901
524
260
-214
-184
-383
-303
-781
440
2052
2607
1723
1697
1805
1932
989
-345
-440
1040
923
-764
-1890
-610
-63
-860
-1864
-1967
-2021
-358
880
1115
550
-1811
-1424
-589
801
924
-476
-80
-574
-774
724
1559
391
-781
143
491
-571
-1777
-2364
-1770
-2311
-2857
-3181
-2558
-3067
-3110
-3442
-3903
-3942
-4026
-3511
-2928
-2069
-1426
-1333
-885
-1073
1201
1170
-819
-2237
-1621
-1414
-1964
-1800
-1415
-1189
-920
-45
-816
-812
-1825
-209
1212
29
996
656
-459
-1249
-777
-135
-273
289
1441
1171
108
436
25
-451
380
558
-557
-563
-1804
256
1409
613
698
276
904
1510
2446
1409
806
510
-599
253
150
891
2409
1297
-983
-978
-316
405
806
821
474
1094
631
-1781
-1182
-274
854
473
255
1205
768
203
-321
-124
812
-153
-195
835
628
147
461
-564
-826
743
1025
690
-714
-963
98
1312
1924
229
-35
-100
-1217
1051
1804
404
-195
-1897
-2213
-1505
-1213
-2314
-3148
-2687
-1331
174
-561
-1390
-953
-909
-439
631
-767
-1098
-639
-1015
-1927
-2717
-2794
-2339
-1094
-583
-766
-569
-953
-1187
-2262
-1495
-446
-1586
-2125
-1491
459
873
-112
-1386
-1982
-1028
159
-680
-1385
-1505
-1689
-1419
-1561
-1667
-2874
-3504
-1693
-1262
-1189
-865
-1352
-1367
452
1846
1397
1521
832
375
-138
817
2076
1282
-1781
-2672
-499
437
1057
395
-123
-915
-1310
214
1022
55
-470
-1001
-1885
19
-84
-350
140
-9
246
513
1126
-179
-1636
-539
908
1120
375
386
336
-1788
-2439
-1973
-2183
-868
-482
690
560
-2161
-2240
-3276
-2853
-2928
-3713
-4246
-3545
-1610
-1835
-2721
-2858
-679
-1675
-854
29
-515
54
-497
622
442
-373
-799
-403
877
-217
95
99
-48
-117
-542
-986
-9
-62
-735
-1433
-1682
-884
-2282
-3052
-2864
-1025
-380
-507
-2528
-2050
-1115
-578
79
40
467
209
757
1080
-311
-2115
-816
956
1304
548
287
-105
-769
-718
-92
-1043
-1481
-1139
-584
-566
-117
96
-1451
-1665
-537
-1675
-1790
-1744
-1319
-1346
-407
424
-862
-2127
-1697
-1477
-1433
-2243
-2370
-2049
-1894
-549
537
-1085
-3259
-2240
-1805
-1176
-2043
-3753
-2867
-3648
-2695
-1023
-488
-1190
-678
-334
478
933
555
201
-239
45
-249
-733
-529
-414
-768
-231
-380
832
1010
-568
-1214
-923
-250
929
1437
1167
1445
920
445
48
-351
13
216
677
1694
290
629
1163
750
-294
-1200
-294
-118
790
664
1837
479
-652
1247
839
881
153
-1219
-856
-93
22
-274
-221
-478
117
-147
-126
-6
578
-182
467
724
-1104
-2277
-2593
-1383
-1233
-1704
-566
-1562
-3370
-3229
-2539
-3068
-3078
-3342
-2720
-3131
-3412
-3579
-3560
-2577
-2475
-2053
-1029
-283
77
464
-204
321
58
89
-808
-1022
-1604
-3170
-3207
-1656
-753
619
2036
2361
2298
3721
3164
267
544
917
1390
2320
3353
3629
2939
2644
1180
226
167
-1083
-1745
-991
-1975
-2782
-3025
-2844
-3605
-2510
-1087
-1349
-2896
-3266
-3780
-4069
-3206
-1719
-1119
-2534
-3378
-866
269
-734
-1101
-526
-151
-170
244
393
337
-386
-142
-1060
-1380
-2491
-1593
-1061
-1502
-1105
-1382
-1639
-1289
-702
-921
-581
1721
3251
1244
282
428
315
1471
1684
211
510
-710
-259
-269
215
-1278
-1538
-2310
-2025
144
-183
812
1402
2474
460
-304
-346
392
1396
1584
331
75
-776
691
1854
-52
-131
100
1106
2108
1470
1181
1065
1337
443
714
2315
1499
690
1528
830
358
-273
912
1906
293
-1467
-1714
-713
-1896
-2354
-2638
-4140
-4130
-3576
-3574
-1921
-2271
-3878
-3955
-3564
-3230
-1863
-3812
-3885
-2723
-2001
-1386
-2102
-143
985
1101
71
1940
1331
707
2839
1611
1522
514
1340
2370
2513
1370
608
1538
-212
-147
-110
-199
-263
-466
556
1101
736
194
1425
807
403
-420
908
1715
-898
-275
1012
329
352
-77
-206
1339
1741
882
-197
1058
1677
820
632
803
384
1594
1013
-910
254
710
1478
854
662
1826
1339
782
2104
3115
3164
1294
1278
724
387
545
-547
-492
-797
154
451
444
-1598
-2644
-2733
-3054
-2249
-1091
-1402
-2145
-2106
-657
-901
-2108
-1952
-1806
-1072
410
28
-640
-1034
-520
-433
-1308
-1196
-1014
-1777
-2638
-1490
-1635
-1668
-1670
-1351
721
946
783
117
-130
-1084
894
1470
972
850
1009
1014
788
-650
-798
1860
1310
569
392
-694
-2090
-1545
-1147
-2165
-4867
-4938
-4601
-2436
-2825
-3753
-1978
-1384
-2221
-1726
-1186
-746
-529
-791
719
1490
680
378
1097
1135
-52
399
847
693
976
-246
-1597
-766
-410
-548
474
917
1123
444
630
1544
1727
1776
2416
1637
287
-420
-280
-889
-380
-634
-2072
-2140
-1783
-1144
-460
107
869
-331
-409
258
645
540
-1100
-667
-1177
-2210
-1658
-2080
-2774
-1230
-1758
-2643
-3031
-546
925
154
-977
-2727
-2233
-287
41
286
-742
-618
250
1113
333
218
556
629
1181
2017
1766
1855
1683
1444
2732
2236
740
819
1390
1842
2214
1712
-149
-1696
-1228
876
697
52
-373
-606
1142
801
990
-568
-975
-285
828
398
674
204
494
2447
1725
1691
2114
2154
2192
3076
3936
4139
3098
1329
1976
1309
954
71
-385
1343
642
-1559
170
1647
1163
198
-158
-10
-522
-1483
856
583
483
-509
-447
-833
95
1310
1006
1130
-188
12
47
1255
58
-1709
-2469
-2783
-1110
-600
-316
-587
493
1559
133
-538
-398
-1279
-2287
-1326
503
362
240
-982
-892
736
-718
-2326
-1521
89
516
-334
71
-284
1174
1859
1822
584
-623
-437
716
1142
1046
700
1457
2323
3253
3408
2961
2500
2128
1649
2553
920
2010
2425
901
-35
-532
-632
-326
-146
-974
896
-754
-270
260
922
2078
3252
2913
1782
903
-382
-353
725
975
-951
-2159
-712
1814
2036
930
223
-1645
-1084
386
-5
-1152
-1225
-1245
-851
-2969
-3843
-1800
-2653
-3149
-3759
-3811
-2457
-1252
-1423
-1611
-1622
-2255
-3935
-3341
-928
-1243
-1705
-2736
-1961
-1272
230
1481
-958
-1866
-1034
-268
1233
1205
553
-1014
-508
-242
231
1446
1366
1533
710
-482
594
180
176
827
1725
1041
1633
1394
299
1494
777
1218
1176
320
1393
2107
2299
3455
4505
3424
1594
1270
1102
-327
415
1179
1427
1926
865
2038
2939
1129
-468
-465
736
765
794
1157
1291
1276
902
231
92
-256
-1596
-1765
-676
-1335
-483
-1024
424
1663
829
408
-850
-2107
-1947
469
1477
-46
-728
-1232
-2832
-649
-1501
-1322
-693
-1380
-1898
-800
-259
-436
1048
1329
31
295
919
1818
1894
1350
1255
2436
2395
1833
2350
2016
1193
1106
1307
913
2135
2967
1387
259
-689
411
847
146
873
1204
1868
1459
489
1811
-252
-452
557
-626
-896
-89
-1187
-1503
-299
-826
-1154
-527
-416
264
-280
-928
-1404
-2122
-1797
-2171
-2263
-1099
-856
-148
1037
220
327
425
327
2080
1963
-954
-2054
-1442
-1802
-680
201
287
-695
-1379
-511
-1070
90
660
546
90
258
391
392
263
808
-172
-426
-66
-819
457
1502
636
253
2082
3490
1733
2353
3053
1461
972
319
27
201
-962
-1764
71
480
829
1193
2125
3172
2212
3120
3740
3322
2660
538
731
696
417
1104
-216
394
735
1235
1090
1698
895
144
99
167
-809
-1724
-558
-4
383
776
-1433
-1599
-160
1252
1168
284
1178
463
-507
-964
-850
-1514
-1945
-1533
-531
847
701
-342
678
1389
1013
636
698
516
848
1749
1086
314
162
-855
-1013
173
1427
1599
2579
2408
1186
2097
2960
2795
3043
1830
279
153
1037
1155
-1297
-1513
-2047
-1634
-2848
-2664
-1724
-2506
-3143
79
1013
158
13
-50
749
1581
2214
114
1013
1211
114
-1948
-964
546
-99
670
1222
1142
1955
1645
-292
-1586
-1404
-840
582
-586
202
195
204
1424
-69
-61
-856
-1340
-311
1097
985
1332
2001
2029
1490
140
-983
-1104
846
1601
1639
1744
1074
1909
387
-139
-113
-335
-1289
-626
-251
801
2516
2055
1649
1980
849
799
-311
-486
56
-612
-1265
-1939
-2998
-2204
-1455
-888
-1153
-302
566
642
2397
3375
3322
2152
1535
506
894
517
711
520
1199
1222
348
1687
-262
-564
-1147
-996
-1538
160
-965
-1331
-893
-790
-16
780
1647
1398
1791
1553
2880
1340
528
29
3
-1010
-845
489
543
113
-166
880
2264
2949
2088
2049
2956
2752
1919
1340
1717
2202
932
-130
75
584
-133
-861
-105
-399
2160
1963
2771
2815
1875
1932
2418
1815
249
1081
443
-284
483
65
-108
156
-2352
-2006
-1584
-1496
-313
245
1146
339
450
1728
1794
404
-2025
-2245
-1327
-1520
-124
-1909
-4650
-2798
-1417
-3364
-2435
-18
-265
-280
-548
-2048
-2588
-3047
-2136
-1024
-1296
-1626
-1923
-1546
-766
-1092
-1601
-1544
-1206
-25
1605
1597
1936
1565
2642
2319
2178
2059
2589
2638
1972
1312
929
861
538
2026
3186
2930
1033
1377
2923
1642
772
1060
713
1825
1799
3062
4414
3471
2293
1089
-151
-436
463
-183
-481
-16
-1169
-1375
47
-1078
-960
-256
-695
-1949
-1006
4
927
-898
-1071
-321
796
3129
2243
199
-685
-1248
-381
-1301
-2324
-1716
-1201
-306
565
-1212
-3347
-3015
-1932
-2511
-2666
-3068
-3126
-1671
-1031
-2021
-3344
-2748
-2806
-2846
-1296
-1722
-1698
-800
-311
871
-1054
-1550
-1236
-464
420
217
1093
2121
1693
1661
1516
987
14
-486
526
1496
1520
1202
2664
3013
2460
2666
1603
884
3000
2879
2396
1748
350
1132
2134
2226
472
1667
422
1193
2296
1430
1364
1202
-171
934
1890
1458
1914
1863
1188
-302
-77
-677
-1993
-1940
-2137
-2244
-1785
-1577
-561
-609
-227
-1403
-1669
-1499
-1632
-1491
-2231
-1874
363
-602
-1923
-2883
-1658
152
372
977
-1359
-1524
1207
1990
1662
915
-271
34
-605
58
831
814
9
-132
290
-886
-1395
-693
482
373
-654
-1901
-563
491
794
539
611
1763
2027
2253
1358
307
68
498
1251
783
-479
-888
-195
1191
2536
1008
945
1360
1121
1267
-7
-857
216
260
-1061
-2282
-608
359
94
958
480
-307
-150
931
-173
-1589
-533
-291
-1535
-2086
-1077
-1850
-2501
-1546
-1921
-713
278
74
603
498
-1508
-1744
-1789
-2324
-1983
-1371
-1627
-692
-2252
-2524
-1793
-1711
-1530
-2615
-890
-327
-2563
-1137
-1071
-1756
-2062
-2344
-2057
-531
131
-383
206
2165
352
837
1942
629
1176
1652
1919
1047
139
-117
-663
-684
-135
-280
511
708
-528
62
825
522
-1220
-1219
-236
-1241
-797
62
-253
-668
-854
-1028
-223
-297
-1199
-1726
-989
402
682
1129
378
795
59
196
1330
2408
1020
1196
1006
607
-870
-652
1039
-86
-504
-788
-612
519
-59
-1050
-578
-659
-1583
-360
415
-1071
256
-1090
-874
-132
-613
-374
217
-308
-840
338
459
768
19
102
1127
729
236
-666
-258
980
1310
-115
-1106
-920
688
2452
1470
223
524
-138
-1036
-2554
-2737
-1206
-1965
-2130
-2199
-1682
-1555
-855
24
1919
428
-641
-908
-681
561
482
-433
79
14
-262
121
608
442
449
609
631
515
1734
1293
-562
-27
-1287
-2607
-1490
-1221
-1980
-2568
-1159
153
508
1316
1820
-138
-838
114
187
1757
868
-645
-1488
-1636
-1406
-247
567
421
-1328
-3
488
337
1913
730
-1055
-709
129
1325
1168
962
1349
-466
-701
514
-46
172
493
451
-387
-19
800
135
-1452
-292
56
-1473
-842
192
92
-1147
-735
-1463
-2417
-637
-986
-1772
-1574
-1953
-2877
-2905
-618
-528
-1207
-1994
-1356
-820
-1031
-1154
-1164
-651
-441
-780
-2117
-3083
-1494
-606
-1163
-1052
-1674
-311
-179
-453
-240
-543
407
1149
2396
812
728
-841
-499
801
800
1186
998
2415
1681
654
1679
2647
3194
916
1315
2546
1910
2323
1321
-513
-2258
-2523
-772
-1143
-164
-1192
-2026
-1977
-723
-616
-292
-1003
-2748
-2183
-2045
-1528
-1329
-1791
-1714
478
361
-1528
-1676
-1285
191
-293
-1553
-994
-1994
-3241
-3518
-2121
-2248
-2304
-2321
-2366
-2104
-1274
-541
-1649
-2790
-2029
-1536
-630
514
-421
162
-786
-1526
-1532
-2138
-2469
-2892
-1424
-1085
-40
-921
463
1251
1518
1351
827
1970
1083
2032
3134
3302
3236
3632
2527
3086
4240
2091
2421
3369
3298
2369
1843
964
1451
1155
2178
2374
110
1052
1286
615
705
307
320
546
752
2424
2244
2451
1523
-1043
-248
1238
748
1143
-60
-840
-2414
-3606
-2455
-1295
-1549
-2396
-2250
-1531
-2138
-3065
-2814
-2992
-3493
-3407
-4074
-3102
-2942
-2539
-2824
-4526
-3781
-3150
-4203
-4307
-4081
-4270
-3223
-2899
-1478
197
217
1029
2743
3436
2439
980
1066
404
1597
1415
1622
1058
1647
1885
525
-363
-185
-1489
119
647
543
2521
1190
1436
1896
1566
1908
1519
1250
336
554
833
495
2438
866
-928
-2154
-2685
-649
-991
-1019
-948
-1738
-343
206
34
306
969
109
-340
527
1021
1940
1588
958
-372
-3333
-2903
-4517
-4963
-5203
-3478
-2214
-2667
-2449
-2158
-1512
155
374
-795
-1094
1435
167
-1893
-2611
-3115
-5213
-5533
-5900
-6462
-4308
-3670
-3094
-1319
-2070
-4266
-3994
-3079
-1574
-1515
-3455
-2798
-1944
-2691
-2526
-1477
-2511
-1760
-33
1129
881
424
777
735
1909
265
-323
199
-850
-661
-228
-1029
-2661
-2966
-497
895
1165
1569
1946
1377
1243
837
2193
3236
2013
1617
1397
845
1508
1557
1082
2207
1050
994
1225
602
231
-751
-862
-507
-148
-563
-8
-490
-221
-1636
-1289
-1607
-923
-396
-1754
-2031
-2199
-2255
-1472
-1352
-2131
-3015
-2408
-614
207
-128
-1197
-498
-662
-1010
-537
-447
-847
-2300
-1902
-1210
-2747
-3020
-2811
-2833
-1819
-684
475
-353
-770
-2
329
-170
-314
-992
-905
-385
890
1405
765
-391
-1332
12
-630
-1776
-566
1267
41
473
886
929
314
-705
-170
987
2074
1708
1563
1956
290
-343
-650
-346
1115
812
955
1866
1338
1237
14
309
-320
1273
1998
1766
974
60
632
546
626
1742
2401
506
500
2264
3013
2327
-68
-1124
-2398
-672
-1084
-1427
-1866
-2455
-2285
-2807
-3253
-3329
-1190
-1049
-1587
-2712
-1829
-1002
-1483
-2045
-1672
-2368
-1446
-1395
-2095
-2043
-3550
-4046
-3916
-1794
-580
-1297
-1462
192
-164
-1310
-982
-1272
-1736
-1182
-1439
-3012
-1907
-1715
-1930
-961
-1645
-3247
-3281
-575
556
-130
218
-984
-2122
-2322
-1827
-2140
-2689
-3646
-3028
-1584
-2871
-2372
-1545
-1658
-870
-298
-582
-609
-1404
-1238
-1709
-1408
-708
-320
723
1943
1871
69
-1261
-776
786
768
544
128
2472
2160
1727
1093
755
1039
1346
912
693
170
283
987
721
1512
2459
2522
2999
4364
4582
2907
1862
709
1374
3229
1400
1132
1068
341
2203
1565
-1401
-1272
-1151
184
-191
-523
-1389
-2136
-2900
-2682
-2097
-1560
-1094
-224
-382
-1229
-1963
-1167
-725
-132
289
-1931
-267
-1074
-1338
-1921
-2337
-1366
-1369
-1185
-1315
-1996
-2071
-2045
-1198
264
-674
-1459
-1975
-900
-975
-2007
-648
-688
-834
329
1169
1628
1472
182
-1127
-514
-211
197
287
65
513
369
246
386
999
1179
994
1981
1497
1994
2146
764
1305
1335
-636
-590
-240
577
995
356
-851
-886
-881
835
512
97
384
-1733
-2070
-985
-1594
-3182
-2622
-1010
235
-102
-1217
-1140
268
-95
-1462
-1087
-1337
-911
-1719
-2006
-176
-820
-2630
-4341
-3656
-3403
-4208
-2667
-1452
-1296
-780
-722
-497
-3022
-3601
-2317
-2109
-1302
-2500
-610
-370
-562
1167
573
1470
1303
1995
3127
1843
1235
1588
3378
3521
1336
114
164
-408
152
253
1011
1123
1470
1843
4969
3523
2468
2602
3369
3824
2403
725
1203
1741
1799
1417
469
-445
-463
-651
-805
628
270
-317
-45
472
677
1055
-246
-2332
-3398
-1802
-803
-1487
-3192
-2631
-2669
-2613
-3222
-2461
-1465
-3324
-4174
-3072
-1803
-1845
-2351
-3977
-3938
-2368
-1983
-3540
-3519
-2394
-2939
-3308
-3418
-2749
-2136
-2295
-2597
-2281
-1378
-1097
-999
-1070
-934
-444
-1253
-110
-1141
-1425
-293
-686
-313
921
273
430
433
673
1512
495
-434
-920
-1198
-711
-243
410
-41
-44
-239
429
-163
1110
2314
1814
616
593
686
-652
550
775
1147
1269
2306
2334
1739
679
899
1760
1582
1702
874
1285
1059
2381
1744
86
-611
-464
-1235
-1722
-160
555
1514
704
-432
-2403
-3217
-2437
-1492
-1956
-1535
-926
-953
-1584
-2466
-2750
-2999
-3646
-3554
-3364
-3103
-4268
-2842
-724
56
-1341
156
-570
-14
1414
-87
-1526
-348
155
-1575
-2009
-1581
-1063
-1372
-1888
-1365
-724
151
1795
2018
2378
1791
541
-68
803
1927
852
386
1229
1242
1289
2059
1640
1135
1791
1370
2443
1439
1588
3447
1421
522
467
-31
-1033
350
654
98
-951
-1255
-1883
-1959
54
2100
1362
274
662
1678
435
-982
-605
1014
135
-2283
-2634
-2609
-3126
-894
347
-741
-1713
-1540
-1151
-1159
-3439
-2556
-2062
-2015
-1652
-2237
-4079
-4420
-3693
-3339
-4038
-2705
-1935
-1062
-1893
-1571
-529
90
-973
-2477
-1236
562
676
139
291
151
147
-395
-1178
-720
-130
-544
-1348
-1298
-1608
-2346
-1917
-689
-534
258
2535
3553
3645
4973
4219
2455
1565
685
1386
531
1016
951
282
1084
1893
964
1295
235
1107
1818
2710
4371
4978
3746
1743
2037
948
-73
-583
-275
-1000
-1213
-504
-1235
-891
-412
-821
-1501
-913
-204
-664
-519
-1239
-1407
-1276
-1840
-2539
-2451
-3634
-4079
-4104
-3783
-3106
-2211
-1436
-1568
-2129
-1467
-2336
-3241
-2372
-1902
-2872
-2373
-2423
-3028
-3142
-4108
-3814
-3470
-4157
-4449
-4172
-2931
-3270
-3469
-3506
-4760
-3608
-3542
-2490
-1687
-1617
-707
-381
200
733
-255
-1215
-887
-476
-154
-2267
-2898
-2241
-2744
-2977
-2378
-2375
-3007
-1472
-642
-85
-225
-971
-2283
-1988
-769
-1174
1105
1380
776
-252
101
1122
1449
1117
624
1148
726
2006
1965
1539
3321
3219
2927
2952
2709
2401
2937
3076
3012
1287
672
2460
3154
3461
2520
1554
907
1067
1622
2458
1626
1291
2555
2149
2694
2330
115
-248
-990
-1243
-905
-2139
-2533
-2105
-2270
-1177
-2482
-2005
-1221
-846
548
182
-2580
-2273
-864
-711
-1744
-2938
-3946
-4158
-3994
-3164
-3015
-2955
-3599
-4309
-3966
-1993
-471
-2058
-4160
-2727
-2225
-2922
-4078
-4485
-5695
-3623
-2203
-2787
-2729
-2675
-969
-527
1072
601
1248
651
1712
2206
886
1399
1769
1414
-383
-51
523
1018
350
-358
-822
189
1929
596
886
1643
1863
1789
2328
2880
2132
1814
1287
1496
2278
4280
3188
3014
2687
1508
1653
2033
2355
2183
3865
2276
1183
1044
1352
44
-457
-380
122
1562
-287
-2443
-1985
-2361
-1036
-267
-3002
-2754
-1912
-556
401
-2379
-3522
-4115
-4889
-3903
-3622
-4935
-4981
-3246
-2734
-3676
-4761
-4796
-4635
-4733
-5084
-5090
-3504
-3582
-2704
-2873
-3489
-2304
-2798
-2029
-2114
-1143
-402
-1420
-2090
-1795
-2125
-1647
-1211
-1419
-1866
-2450
805
2139
556
-9
1188
2793
2493
2253
2455
3225
3107
4054
3963
2416
1541
1671
3090
2602
2233
2698
2355
1534
1854
1960
2746
1692
1512
1482
1722
2002
1236
1223
1689
1698
833
1228
570
315
39
1330
778
292
528
-796
297
294
422
-684
-652
304
52
-124
-499
-2625
-2704
-2605
-3542
-5369
-4442
-3903
-5216
-5819
-4816
-4607
-5253
-3534
-3941
-5435
-3674
-2896
-3421
-2381
-1952
-3452
-3399
-3937
-4011
-2942
-2635
-2938
-2157
-1944
-1783
143
-602
-2043
-1836
-1868
-1499
-878
-1391
-1025
-424
317
2404
1635
-643
297
2234
2528
3520
2911
3399
2879
644
1735
2386
945
1720
1935
2121
2496
1876
2287
1839
2751
2635
3246
4519
3114
1485
1503
73
2162
4428
3327
2987
1751
1890
3214
3116
2643
3684
2466
2094
1950
2067
764
-1412
-1492
-1276
-1574
-432
643
1488
1948
2622
1662
1079
602
1652
2489
-398
-1447
-1312
-1173
-1996
-2047
-965
-1534
-1528
-1904
-1491
-1406
-960
-1733
-1678
-1674
-1331
-1925
-3866
-3430
-3658
-4438
-3517
-2538
-3327
-3365
-2623
-2364
-1852
-2006
-3072
-2778
-1927
-3551
-6086
-5655
-5193
-5078
-3114
-3410
-3655
-3723
-3109
-3279
-3463
-3357
-3809
-2751
-1340
-1065
-916
149
-892
1490
2170
2380
2659
1453
263
25
-1896
-2150
-1061
-859
674
875
202
722
1459
1626
1168
169
202
2100
2690
2020
905
-998
-190
686
301
533
109
-680
-79
600
1007
-676
-106
2648
2920
930
74
1107
901
358
1029
-702
509
2813
614
523
140
-1371
-786
-503
-360
-458
-185
89
-327
186
-684
-1211
-3035
-4159
-3713
-2007
-2306
-2154
-3692
-3502
-4420
-4501
-5361
-4279
-2897
-3690
-1880
-366
-753
-3838
-3058
-2265
968
547
-974
-1089
-662
196
-1341
-936
-1783
-1490
-1774
-1723
-447
-1252
-1241
-2425
-2758
-1397
-346
-507
752
1289
1894
1538
300
1014
923
299
3665
2557
743
1080
-817
589
2723
3763
2773
1722
1645
1018
866
593
1106
1884
2441
2492
789
1257
2652
1583
2362
5155
3654
2393
3719
3014
832
459
-1240
-262
554
1380
1139
240
-340
-1694
-1956
-366
501
-1413
-1932
414
704
757
1685
-869
-3679
-4442
-4867
-5870
-5041
-6755
-6377
-6359
-4892
-5736
-5583
-5771
-3568
-1774
-1471
-594
-1964
-3013
-1237
-1885
-1514
-588
-2935
-3889
-2753
-2105
-1930
-2184
-2501
-1879
-1379
-1687
-1020
-26
-940
-562
2
909
574
367
-443
-1950
-1765
-1292
-1618
-1758
-2404
-1233
536
1
-596
652
587
769
857
-346
-368
591
2338
2188
2521
866
-42
326
720
2114
2713
975
990
-84
-549
1614
1117
475
403
88
1335
2153
1424
1456
622
-159
1929
3457
4230
3204
2206
2769
2688
2328
1326
792
907
-1037
-75
-729
-1716
103
1474
-1088
-2141
-2704
-3988
-4030
-3575
-5110
-5099
-4082
-5365
-4937
-1993
-2206
-3226
-3540
-4052
-2525
-3575
-4526
-2461
-1029
-1872
-1819
-1775
-2157
-3473
-2784
-2861
-953
1205
1086
980
253
855
1761
862
99
-361
82
-5
382
389
-802
-790
597
313
428
57
601
1684
1871
2840
2357
271
760
3132
668
-218
750
-349
-589
-868
-1380
-1172
-972
-817
-1751
-95
1066
260
636
1588
1453
2870
3201
3353
4040
3451
3561
4435
1357
916
3115
3722
2078
825
2016
818
1824
1164
-145
-109
-1639
-1395
-1432
-1816
-1461
-1317
-2326
-3183
-2991
-3156
-2433
-2641
-3832
-5675
-5765
-5891
-3464
-3083
-5932
-4524
-4018
-2717
-3525
-4008
-4930
-4137
-3479
-3517
-1693
-1816
-2943
-4289
-2525
-2430
-2304
-1450
-645
-101
33
858
1893
1357
524
1727
1208
-1221
-516
133
-1221
-501
-567
-324
1871
1447
101
402
723
946
588
786
1898
36
150
353
157
1587
1225
1883
1701
789
-9
-277
-673
1568
2520
870
536
937
2447
3979
4356
4308
3415
4190
4537
3900
3878
2429
2710
3669
4059
3816
4956
4919
4266
5639
2486
2687
3511
3487
3660
2766
245
-374
2070
1604
-583
-1627
-3042
-2878
-1577
-2560
-3098
-3369
-3193
-3642
-1900
16
36
-970
-629
-771
-1022
-86
-1121
311
893
-848
-707
-1101
-2446
-2213
-2604
-3126
-2690
-2074
-686
-990
-382
-1012
-390
-308
-970
1211
601
-1221
-478
927
399
-129
-13
-1519
-1752
198
2012
1482
918
704
-66
912
1588
867
384
-280
-245
11
919
682
2092
1955
2081
2869
2616
1215
1798
2344
2921
3548
3756
4969
4943
4837
3933
4714
4075
4008
3138
2603
3963
4472
4122
3289
3659
4233
3934
3006
2094
2768
2276
1662
2164
2257
838
1192
691
877
1140
-724
-1381
-1432
-1499
-878
-1336
-1847
-2161
-2112
-2133
-1251
-1391
-1768
-1809
-2294
-980
-737
-1246
-1184
-499
-1601
32
442
-1370
-1344
-816
-537
-462
-1745
-1639
-2318
-2056
-918
746
1363
1020
-286
27
1307
-245
-470
-962
-531
-365
-2123
-1429
-1040
-1006
-423
-1331
-276
652
1000
1095
1614
1144
3354
3008
2734
697
-320
509
-1039
-1554
-745
455
2565
1557
960
2921
2190
1426
494
614
207
-47
1349
671
1498
1914
2022
3042
4766
2786
348
1583
3397
3158
2057
-218
130
1690
628
317
-850
-915
-1595
-1491
-1078
-1613
-879
-318
611
-6
-1274
960
1370
70
1664
1878
1172
1106
512
903
57
-507
-1234
-79
683
457
559
497
1950
2965
1337
1145
1178
-152
-99
-57
-251
-1258
-2092
-1876
-2471
-1608
-623
-1194
-777
-681
39
770
1470
1442
-73
-451
-520
781
-914
-1550
-271
1065
41
492
62
-535
951
784
-700
-1014
-1439
157
1958
1485
3046
2743
2016
2064
1971
2215
2093
2641
2914
1327
1046
1470
2933
2784
1527
1240
2220
3015
3423
2154
1735
251
-558
-679
-291
-906
-1616
-1399
567
1029
-45
-197
-481
-239
-886
514
2325
2405
2328
149
435
151
-923
-1662
-2352
-903
240
1326
1497
2527
1296
1066
3242
1452
1713
2078
3008
3096
1611
2940
1851
1016
-237
-2506
-2501
-2771
-1445
404
280
-621
-1753
-1934
-899
-1378
-1826
-4008
-3322
-1552
-494
142
768
-171
-1459
-1265
-3280
-3295
-1565
-512
160
-1046
141
1778
490
-112
739
390
1121
1912
1682
-564
662
3018
2364
1568
182
1462
1269
176
-2206
-2474
-22
1138
312
74
-656
-1230
-305
-626
-358
9
-188
-60
522
809
-482
325
-450
-831
-954
-2655
-2598
-2360
-722
-359
-357
1295
106
324
305
860
688
1232
3056
3757
3170
1745
93
511
1604
1464
1148
433
1317
1103
-364
597
535
-563
-32
-669
717
2047
1039
526
1624
2219
3082
2407
1163
327
-41
367
-141
-56
-999
-1541
-1098
38
551
-65
430
1087
335
1018
1242
1116
-161
-534
-198
-740
-611
-336
-1241
-1284
1433
956
510
1654
2388
507
972
1988
529
16
693
941
1143
195
-569
-216
543
1528
1813
383
-916
-2159
-2254
-603
160
-613
-1860
-150
-27
-62
-1204
-923
30
482
242
-1964
-1720
-798
-751
1277
1024
531
-610
-1813
-1508
530
1765
1182
1503
3057
2063
1455
2794
2419
1998
672
1296
2471
2876
1695
1522
2201
2247
752
-997
-1742
-864
672
1701
1976
2772
623
2954
2298
911
2185
771
1732
1936
2191
2424
1208
1097
3195
2116
-506
-547
-1905
-902
-1357
-1365
-1596
-2487
-1712
-925
-1636
-1605
-832
-15
563
872
1236
232
-620
-1407
-2247
-1450
1032
804
221
-1065
-977
-1770
-2127
302
1179
906
-828
-1049
-1749
-3348
-3116
-2427
-2473
-2071
-3934
-3801
-2652
-2586
-2475
-2409
-2733
-2229
-2555
-1566
96
364
755
503
1254
444
-262
725
363
1335
2958
1917
2550
2302
1383
1849
1730
1469
1579
2313
2381
286
-315
576
1633
1350
2468
2123
1407
1913
4674
4411
4192
4454
4119
4472
2676
2475
2299
1475
1140
1315
-1153
-2064
-153
-130
-962
-1045
42
-463
61
-2125
-1584
70
395
1950
1377
-840
-271
14
-1038
-1640
-404
955
-917
-2189
-283
-203
-1440
-1433
-1645
-1052
-635
-1182
-1934
-831
-56
-318
-678
-960
-992
-837
205
436
791
341
-599
206
-1667
-2569
-2011
-2244
-1228
780
700
-187
851
248
1070
1386
1902
1398
1223
1145
400
1215
2042
2585
1835
1893
2437
2751
3148
2216
2222
2521
1961
2297
2320
3398
4189
4864
4807
2598
-112
379
363
1066
1401
1020
1064
3042
3441
2284
3712
2621
2700
2566
2404
3497
2583
2552
2588
1203
1012
2024
860
487
-735
754
348
252
124
768
1930
2398
3477
1594
639
746
579
-123
-728
-2014
-1973
-1817
-1900
-3057
-2688
-2581
-1930
-1608
-1694
369
661
-1123
260
20
-1504
-120
453
424
-183
-1339
-1030
-359
1129
1229
-82
-1149
-1025
-578
116
797
902
243
155
1007
3008
2701
2865
-277
-2449
-1243
-418
-1404
-1869
-25
1850
2033
2184
1566
-186
-1341
484
1618
1131
782
309
421
1092
2887
1473
1129
1200
608
1621
1140
1482
1241
638
3147
2966
1871
2888
2877
1647
479
1487
1913
3212
2559
1137
1075
818
1342
553
403
376
2383
2699
600
-72
-342
175
87
393
414
-172
134
443
-931
-1201
-1552
-1527
-1544
-1500
-718
-810
-1063
-635
-1000
-1131
-1563
-1764
-163
-365
-1268
-2155
-3636
-3909
-2883
-2924
-4348
-4157
-3418
-2699
-4271
-4691
-4807
-4071
-1969
-1334
-357
325
1017
626
308
1195
1456
-106
-291
-357
47
-485
-922
-465
-43
1157
2155
2770
2012
1163
1847
3452
2687
1903
2075
2128
327
1164
1489
260
-312
489
-209
-164
-217
480
542
1682
3918
1471
1
2555
3281
2366
2906
2803
4710
4713
4958
4882
3489
3250
3442
2135
860
825
1267
722
-175
1165
1900
1903
1693
2308
809
546
996
148
1849
3138
1242
1055
381
-399
-555
-154
-458
-1196
-1123
971
415
810
1762
407
454
-270
-791
-1199
-1772
-684
41
848
258
-946
-2567
-1285
-700
-2192
-1154
59
1568
2606
3794
3192
3198
2189
2570
1315
-260
-572
-1494
-514
1392
2996
1667
1135
1083
2457
2121
2246
1231
709
1336
1337
1241
360
377
727
1425
325
471
1568
1273
1723
3154
3517
4630
2081
1968
492
-602
1574
2787
1789
967
238
1842
1687
1433
2240
118
514
453
1622
2042
1965
567
-792
-437
-1406
20
1095
-331
-639
400
119
488
147
-799
-1204
-1862
-3756
-4882
-4061
-3312
-3074
-4126
-4650
-5680
-4358
-2878
-2700
-2875
-2344
-1007
-2662
-1605
-527
-845
-2093
-2072
-652
-1437
-2841
-3590
-3072
-3311
-3735
-2183
-1360
-654
-749
-318
1988
159
-18
-449
268
1082
147
100
-657
-724
-1116
-1110
-271
959
1246
1691
296
225
-797
-1224
-110
-1235
717
1662
1567
2165
2418
985
165
-1631
-1201
1009
2251
2534
2067
1576
1828
3591
3151
2860
3245
3046
1796
1638
1282
1466
1255
114
891
980
655
898
2546
1592
1703
1154
1801
2050
408
291
618
88
-763
-182
137
-311
355
-168
-1156
-928
-297
204
2386
2668
1175
-116
1421
2931
746
-1170
-2201
-1957
-2091
-2439
-1918
-790
-554
-422
-1648
-1042
275
459
615
-280
6
762
2086
1132
-945
-1875
-1016
834
258
-1105
-1209
228
1584
2453
1357
913
996
1514
1962
1593
1342
-18
262
-386
-1148
-1235
-1365
-989
-76
1484
2741
1928
3435
1400
354
-102
-723
-2283
-2317
-1088
-1268
-723
358
-532
-1459
1316
2762
2043
86
556
3102
3226
3711
4768
4445
2819
3190
2795
1905
2571
1302
2142
1949
916
2657
3343
3787
1463
2491
2804
741
447
484
1242
1480
393
794
2151
2656
-647
-2797
-3211
-2985
-722
-864
-1023
694
-155
-766
-126
-558
-1024
-1517
-311
25
-557
-1124
-360
1208
2344
292
-177
877
-168
163
1038
1311
355
-2012
-1481
-618
-1868
-2080
-2674
-3559
-1752
-35
-1867
-2556
-618
-1061
-348
1362
1108
685
672
1162
-183
-2526
-2337
-1374
-13
-904
-408
401
-21
-435
-356
-1327
-1554
539
2145
1079
-626
-1282
-1459
-1837
-1635
-1295
-2193
-2076
1048
1433
1256
928
628
1759
2091
2405
1662
676
63
-276
1221
806
251
969
-556
-1365
-775
675
-496
460
1584
-697
-1184
567
929
148
-375
-436
-481
524
1544
863
221
-592
-151
116
-81
420
-1531
-1745
-1476
-830
324
463
2040
1855
-127
186
403
162
-73
132
-439
-1076
-1309
-1247
-1136
-591
521
-1216
-966
-75
-909
-394
601
-295
-365
746
1465
1187
929
2267
813
-668
58
411
125
1053
2263
705
323
1817
1282
556
172
206
521
783
1346
-205
-589
-711
-752
1164
2980
1789
2218
2083
2204
2130
678
2075
2605
3303
3990
2492
1169
2997
4355
2791
1229
499
1390
1442
1416
1369
1206
1001
121
-364
223
496
563
-389
-406
1435
1250
-929
851
2589
848
350
847
81
-976
-1194
437
325
1435
1742
3289
4887
3474
3644
1043
746
950
959
144
-1659
-3051
-2403
-1530
-1559
-2088
-3011
-3561
-3107
-538
271
714
604
-1177
-1729
-1777
-872
-1238
-526
-1399
-2104
-2689
-3113
-1979
-2514
-1724
-402
-474
-950
-1452
-2221
-2436
-865
-560
-1406
-1522
137
-151
-241
570
969
168
-1557
-298
-22
-890
-1376
-1320
-755
-2144
-3148
-2679
-2053
-121
932
-2118
-2226
-730
-2081
-2824
-2020
-469
-1521
-2102
271
-194
-880
-1810
-2336
-2825
-3033
-393
-249
-3403
-2517
-1620
-866
1387
389
-552
-732
504
1099
1284
731
1138
903
1092
2066
463
1296
1842
1293
2133
1205
-311
-538
-1125
413
106
-70
443
1764
1186
-193
-2105
-2247
-2036
-2811
-1882
-1119
-852
-1564
-1281
-2468
-3095
-2785
-1679
-1839
-1389
1120
111
-798
-1343
-797
-654
-1453
1333
1152
-1674
-2225
-2042
-2450
-1605
-2327
-3941
-2813
-1277
-1762
-848
-1941
-2502
-1568
-1767
-1174
-1284
-1959
-472
659
1470
-138
-487
1326
1747
688
913
-709
-1030
630
501
1079
1420
1075
1340
1264
838
-243
-864
-161
-548
1672
2000
1534
1147
-181
-702
-1889
-1193
-500
114
-1317
-1408
413
523
-266
128
-122
11
1476
2418
3111
3255
2703
3930
1871
-349
734
1546
641
-25
718
781
-636
-1632
-1836
-2515
-1909
-2188
-2957
-2315
-2592
-2224
-1986
-1987
-1081
-2379
-3636
-2723
-1661
-1476
-1225
-1105
-1496
-1536
-1368
-1992
-1808
-1685
-577
-1685
-1151
58
140
835
451
-378
-1508
22
-450
-18
-31
372
236
-370
-1327
-1361
-826
-271
1668
1438
528
17
210
1652
25
-1591
-1258
-1120
-2131
-1227
-185
-478
-631
-657
320
1191
1554
1982
303
-542
212
284
-440
-352
-738
-924
-1883
-2850
-2765
-2789
-1199
-800
-844
151
517
957
1038
1561
1140
1296
1353
-122
350
-1847
-2472
-1787
-3176
-3397
-3313
-2749
-2071
-1529
-981
709
985
-271
-830
-1123
-867
-410
-589
210
-2412
-2941
-2724
-2654
-2300
-3456
-2539
-2817
-3219
-2160
-939
-819
-426
85
952
-367
-1186
-1538
-1012
-1433
-1855
-1032
221
404
-660
551
-1635
-2048
-2112
-2086
-957
-2080
-1908
-1858
-2243
-3605
-4173
-1873
-422
-227
1876
3704
3262
2796
1736
1991
1454
213
-329
-668
-731
-1226
-1455
-2193
-1858
-1361
-1201
-1124
-1284
-216
1306
1513
1330
820
646
141
12
585
1607
1932
2680
1301
629
919
2342
2843
2351
2378
1168
2051
2298
2759
862
-602
-254
-881
-1019
-638
10
-1203
-1939
-1855
-1263
-1237
-1557
-1144
-878
765
662
-28
-470
-667
679
1719
1845
2414
1029
1002
616
-927
-443
-998
130
1409
76
278
-1032
-1092
-1268
-3387
-1413
-1454
55
-611
-3426
-4547
-5160
-3860
-2720
-2428
-3771
-3153
-1374
-684
-1699
-2017
-2905
-2999
-3091
-3296
-3881
-4865
-4824
-3875
-3468
-1862
-3530
-4203
-2476
-1103
-1138
-305
-383
-561
-1026
-871
152
-838
-3041
-4334
-2897
-1944
-1722
-1784
-2117
-1042
-935
-1122
-556
-1627
-2986
-2311
-751
-1140
-1039
-1435
-1467
-2082
-1417
-494
-1256
-730
765
1702
-552
-1877
-2294
-2398
-4053
-4619
-3471
-2697
-3456
-2434
-2841
-1890
-2342
-2850
-3967
-2684
-989
114
770
1398
3119
2696
1384
-164
-1571
-1467
-663
-906
707
-348
-1651
-2269
-2668
-1677
-1176
-1750
-1606
-1178
-623
-1817
-2551
-3817
-3713
-4211
-5118
-5211
-5227
-3219
-2063
-2857
-3642
-3818
-3307
-1226
-1500
-3271
-3149
-2460
-3907
-3031
-2760
-4413
-3926
-2803
-569
213
-457
451
1329
-158
-981
76
837
648
-117
-107
696
1453
874
605
1185
2107
1308
125
1170
-537
-1237
-1465
-1485
-2328
-4113
-3838
-3063
-3164
-4808
-4682
-2735
-1379
-1684
-1293
-1536
-1810
-1133
-966
-839
-1943
-1607
-558
-1227
-1361
-1586
338
509
-669
807
765
1352
898
-393
-448
-1636
-3075
-2202
-2940
-3354
-2751
-659
1038
-414
-1110
-754
84
-611
501
1245
785
1498
819
-123
-1693
-1549
-2297
-2684
-1051
-590
-1215
179
507
232
-1680
-452
63
-1656
-2802
-2876
-3039
-2394
-2715
-3458
-3772
-4075
-4447
-3797
-537
-886
-435
-139
-1054
428
892
684
448
1727
1415
-1484
-1481
-348
1269
1166
231
-545
-875
1271
1496
1040
808
1122
-9
-902
-428
-1069
-2223
-2899
-1955
-2480
-5292
-5599
-2822
-2818
-3648
-3791
-3945
-3232
-2366
-2977
-3960
-3536
-3640
-3839
-3578
-3400
-2048
-865
-108
-297
-738
1594
2776
2010
487
514
938
832
843
213
75
1326
-244
-150
-1014
-603
71
-6
-510
-1897
-2129
-1727
-951
-285
-416
-555
-1569
-3121
-784
-1260
-2413
-3046
-3770
-4535
-4134
-4447
-5028
-2757
-2488
-4188
-4809
-6822
-6771
-6081
-5457
-3583
-3630
-3472
-2262
-1263
-84
81
-228
-1118
-1665
-745
121
462
-896
-2641
-4482
-2661
-1775
-3111
-3786
-2242
-1424
-1184
-372
-1692
-1267
-1789
-1527
-1227
-2625
-3886
-3855
-4311
-3955
-3006
-3765
-1744
-517
769
659
-867
328
220
-190
-494
-315
-985
-1477
516
499
-1579
-2322
-1826
-22
1111
1535
327
-347
-416
338
1112
1318
790
167
-118
92
2217
1745
1402
509
-2162
-2267
-1243
-667
-611
-24
285
-364
-963
-979
-972
-89
-2248
-3890
-4520
-5460
-4795
-3907
-4008
-3959
-3355
-3339
-3252
-3367
-2275
-1456
-2265
-4984
-4585
-3894
-4056
-4063
-3899
-3516
-2952
-3881
-2930
-2652
-1917
-3049
-3266
-2020
-1024
-1154
-1399
-1029
-912
534
-251
149
31
-1555
-589
-396
-1412
-2047
-1747
-1659
-2651
-2930
-2844
-2704
-1339
-744
-148
270
1448
2090
1489
2595
568
-324
-1153
-808
399
991
398
-672
424
1456
2350
3659
3789
2644
2085
1655
1140
672
31
-925
-97
837
955
961
153
-561
-225
-178
509
1047
383
-127
-610
353
1757
767
-1609
-1438
-1188
-997
-573
273
-370
-1465
-2383
-2979
-2080
-1615
-2895
-4728
-4789
-5600
-6080
-5031
-4994
-6191
-4843
-6119
-6318
-4440
-4114
-3966
-4695
-3051
-2593
-2305
-1898
-323
-526
-2406
-2571
-1524
-2161
-3558
-3773
-3592
-3092
-4205
-4318
-4679
-3756
-3509
-3982
-3400
-2872
-1956
-1047
-1099
-2452
-3874
-4687
-3888
-2519
-1679
-2566
-1604
624
240
-806
-1661
-1410
-1387
-1192
-551
-1689
-1321
-457
-58
188
-201
-1744
-1005
-263
-986
-335
-1169
-1128
-1425
-1775
-3360
-2543
-2257
-1648
-2641
-2034
-1190
-2137
-2546
-2225
-1437
-1699
-2183
-1674
-2117
-3055
-2621
-2428
-2139
-2227
-1502
-1456
-2563
-1964
-1316
-1474
-1155
-1538
-2379
-2430
-1632
-2849
-4699
-5311
-5643
-5435
-5884
-3960
-2884
-3365
-4196
-4573
-4875
-3437
-3216
-4104
-3506
-3774
-3846
-3823
-3169
-3788
-3525
-3592
-3605
-3740
-2762
-2414
-3071
-4422
-3332
-1930
-2734
-1275
-690
-1536
-3376
-4273
-4881
-3960
-3071
-3416
-2237
-2017
-2727
-2991
-3303
-2233
-1486
-2696
-1270
1473
2977
2568
755
-748
-1232
-629
-927
-600
-367
143
260
-582
-135
-1713
-1269
-14
174
-1291
-3397
-2789
-1428
-1762
-1423
-1207
-2855
-1740
-1251
-1118
-1495
-1097
-1542
110
1547
478
-215
-1737
-2534
-2152
-1010
-2297
-2660
-2897
-2168
-1769
-1426
-2745
-2707
-1943
-1626
-1632
-1034
-1697
-747
-1213
-1837
-2112
-4680
-5953
-6842
-6370
-6133
-5618
-4521
-4333
-3924
-4509
-3611
-2409
-2566
-2741
-3966
-4852
-6250
-6383
-6219
-6523
-6796
-5991
-5983
-4911
-4311
-4456
-3003
-3459
-2664
-3216
-4413
-5122
-2756
-1332
-2375
-2139
-1752
-564
-2008
-1128
-1032
-1307
-894
-1393
-1384
-490
-1255
-2543
-2317
-1592
-1452
-514
111
-1560
-480
827
576
638
-612
-1931
-1675
-1272
-2359
-2646
-3535
-3032
-3477
-3377
-2867
-2226
-1845
-2110
-2524
-2206
-2283
-2141
-942
-2526
-3425
-2661
-3317
-3801
-3967
-4139
-3340
-3471
-3494
-4335
-3795
-3524
-4121
-5079
-5647
-5109
-4942
-4288
-3328
-4574
-5595
-3930
-4585
-5259
-4030
-3949
-4937
-4534
-3632
-3995
-5022
-2629
-2484
-3707
-3807
-4509
-5825
-7401
-5643
-4156
-4147
-4876
-5951
-6053
-5840
-5232
-5514
-6916
-7284
-6243
-5398
-5883
-5220
-2682
-1749
-2939
-3391
-2306
-748
-1332
-1051
-159
-518
-709
510
-755
-1973
-1779
-890
159
143
459
-592
-642
-293
136
-274
-1259
-607
-699
-2611
-1243
-610
-448
-714
-1325
-1248
-2361
-2640
-3083
-3319
-3587
-4317
-3123
-3875
-3292
-3137
-1836
-1085
-2717
-3917
-3465
-1437
-1644
-1586
-2103
-1750
-1535
-946
-854
-1347
-1655
-1048
-1956
-3078
-2312
155
1393
1097
996
38
-412
-2195
-2553
-2709
-2108
-2511
-3145
-2527
-3423
-4860
-3839
-3194
-4555
-5068
-4662
-2544
-2190
-1579
-2697
-4361
-3462
-3445
-3085
-3854
-3563
-3297
-4067
-3952
-3736
-3449
-2729
-1856
-1249
-1274
-1213
-889
98
328
-1047
-2967
-2824
-3061
-2706
-2201
-3241
-2387
-2953
-2861
-1627
-1764
-1327
-1104
-2409
-1073
-314
-842
-1838
-3336
-3398
-3740
-2907
-2006
-2207
-3373
-2228
-1937
-2103
-1632
-1435
-1714
-1777
-2091
-1820
-1264
-2012
-1965
-1972
-2656
-1796
-1615
-2421
-2336
-3131
-3787
-2995
-1993
-1155
-1934
-1231
-357
-938
-849
-944
955
614
291
1308
-259
-1434
561
342
187
346
721
-102
-101
870
35
-983
-2565
-3201
-2575
-2430
-2125
-1688
-2126
-2325
-2603
-3651
-3877
-3801
-3600
-3949
-3475
-2751
-1814
-1340
-1569
-3247
-2550
-1125
-1095
327
-507
-1609
-2179
-1445
-1215
-2256
-1946
-2206
-2134
-1431
-2240
-2718
-2747
-2398
-1049
-1599
-1891
-1327
-774
-1110
-2669
-2895
-2301
-1303
-2400
-2118
-1988
-1634
-1647
-2023
-3563
-4449
-4071
-4225
-4545
-4343
-4700
-4554
-2369
-2223
-4398
-4010
-2212
-1646
-507
-932
-1256
-464
556
1
-605
838
200
1332
2124
818
433
719
1224
1895
1535
1292
2387
2653
2558
2832
2661
2294
950
1562
465
447
892
1419
1347
-171
-394
-197
-453
-474
-42
-677
-912
-436
39
979
1037
-621
133
1909
2140
1619
1286
1000
288
187
1066
1309
1521
320
61
615
160
-662
-1517
-332
116
432
1402
1159
-734
-236
1496
1804
573
890
1461
1118
1521
-52
-2509
-3174
-1707
-582
528
1865
1641
823
182
-707
-946
-518
-485
-237
-623
-1261
-998
-202
344
-2693
-3453
-2411
-2448
-1809
-509
2206
1619
-410
-323
-866
-463
667
894
-5
-315
945
564
233
890
1546
973
1438
720
1168
3142
2137
471
257
-1802
-2192
-1752
-1138
-442
-560
-1156
-92
1047
2775
3878
4209
3818
4237
3557
2185
916
295
-49
296
717
302
-404
-610
-1714
-308
756
-350
-1226
-269
902
1927
3180
1911
979
1340
1150
1359
734
-757
-39
185
101
496
372
79
179
527
1721
2872
2042
1318
698
682
1250
1014
1080
-113
-2014
-1737
-89
-98
-243
-1380
-1326
-1121
127
794
-722
46
399
1287
1582
1430
1394
212
-824
-314
434
-167
576
872
1938
2463
2739
2704
3312
4419
5521
4924
4285
3866
2033
1953
3123
4804
4447
4255
4912
3934
4684
4388
4015
3783
3094
4568
4710
4263
3665
4417
4938
5224
3881
2541
2661
4387
3851
2563
2119
2196
3231
4135
3995
3019
2206
2402
3498
3221
2019
1972
1368
2465
3985
3173
1284
945
470
-31
457
1489
1622
2773
1245
1139
456
471
-675
-759
-1009
-625
-444
-861
-2475
-2403
-511
-1195
-1963
-2777
-2099
-1754
-970
-513
-1306
-2873
-2803
-1694
-1907
-1796
-2007
-1455
-292
17
-703
-1523
-2332
-1601
17
110
-72
-341
-1303
-1319
-468
1074
1826
2211
2097
2795
5276
6383
6573
4814
3595
2971
2759
3396
2798
2726
3306
2930
3243
4085
5081
5058
5046
6322
6641
7493
7022
6432
5731
5066
5348
4055
3669
3767
3867
4056
3886
3381
2868
3424
4937
4237
4371
4679
3984
5138
5291
4096
2664
2486
2451
3075
3822
3411
3127
1445
2038
2816
3239
1735
437
-177
-1444
-1062
-440
-1516
-2151
-1929
-1656
-773
-1476
-1364
-944
-412
1372
866
142
-1021
-3034
-3308
-3057
-3695
-2230
-1674
-1966
-1244
-331
-1065
-2269
-1229
-1480
-2185
-2257
-2524
-2337
-1789
-1219
-1486
-1915
-1127
-213
-247
-828
-822
1451
3446
4173
3693
1777
740
904
1192
508
572
470
769
1572
1781
1509
1264
974
472
-1213
-411
1879
2262
837
768
1848
1574
2725
4037
3457
2750
3385
4092
3797
2792
2956
2725
2390
3226
3420
2900
2733
3115
3151
2236
1914
3376
2351
1936
2195
1959
2342
786
-699
492
1445
640
261
95
536
679
1902
2447
3125
3165
2857
3182
3147
2267
2445
2430
-250
-1750
-1109
-381
-116
-328
-1271
-1775
-565
-131
-903
8
866
1805
2522
2288
209
-1116
-283
541
1545
1802
589
1584
2832
2147
2384
2686
2075
2010
3705
2859
1616
2868
2655
485
-622
-782
196
-334
111
105
-1173
-2522
-2064
-853
-1437
-826
-267
107
1292
1288
1640
2195
794
-759
48
1155
2168
2743
3243
3916
4699
3817
2979
1501
1002
727
1531
2951
1814
1384
1338
420
-390
-1020
-302
604
1269
884
17
-4363
-4689
-5882
-6356
-5426
-4587
-4607
-5871
-7137
-8435
-8196
-6658
-6962
-8737
-7264
-6154
-6993
-7095
-6058
-6597
-5595
-5377
-5652
-5299
-4672
-5697
-5643
-4877
-4856
-4564
-4788
-4688
-5948
-6199
-6842
-7399
-7508
-7382
-7910
-8320
-8659
-8918
-9312
-8669
-8946
-8957
-9616
-10956
-10635
-11516
-12022
-11635
-11447
-10796
-10321
-11367
-9844
-9920
-10079
-9251
-9419
-10063
-10630
-10889
8574
9616
10053
10673
9334
9656
9255
9660
10669
9665
9100
8815
9366
9502
10608
8278
7920
7742
7990
7993
7892
8612
7961
7739
7914
7107
7124
6277
5005
4413
3626
4202
5002
5829
4473
3543
3256
1141
981
258
434
-482
-1719
-1725
-826
-720
-1165
-764
-568
-2198
-2156
-2957
-2963
-3403
-4691
-4488
-5429
-4726
-5607
-5933
-5831
-7315
-7226
-5365
-4363
-4689
-5882
-6356
-5426
-4587
-4607
-5871
-7137
-8435
-8196
-6658
-6962
-8737
-7264
-6154
-6993
-7095
-6058
-6597
-5595
-5377
-5652
-5299
-4672
-5697
-5643
-4877
-4856
-4564
-4788
-4688
-5948
-6199
-6842
-7399
-7508
-7382
-7910
-8320
-8659
-8918
-9312
-8669
-8946
-8957
-9616
-10956
-10635
-11516
-12022
-11635
-11447
-10796
-10321
-11367
-9844
-9920
-10079
-9251
-9419
-10063
-10630
-10889
-9953
-8943
-8615
-10456
-10726
-10954
-10884
-11723
-11504
-11816
-12139
-12818
-13623
-13548
-12712
-13413
-12241
-13272
-13493
-12486
-12012
-11851
-11905
-11691
-12997
-12674
-12068
-12056
-12297
-11053
-9702
-8994
-9293
-9913
-10144
-10173
-9654
-9186
-8846
-9264
-9063
-11054
-12020
-11839
-11671
-11172
-11618
-12207
-12887
-11978
-11037
-11130
-11708
-11198
-11789
-11360
-11085
-11748
-11243
-10509
-11314
-11554
-10477
-10904
-10738
-10048
-10589
-10420
-10856
-10446
-10350
-10435
-11290
-10446
-9737
-9938
-9603
-9437
-9852
-10183
-10316
-10712
-11848
-12334
-13142
-12582
-10885
-11300
-10866
-11498
-11154
-10754
-9335
-6486
-6847
-8313
-8152
-7677
-9738
-9816
-9088
-11058
-10823
-8940
-8138
-10250
-9892
-9756
-10207
-9803
-8322
-8628
-7001
-8020
-7589
-5611
-7148
-8277
-8764
-9102
-8449
-8987
-11026
-12261
-10461
-9947
-10566
-9715
-10431
-9669
-9142
-9599
-8684
-8813
-8916
-8795
-10523
-11032
-9469
-8915
-8315
-8822
-8485
-9397
-10280
-9640
-10589
-11229
-12041
-13649
-12248
-11474
-10759
-9996
-8943
-6755
-7197
-9580
-9083
-8272
-7594
-8256
-8521
-7640
-8849
-10381
-10146
-9090
-9779
-10259
-8744
-7876
-9325
-9879
-7946
-6364
-6427
-6446
-6873
-8137
-8784
-9452
-8595
-6649
-6046
-6712
-6157
-6312
-7782
-7715
-6275
-5929
-6156
-6499
-5818
-4523
-3142
-3306
-4477
-5520
-7080
-6031
-6640
-7762
-6545
-5845
-5938
-6961
-6375
-5507
-4778
-4512
-4216
-2434
-2111
-3081
-3160
-2908
-3974
-5271
-5213
-5716
-5972
-5653
-6171
-6173
-5769
-6055
-6223
-5539
-6068
-7681
-7734
-8286
-8420
-8162
-7417
-7755
-8487
-8058
-7097
-7241
-6616
-7061
-7116
-6520
-5947
-6532
-6996
-6825
-6465
-6321
-7407
-7385
-6155
-6177
-6307
-6759
-5882
-5253
-5605
-5628
-6513
-5908
-6011
-6888
-5026
-4352
-6213
-7665
-8542
-8233
-6897
-7209
-6105
-5847
-5024
-4668
-4111
-3300
-3441
-3998
-4658
-4298
-3735
-4051
-3936
-5395
-5921
-5582
-5526
-5509
-6255
-6082
-6102
-4999
-4724
-4495
-4489
-3994
-3468
-4137
-6859
-5717
-4972
-6172
-5070
-6310
-5650
-4704
-5669
-6479
-5868
-5650
-4909
-4019
-5255
-4476
-3772
-3412
-3665
-4353
-3987
-5207
-3886
-3236
-4042
-4775
-4301
-4981
-5971
-5310
-4443
-5176
-4930
-4528
-5125
-4661
-3570
-3871
-4035
-4833
-4381
-3780
-3754
-3644
-3567
-2869
-4446
-3898
-4046
-2967
-305
-529
-582
-352
-412
-658
-2019
-2087
-1566
-2106
-3439
-3541
-4636
-5974
-6761
-4870
-4826
-5418
-5552
-5707
-5890
-5205
-4307
-4917
-4816
-4283
-4453
-4629
-3718
-3590
-3832
-4255
-5331
-5087
-6081
-4705
-4289
-4473
-4931
-5677
-7006
-6500
-5617
-5158
-4531
-4619
-4627
-4729
-3318
-4036
-4314
-4617
-5227
-3628
-2535
-2862
-3870
-4687
-5091
-4191
-2659
-2357
-2076
-3199
-3720
-3518
-3716
-3681
-4015
-3106
-2939
-4157
-3671
-1909
-1669
-2469
-4530
-4658
-3978
-3352
-2879
-1703
-1153
-1756
-605
-276
-489
-908
-2005
-1418
-2753
-2782
-2690
-1975
-872
-1941
-2462
-1662
-1070
-1581
-2276
-1522
-984
142
-209
-1818
-1833
-3298
-3230
-3832
-4680
-5837
-4272
-3368
-4377
-5223
-3160
-1897
-3961
-4764
-4873
-4135
-4517
-6053
-6069
-6190
-5193
-5550
-4885
-6640
-6774
-6074
-6169
-4696
-5535
-5515
-4291
-3572
-3223
-3900
-4689
-5110
-5272
-4032
-3366
-3477
-3046
-3661
-2069
-1609
-2161
-2462
-2552
-2601
-4050
-3575
-2676
-1874
-2156
-1999
-1396
-281
-752
-1418
-1458
-2324
-2550
-2337
-2109
-1689
-1206
-2139
-1937
-2410
-1462
-1685
-3447
-3249
-3387
-3745
-4346
-2502
-2677
-3864
-4619
-5276
-4490
-4794
-4385
-2161
-2519
-3554
-3538
-3637
-2576
-1761
-2520
-2267
-3230
-3279
-2285
-644
303
-1024
-2769
-3956
-4214
-4136
-4408
-5513
-6340
-6915
-7121
-5849
-4922
-4893
-6628
-7128
-6801
-7180
-7292
-6050
-6288
-6180
-6371
-6504
-6269
-6159
-5791
-6020
-6781
-6328
-4632
-3986
-3967
-5080
-3082
-2988
-4167
-3950
-1745
-2446
-3237
-3214
-3229
-2826
-2910
-2357
-2577
-2438
-2599
-2193
-1580
-1741
-1197
-391
-1067
-964
-624
357
638
72
488
-180
-268
402
839
903
1009
-233
-181
-1121
-835
-273
-372
-1402
-3188
-2881
-2029
-2947
-3103
-3696
-2844
-1087
-1373
-2510
-2199
-2442
-2445
-3028
-2810
-2138
-3310
-3988
-2293
-2228
-1898
-1184
-1878
-2215
-2696
-1654
-976
-2012
-1319
-1957
-1916
-3069
-2286
-1081
-922
-1323
-2820
-2796
-2755
-3397
-4011
-4691
-5819
-5594
-5297
-5320
-5332
-6155
-5884
-5523
-6978
-6891
-7150
-7847
-6362
-5575
-6264
-6073
-6947
-6844
-5633
-5046
-4884
-3386
-3285
-3213
-2548
-2999
-3576
-3345
-4346
-3699
-2339
-2518
-2733
-3257
-3262
-3332
-2064
-1601
-1968
-1366
-2436
-2224
-561
-1328
-1172
-1441
-2584
-2850
-965
-1576
-2151
-2158
-3136
-3268
-2918
-2824
-1813
-2331
-3411
-2118
-1837
-539
230
-1492
-2175
-1201
-1770
-1349
-77
568
50
125
-197
-1055
-331
-737
-1701
-881
-313
-340
67
-298
-2143
-2348
-2854
-2649
-1714
-1279
-1672
-2872
-3034
-2996
-3369
-2756
-3053
-4401
-3245
-2372
-3487
-3202
-3332
-3085
-3125
-3063
-1587
-1799
-2987
-2483
-2377
-3425
-4257
-5336
-5609
-6140
-6230
-7511
-7288
-7188
-5739
-6108
-8092
-6583
-5865
-5470
-5441
-5922
-5758
-5561
-5902
-5907
-6087
-6029
-5579
-3630
-2868
-4324
-3360
-2560
-2378
-1226
-527
-781
-2125
-2788
-3234
-2688
-1986
-3080
-2139
-1863
-1566
-1206
-2636
-3188
-2752
-2186
-2070
-1751
-1332
-1415
-519
-1318
-1331
-1528
-2169
-2186
-1309
-281
1034
739
-627
-1166
-1968
-3179
-2603
117
140
449
116
-1938
-2786
-1531
-2328
-2199
-2736
-3317
-2383
-2566
-2863
-1353
-1848
-4067
-3731
-3869
-4686
-3364
-2560
-3299
-4535
-4897
-4023
-2617
-2794
-2971
-3570
-4158
-4259
-3702
-3490
-3240
-4607
-5585
-4929
-4954
-6006
-7009
-5291
-5354
-6647
-5153
-5429
-4973
-4463
-4597
-3728
-3140
-4169
-5481
-5723
-5256
-4312
-4720
-5637
-5808
-4192
-3049
-3597
-3383
-2847
-1635
-2131
-1059
-666
-449
-421
-919
-261
102
1174
1849
1444
498
-400
-998
-911
1296
1484
-38
471
566
1228
1360
132
-1274
-1526
-449
1393
515
545
-644
-1968
-1726
-1435
-2112
-2784
-2903
-3924
-4666
-3415
-3354
-3528
-3296
-3427
-3141
-3517
-2922
-2841
-3730
-3911
-4183
-2747
-2046
-3706
-6074
-5571
-3737
-3355
-3905
-4873
-4819
-3266
-3365
-3684
-4246
-4021
-3621
-4439
-4699
-4771
-4606
-5134
-5113
-3915
-3434
-3500
-4512
-4241
-4468
-5915
-5340
-3444
-3679
-4573
-4349
-3879
-3910
-3901
-4283
-4457
-3146
-1775
-458
-1107
-2898
-3914
-3629
-3668
-4199
-3977
-2325
-1338
-1052
-564
-345
-301
-812
-188
-165
-153
-941
-1466
-1374
-2050
-2078
-1130
261
133
979
2707
1757
236
1153
856
796
253
-375
208
261
-10
-1424
-1545
-2292
-1498
-799
-587
-364
-275
-645
-683
59
627
-1115
-1423
-2030
-2897
-2136
-1709
-1735
-1680
-1904
-1191
391
2243
2112
1536
1206
1003
337
283
582
277
575
203
-154
-1089
-1091
-2414
-3301
-2995
-2706
-1837
-741
-1328
-1784
-666
-1807
-3262
-3914
-4257
-2988
-2732
-2956
-3892
-2832
-1289
-1909
-1776
-1616
-1919
-1211
-788
-1562
-2948
-4396
-4628
-3573
-2481
-2536
-2648
-2803
-1340
-2456
-2642
-2400
-2468
-1351
-699
-2071
-2611
-894
-1319
-1354
-744
808
196
-884
-682
287
1763
1790
869
281
107
1639
808
284
-16
633
244
1291
2112
1760
1506
2442
2522
1795
2435
2632
1942
1114
2662
2675
911
832
1191
510
1737
2409
850
516
1120
1952
2263
1752
-6
634
-205
-33
-427
-943
-1358
-1211
-947
-977
-366
-1704
-350
116
2
1317
607
-901
-1241
-933
-1810
-1687
-1846
-287
-879
-1149
-1620
-3318
-2134
-1454
-1505
-1527
-932
-1384
-3024
-1953
-2154
-4787
-4753
-3544
-4508
-2932
-3530
-2775
-1751
-2020
-1818
-1273
-1512
-3183
-3720
-2560
-1661
-2311
-3331
-2628
-1900
-1942
-778
-1173
-809
-363
321
1277
386
50
566
2204
312
-241
-152
-598
312
1259
1489
1518
1067
1335
1328
1866
2764
2861
2022
1747
2939
2367
2615
2513
2379
3689
5090
2797
1173
2253
742
335
396
-943
-1896
-1802
-1897
-1979
-2859
-2269
-1234
-1629
-1091
-1528
-1295
-84
-909
-1989
-3245
-2849
-426
779
-68
-1417
-2110
-913
67
-1146
-1144
-656
-1447
-426
-1705
-1776
-825
-528
-563
-553
-997
-2586
-3752
-3361
-2977
-1825
-1164
-1397
-109
-442
97
124
-1034
-1908
-1004
-1585
-807
688
109
-703
-1434
-1865
-799
431
507
851
2230
1236
2412
1038
156
-230
-319
-1594
-1596
-1358
-1251
-846
-470
-277
-993
447
2619
2414
2735
3701
3027
2147
2573
3099
2015
2947
2702
2592
2194
2085
1815
2564
4668
4632
2703
1433
1358
1317
1025
-80
15
-524
41
404
1790
1955
2115
2111
-210
-524
-252
104
-642
-520
-1956
-2589
-1381
-1632
-769
-978
-2018
-1168
-20
1069
1350
1380
2501
1337
360
1187
996
1862
26
-1331
-962
-246
-692
173
596
490
146
-705
-1457
-1208
-1203
-1696
-3172
-4179
-3153
-1957
-1378
-1602
191
149
-2449
-2943
-2664
-1487
-336
-424
-66
739
510
270
-1223
-3056
-2876
-3738
-3103
-1848
-1706
-2090
-2334
-937
16
335
1144
-536
-1463
-693
1300
1277
598
522
916
2037
2993
1866
2297
3392
3466
4810
4355
4313
5237
4777
4607
3063
2992
3599
3762
4425
5750
6239
4303
4523
4748
5088
3847
3594
3662
2957
3531
4357
3859
3748
3476
3250
2150
1831
1944
2618
3155
2901
3645
2983
1707
854
347
1396
2459
1255
795
1173
1397
1592
561
213
1314
1235
-723
-1630
-703
-625
-901
-1411
-2327
-2267
-2130
-3098
-3323
-3474
-5539
-5430
-5198
-6109
-7316
-8004
-7959
-8337
-8455
-7766
-6845
-7962
-8394
-7946
-8340
-7729
-8371
-8866
-8774
-8517
-9701
-10600
-10296
-9361
-7293
-6791
-6288
-6066
-7027
-6848
-6095
-5323
-4976
-3127
-3335
-3769
-3490
-3354
-2452
-3231
-3112
-1257
-319
1033
2453
2477
2741
3510
4064
3172
2757
3823
3233
3468
3357
4496
3332
3995
5489
5679
6974
7242
7582
8635
9278
9330
8345
9048
8826
8093
8019
7822
8547
7803
5892
4696
4665
4620
5397
6108
5690
6004
6696
8596
9559
9162
8041
7766
8247
7676
5950
4885
6997
9032
9600
8765
7156
5328
6002
7623
7824
7228
7673
7906
8170
10034
9812
10043
9453
10432
9894
8448
9114
9665
9557
9486
10197
10508
10040
9603
9970
10239
10079
9819
8391
8022
8864
9238
8574
7501
7772
8834
9005
7999
7861
8184
5374
6550
6370
7174
8744
10127
11715
11684
12800
13834
13152
13364
15387
16100
15741
18072
19874
20029
20552
23414
24889
25847
26421
27451
29753
30158
32182
-31610
-29647
-28809
-28195
-26886
-25411
-24543
-25169
-25850
-24066
-22330
-23250
-23171
-22784
-20721
-20289
-22362
-24156
-26328
-27065
-26731
-29172
-31811
32422
30798
29281
28702
27382
26465
25361
22255
20907
20913
18387
16244
14287
14624
14733
14986
13741
12269
12190
10498
10045
9366
8288
8119
7486
7777
5768
4220
4987
4515
3094
677
-289
-661
551
1042
-2015
-3277
-3336
-2952
-3412
-3432
-4741
-7209
-9728
-10286
-9712
-10084
-12088
-11793
-11688
-12285
-13345
-13724
-12213
-11517
-12230
-12532
-10628
-6081
-3402
-651
2317
5586
8974
12579
15535
16483
15661
17129
17484
17532
17089
17190
16930
16205
16168
15717
17397
17231
17084
17486
17049
17816
16477
17716
17422
15992
15531
17201
17442
17938
19044
17543
17064
15905
14321
14594
11219
8312
5828
2479
4247
4653
2016
649
-1721
-3664
-5008
-7274
-6687
-7753
-8579
-7678
-8110
-8828
-9267
-8683
-9782
-10806
-10437
-10245
-8917
-7846
-8858
-11388
-9747
-10388
-11875
-8702
-9155
-9472
-8162
-9513
-11142
-8725
-9798
-10918
-12088
-13237
-11705
-13054
-13527
-12806
-11616
-13727
-14102
-11898
-8370
-5845
-6226
-5405
-5242
-3930
-2121
-1496
522
2192
3403
4551
7488
11189
13528
16610
19705
22130
24963
26788
29931
31790
31374
-31140
-30379
-28426
-25892
-22694
-22363
-20326
-18958
-20272
-19096
-20198
-21616
-22921
-25474
-28323
-31315
32764
31727
30047
26921
23242
20854
19931
16562
14665
13621
12021
9948
5791
4599
3346
1336
1103
3416
2834
4870
8499
11531
12998
15514
17969
19678
21980
20688
21395
23713
25468
27893
25699
27472
27444
23952
21769
20908
17742
17412
18057
15794
15655
13941
12896
12614
10703
7401
4971
3884
3246
3640
1163
-396
-2563
-3868
-5065
-4114
-3600
-6463
-8366
-7287
-8284
-10924
-12135
-13807
-14044
-11961
-11741
-9221
-5718
-5009
-2124
-618
999
4352
6495
8058
8580
9218
10413
10053
9202
8559
5358
2896
2346
2271
-357
-1545
383
-145
2060
2168
1722
1329
2988
4623
6210
6492
8493
10201
8271
9591
12633
14233
14763
13899
14941
15702
16070
16828
15482
11612
12466
10543
9916
11085
8596
10758
8126
6091
10865
9183
7761
9908
8703
8903
8409
5329
3529
1523
-2028
-4288
-9122
-12936
-15197
-17913
-16592
-13506
-12359
-9796
-7376
-3564
383
2092
4104
6485
6765
7641
10281
7650
5201
5366
1114
-1817
-4145
-7707
-10707
-17457
-23308
-26952
-32743
29331
26910
26567
25649
25470
27397
30924
-31046
-28209
-23673
-16632
-10091
-4509
1488
7292
13184
19245
23415
26443
32004
-28624
-24456
-23428
-20889
-16990
-14918
-14351
-13148
-14321
-15489
-14132
-15022
-16976
-20275
-22400
-27284
-29825
31924
27078
23667
20406
20796
19214
17948
20219
20744
21126
24415
24643
23957
22952
22215
19940
17682
21260
19881
18811
17646
23292
24855
23753
24247
20999
18544
16885
13127
8040
5416
4152
1997
-229
-490
-3038
-4664
-6377
-10349
-9443
-11975
-15173
-17282
-20395
-24787
-25130
-26824
-31571
-29263
31938
-32698
32036
27482
27932
28028
26834
23448
20103
18198
17649
16064
13949
13482
12694
13478
15339
15910
15890
14758
13684
15190
15891
17502
19074
18132
18670
17146
18238
18825
20317
19595
17910
21116
22830
23828
24870
24880
25375
26300
25721
27316
28353
27938
29345
28349
28113
30351
28070
29361
30086
28897
29834
29519
30310
30299
31433
31660
31744
-31965
-29540
-27793
-24693
-23121
-22515
-22512
-23044
-23955
-24367
-23611
-24964
-23419
-21922
-23922
-23243
-23066
-23966
-25422
-27328
-24816
-26416
-26345
-24591
-22623
-22122
-19188
-16404
-15186
-8602
-6432
-2272
25
2489
1752
-54
2308
1670
4869
4796
6344
10216
13439
18027
21097
22057
24896
25757
29732
31991
-31957
-30181
-24915
-22832
-24706
-24201
-24284
-26025
-25091
-26901
-26934
-27180
-28422
-28261
-28807
-28571
-29473
-31073
-32336
32520
31899
30514
26290
23776
21101
22523
21035
18159
15237
11102
8662
5718
2461
1179
26
-1319
-4638
-8283
-10253
-14696
-15317
-16958
-18619
-13129
-6903
-640
5245
7878
10387
13417
19390
27716
-31655
-28900
-26517
-20715
-16672
-13648
-13220
-10188
-11645
-11060
-8384
-9166
-8635
-8341
-10154
-14073
-17450
-17390
-17517
-17854
-17035
-14528
-14033
-11758
-12209
-14619
-17288
-18903
-18904
-19026
-20720
-24759
-24442
-23452
-22432
-21291
-21154
-19637
-21476
-22161
-26630
-31825
29912
23223
16157
10943
5525
4048
-623
-7070
-7756
-8918
-11725
-12640
-11972
-12648
-13858
-14061
-13489
-12753
-15487
-17367
-17231
-20509
-22327
-23906
-25721
-26505
-26080
-27020
-28479
-27177
-29184
-29326
32495
30582
32619
32235
29481
30049
28500
28659
27065
25543
25300
25334
26369
27098
25035
24686
24809
23544
27647
32337
-32730
-30644
-27986
-22737
-17446
-15181
-14094
-8166
-9661
-10783
-8778
-9686
-11098
-13113
-15160
-15047
-15731
-14000
-12699
-15583
-14390
-13617
-16530
-15032
-12605
-12656
-10353
-8584
-5726
-4106
-4337
-3017
-4732
-4999
-6992
-12974
-13943
-11194
-12786
-14329
-16889
-17858
-18710
-21325
-26588
-29004
-29137
-28808
-27183
-28648
-30021
-29977
32513
28272
25579
22665
19758
16015
13483
8748
5938
3734
615
-3954
-8476
-7723
-11518
-13457
-16168
-19100
-19678
-22097
-23029
-20909
-23286
-25445
-22726
-21165
-19771
-16056
-15162
-15025
-10923
-8029
-6893
-6816
-7686
-11336
-14694
-10583
-9854
-9392
-3876
1984
11234
18042
24597
-32493
-23220
-13453
-2059
9212
18137
25621
30356
31790
-29198
-27999
-29402
-29398
30600
27463
26246
21290
16734
11038
7332
4526
-1734
-8409
-16116
-24174
-29684
32505
24283
20987
21137
15529
11594
8954
5579
5602
931
5342
9788
13215
24547
29247
-29675
-19454
-10710
-3158
2237
8930
11624
16229
19075
17996
16215
10760
8710
7063
4550
-1227
-2141
-1489
-864
-3971
-3567
-2010
-3703
-969
3051
9128
11097
12130
13878
15672
17493
15487
15574
13038
11515
9697
5271
4246
4473
1292
521
2630
1226
1248
-823
-3734
313
-2289
-2688
-2174
-2046
2864
9257
11944
12586
19074
19767
20288
22753
18508
18466
16843
12073
8141
6161
3414
1584
558
-777
-690
-790
-852
-1970
-5234
-4645
-4576
-7158
-6683
-7214
-4781
-713
715
5322
9940
14301
22504
27997
29266
-30611
-20557
-13620
-7043
-4586
-2257
-724
-94
2699
5034
2631
3380
3896
2966
2326
2412
-1974
-1405
4488
4078
6243
8927
11864
15712
17468
18963
19107
17924
22052
21437
22331
23416
22660
24893
22661
23983
25943
21879
21873
21081
23808
24851
26150
26930
23711
23294
19848
19206
20254
17814
16628
14372
16837
16293
10246
9231
9130
8343
6803
4258
3922
3529
5476
5210
5403
8257
7935
9544
13297
12095
15570
17619
17680
21453
21870
22227
21307
17446
12468
13083
9078
6994
5014
387
4741
2414
182
1002
595
-3116
-4509
-539
-6510
-6574
-7384
-11812
-13361
-18252
-21982
-26979
-30031
32076
31289
26086
23569
21221
19135
16147
11662
10614
3611
1475
1839
-2226
-6827
-9004
-10421
-15095
-17525
-20523
-23787
-25948
-26390
-32446
32547
29169
26051
26009
22810
22959
22200
15949
13625
11870
5727
1882
-2074
-11235
-15776
-18714
-25258
-28722
-25725
-23958
-15181
-7301
-88
17499
32154
-19208
806
17126
29896
-19137
-10791
-3280
1046
4115
9447
11714
16674
20414
23580
24963
21237
20910
17203
14640
12660
11906
14482
13898
13254
12448
8750
4827
3917
1330
861
-4304
-6378
-7909
-11465
-12744
-20872
-28379
30954
24958
14743
4856
390
-5102
-12576
-15660
-17480
-19073
-21991
-20808
-20870
-25384
-23176
-20905
-18811
-17308
-22139
-25792
-31708
31933
28584
26374
26164
31393
-32504
31585
-31448
32071
-30961
32540
29626
29673
28483
30936
-30865
-32076
-22328
-13090
-12460
-1851
6000
8490
13171
17979
20890
24106
24439
23797
24365
20201
21152
21603
19010
19220
18904
13331
11823
13158
9975
7663
9794
11502
12027
10100
13455
9292
7847
8991
4866
4462
2747
2272
1222
628
3231
7087
4594
5589
9303
8604
11049
10959
10537
13624
11330
12335
13476
11891
8659
13469
12527
9553
11222
9962
8682
10867
10412
9265
9465
9820
12589
8788
4385
5316
3761
477
1093
-581
-4382
-1304
-2161
-7383
-9148
-14432
-16689
-16871
-18305
-19759
-21656
-27068
-29351
-32625
31908
32753
-32475
32519
31647
-29892
-26793
-21229
-12798
-6081
-3494
-2818
740
5564
6392
9951
10751
9562
14461
12955
12409
14392
15168
13420
13014
11342
9609
6767
3186
-802
-4448
-10850
-9219
-17899
-28660
-32555
29294
23293
25052
20799
19023
24461
22527
22039
18271
15907
12099
12302
8994
10097
8335
4957
6051
6978
7087
5097
5578
4144
3749
578
-155
-1869
-2833
491
-1865
-4990
-5251
-8551
-10121
-9766
-7675
-7518
-4546
-3335
1374
5230
3505
4974
5485
10762
20723
31579
-24008
-8773
4169
16891
28038
-32515
-28238
-27738
-28833
-28214
-25849
-27786
-27639
-23855
-26730
-26263
-25448
31214
29544
28452
20678
22387
20539
15651
18006
14911
15171
20356
17911
20134
21626
19067
22772
20823
18203
18595
11665
8395
8855
5675
3901
1896
-3459
-1690
-6403
-11496
-14429
-16568
-20388
-22906
-26371
-27062
-25625
-29389
-29486
-31845
-32247
-32022
32539
29358
28110
31349
29541
29481
31642
30893
32032
30885
30684
-32601
30604
30776
31824
28703
22190
19595
14827
11772
11693
8574
4738
1555
388
-2261
-5073
-9357
-10751
-8505
-3574
-2864
5201
14762
16243
25441
29156
-30168
-21815
-16946
-14817
-14380
-10036
-10445
-10594
-10704
-12524
-8853
-7954
-12417
-11712
-10247
-11100
-10332
-6579
-7418
-7945
-9049
-6206
-9227
-5615
-2648
-2315
-3476
-2255
-2621
-6688
-8074
-7606
-7950
-12071
-13514
-12384
-14303
-14973
-19403
-22275
-24320
-28126
-29274
-30979
32294
29416
29172
21390
19073
18391
13080
10921
9790
8268
4885
2536
3851
1313
-3479
-7931
-11950
-15545
-15424
-17654
-22568
-24992
-24266
-26312
-27343
-30759
30455
24912
24222
21834
18378
16511
10517
9106
9216
3638
3791
3792
2176
5870
11495
14908
19853
22220
26794
-30203
-20035
-10534
-3890
3487
12149
18696
26681
-30581
-21125
-13550
-3016
8364
15105
20816
26432
26164
31261
-30292
-29233
-29639
-27665
-24475
-23715
-20835
-23269
-23710
-26626
-31008
31576
29057
30585
26981
22562
18734
15358
15614
17682
16350
20521
25003
28696
-29126
-21020
-14440
-6950
-1100
2329
5715
11672
15938
16136
21588
27245
30329
-30149
-23737
-22536
-22087
-23197
-26515
-32204
28602
23891
18061
12052
10166
7700
3331
1056
-3092
-8676
-12727
-15197
-19377
-21748
-29401
-30486
-30321
29326
30261
26309
25692
23102
23444
22448
18660
14122
12793
9251
4986
2920
2295
-1430
-5616
-9243
-12831
-10447
-10599
-6656
-2461
-9182
-5733
-5194
-5623
-2395
-3679
-2855
1060
5123
7346
17693
27648
-25603
-15653
-6356
6657
19075
28352
-26143
-22719
-20956
-16177
-16223
-16244
-12750
-15553
-22621
-28370
26712
24011
19567
11941
7242
441
-5269
-7514
-10764
-16191
-18903
-23782
-28650
-28591
-30257
31612
31376
27392
22375
22358
16262
12642
11007
6591
3305
-408
-4844
-6685
-7699
-10710
-9556
-10239
-12975
-16048
-17926
-19712
-23204
-24201
-24503
-27674
-29821
-28113
-27096
-29822
-29786
-27330
-28506
-28585
-24846
-28339
-29611
-27823
-28793
-28748
-28993
-29778
-31482
31864
-31387
-29140
-26941
-26511
-22356
-20407
-15201
-10678
-7676
-1546
-451
6090
13418
19258
24407
25098
20274
18324
14374
5929
3398
8917
22570
-30658
-23135
-24900
-31503
-29322
-26337
-23351
-21504
-23567
-23736
-19577
-20826
-14066
-14284
-16781
-12949
-15688
-18883
-21727
-24327
-25375
-30787
31999
32163
27925
27546
-32537
31113
31467
31570
29216
27031
23950
23893
22826
18587
16560
17200
11559
8369
3085
2772
-2563
-7964
-6930
-13337
-17629
-18445
-22465
-24654
-27560
-30000
31984
27624
23062
20198
12990
12825
9614
6136
5587
1600
-358
-345
-3634
-497
-1237
-6622
-2192
-3247
-1793
-2401
-5663
-206
-2458
-1611
2214
5450
11123
15653
12000
14383
21963
-30320
-5428
5429
14266
22751
21299
18476
21159
22739
20187
20802
20061
19981
17127
15116
12965
12551
15322
16822
17904
16479
18221
19761
18203
16189
15086
18137
16399
16335
22075
25397
27035
31381
-30384
-23389
-19202
-18339
-10788
-10825
-9759
-6142
-7371
-5850
-5047
-6593
-3179
-2896
-2622
-4595
-4786
-7389
-6388
-6737
-7496
-9956
-10806
-12411
-16297
-18035
-21362
-21684
-25778
-27249
-24303
-24949
-28257
-30255
32343
29130
31927
32561
27678
25759
26806
22110
17748
18458
15715
12958
10413
8445
7482
6363
3887
1560
-1814
-3535
-814
-2946
-6272
-6136
-6737
-5520
-2843
-5547
-5141
-3957
-6339
-6285
-10239
-12432
-13789
-16881
-20390
-22556
-26126
-29866
-29476
-30451
-30461
-30697
-29061
-25498
-25305
-24330
-23638
-23876
-24688
-23555
-17476
-16110
-15575
-16885
-16559
-17081
-17868
-17276
-19094
-18666
-19041
-21275
-20560
-17419
-15612
-18992
-18758
-18340
-16863
-18043
-19985
-20470
-22826
-24374
-21846
-21295
-22065
-22160
-23628
-27481
-28174
-28436
-30140
-30107
-30692
-31177
-30830
31592
-32707
-32755
29913
29576
25310
22783
22646
18663
17391
12457
11884
10932
12563
13051
13442
15757
17203
17465
24729
27825
28783
32484
-28690
-23202
-19117
-15516
-12489
-11091
-7279
-2386
60
518
4256
8136
9620
10640
13873
15080
16633
20611
22137
22283
24810
23076
20201
22292
22058
22854
23157
22117
23599
26099
27828
29297
28125
24526
24262
21673
16087
13853
10109
7952
4371
974
-750
-2022
-2878
-5547
-6501
-6873
-5482
-4197
-5581
-4189
-1748
-2182
3
3755
7309
7762
7871
7197
5986
6930
2542
2293
1707
-1097
-3553
-3811
-3962
-5927
-8503
-8823
-7303
-7655
-8874
-8516
-11405
-11595
-9971
-9519
-7333
-7145
-5238
-5261
-2208
418
2657
-77
-1352
-1128
-1548
-1051
-2000
-62
933
-171
169
3951
3749
5956
6685
4549
3737
-464
-2102
-3638
-4376
-2982
-4241
-5686
-2240
-177
-3259
-3929
-4701
-735
247
-508
-624
1031
168
1536
2575
4867
9687
14177
15964
20706
25036
28635
32572
-28423
-24447
-22687
-19470
-20015
-16572
-13137
-11767
-12447
-12699
-15159
-20395
-22808
-24376
-29091
-32599
29251
27041
27016
23202
20874
18434
15912
13835
8700
8700
9983
6032
9106
10054
8976
5317
3665
3908
4248
1532
1774
1040
-1314
-834
-4427
-4682
-5688
-5991
