2611
2047
2375
1802
189
260
-730
-303
-655
-1751
-1346
-826
-28
311
2133
2133
1223
1289
1249
677
821
940
1296
-374
-1054
-694
-1931
-864
-912
-2280
-1053
176
450
1757
1592
1330
267
-49
1348
1543
2101
1477
719
321
-94
872
1008
1827
2846
1729
1529
1312
984
611
344
-119
-1473
-2297
-1834
-932
-1509
-1762
-1033
-109
4
-207
-1173
-664
-764
-316
-217
1100
1527
488
31
-252
251
566
561
779
-354
-1095
-279
535
1272
3004
2691
899
1682
1284
2038
2346
2641
2866
1147
1856
2904
2040
2634
1997
1787
2233
3055
3557
3267
3651
2891
2369
3026
4185
3383
3965
4407
4623
6429
5749
6000
6864
5991
7064
6366
5419
5062
4259
4225
4160
5103
4663
3067
1329
70
542
422
320
1317
1413
2794
2287
2297
2269
2009
2481
2894
1464
1686
1835
2343
2410
1428
1686
1285
1191
941
1775
1597
996
714
1337
1272
1498
2349
3413
2795
3061
3676
2933
3045
2180
1387
687
1542
1857
1265
2226
3270
3816
3235
2939
3010
3635
3955
4625
5879
5166
5613
6534
7237
8048
7811
6351
5605
6172
1203
1338
646
-310
-684
-978
-2247
-2057
-1381
-1338
247
-15
1635
1841
723
542
-19
-468
-2389
-1893
-1996
-2756
-2363
-3670
-4399
-4405
-4925
-4620
-4114
-5483
-6888
-8142
-8880
-7682
-7556
-7829
-6337
-6023
-7336
-6570
-6467
-6860
-5926
-5333
-4119
-3965
-4620
-4831
-5097
-5939
-7012
-6996
-6030
-4679
-4640
-3753
-3085
-3869
-3714
-4080
-4507
-4413
-5248
-3540
-1904
-1209
-1032
-1352
-83
627
-279
-1013
-1570
-1150
-285
954
2491
4584
4556
3359
2887
2065
1203
1073
840
245
90
-51
-1640
-1891
-1679
-2320
-2831
-2509
-2776
-1660
-858
-616
-299
-250
553
2065
2686
2560
1858
1738
2347
2018
1087
1881
1262
-481
609
408
1158
1263
267
-675
-941
-727
240
526
649
224
702
990
1601
2966
2576
2666
1817
2868
2898
2690
3286
3804
3931
3695
3947
4089
3561
2926
3159
3229
3299
3512
3909
4671
3763
3036
2291
1435
1597
963
1750
1304
780
1215
2188
2539
1856
2948
3454
1943
844
1471
2928
4645
5438
5794
5323
3450
3595
3062
2995
3991
3593
2715
1864
2895
3224
3951
4074
2822
2696
2952
3623
2448
1634
1876
1021
104
5572
4321
2923
1733
699
1170
1559
1710
1845
1630
2979
4328
4780
4883
5599
6485
6813
6985
6907
6725
6134
5089
5102
5476
6097
5558
4001
3881
4141
3525
3326
4062
4518
3563
3402
2476
2441
4692
2854
1249
116
1398
1638
1726
1525
1190
1459
1083
1121
425
1287
1498
1147
1907
1667
1225
892
2212
2663
1102
1530
1048
2833
3097
1855
2511
-333
1114
1428
2323
2504
1738
859
1791
2319
3048
4138
4516
4914
4226
4518
5706
5059
3662
3051
2677
2461
2265
1552
1196
1205
-750
-1194
139
-235
-379
528
828
-536
-574
-1016
-1229
-662
-874
989
1893
-372
621
-416
-676
593
-620
-1846
-3586
-3043
-2777
-1890
-1794
-1755
-2270
-1090
-1127
-985
502
-137
-1640
-2150
-1209
-1878
-1714
-1216
-1912
-1975
-1708
-324
-314
-965
-1188
-2930
-3429
-3605
-3542
-2960
-2594
-2508
-2468
-2351
-2670
-2952
-2379
-2682
-1204
-974
-1877
-1905
-975
-2222
-3421
-4594
-5690
-5552
-4952
-3825
-4153
-4770
-4652
-4449
-4170
-4897
-5010
-3997
-3825
-4665
-3275
-3368
-3764
-2040
-3252
-3649
-2645
-2831
-3500
-2782
-3076
-4078
-4496
-4271
-3156
-2631
-3508
-2533
-2078
-322
-533
-579
-1218
-2439
-522
1314
307
-272
-1165
-3223
-2400
-717
-1568
-880
-1102
-1501
-535
1095
1149
-301
280
1657
2027
2075
2174
297
90
1289
2032
2219
1813
309
-608
82
950
874
1135
2242
932
1106
1320
1686
1225
1969
-165
-933
942
1764
2350
2814
2671
2752
2732
2615
2946
1936
2398
2848
1923
1044
1788
1168
592
-1804
-2056
-2112
-2556
-1786
-1
-75
141
1031
-439
-1379
-706
-990
-3408
-2132
-2125
-1671
-1363
-2515
-3088
-3572
-3872
-3119
-2729
-1179
-601
-382
-311
-1297
-2039
-2826
-2915
-2178
-1801
-1508
-726
-41
312
1553
2756
3519
1190
893
25
-360
1281
1368
1612
1946
3347
3444
3132
2905
2429
2401
2694
1255
130
-549
-1165
-1845
-1595
-2745
-3851
-3663
-4987
-4833
-4046
-2524
-2815
-3322
-2237
-3190
-2797
-1956
-2151
-2831
-2908
-3375
-3337
-3824
-4483
-4817
-5718
-5931
-5984
-3945
-2959
-1557
-1145
-2327
-2726
-3277
-2844
-2351
-3544
-3822
-4583
-5123
-6370
-6833
-7825
-6842
-7292
-6884
-5712
-5782
-7736
-7699
-7265
-7359
-7027
-5565
-5420
-5348
-5738
-4918
-4039
-2915
-2117
-1856
-2496
-2329
-1413
-1259
-2037
-2782
-3734
-2463
-2713
-2668
-2890
-3764
-4355
-5573
-5474
-4775
-4296
-3333
-2010
-1839
-1415
-779
-473
-1091
-1160
-1612
-1869
-385
533
1426
893
968
173
-865
244
396
1070
1915
1632
222
-166
112
501
1421
1231
1168
18
-293
1263
1523
-512
-1035
-1798
-2071
-1790
-1998
-267
-1036
-81
1367
2084
2758
3766
4367
3498
3194
2651
4918
4713
4937
3465
2630
3893
4379
6904
6739
7280
7188
6340
5676
6312
4988
5152
5081
4523
4941
4820
4891
4672
4686
4968
5239
5844
6007
6358
5943
4020
3418
3307
2698
2645
4201
3067
2688
1612
273
-422
-1611
-1243
-1116
454
-1473
-968
-1281
393
745
-1170
-1062
-1799
-2121
-689
-1402
-2492
-2081
-2427
-2376
-1707
-811
-25
-616
600
1467
2350
3645
2563
1642
2057
1384
633
763
244
979
1278
1061
545
1057
345
473
927
1090
1151
1029
659
929
129
689
346
-175
1279
1817
2082
3142
3048
574
-1010
-1520
-1597
-2648
-1722
-2569
-2986
-2138
-1827
-593
305
1550
1066
1530
1743
1108
2023
2563
3006
2338
2465
2695
2878
1942
2117
1728
1258
1399
184
848
1074
-53
-530
-255
-2378
-6403
-7213
-7801
-6900
-6287
-6540
-7672
-7563
-7466
-6185
-5939
-5481
-4908
-4208
-3846
-4562
-3999
-4587
-4211
-4578
-4228
-5882
-6460
-5933
-5157
-4404
-5370
-5339
-6068
-6564
-5957
-5831
-5576
-4332
-5863
-6145
-4834
-4079
-3791
-3680
-4139
-4400
-4431
-3298
-2968
-2833
-3027
-2860
-3028
-2625
-3225
-2811
-2936
-3611
-3101
-2726
-1932
-1549
-1271
-2095
-2149
-1387
-2178
-1534
3568
4661
4298
3763
3084
2900
1641
1063
1126
398
291
1163
1925
1947
3200
3021
3674
3538
3150
2858
3739
3209
4399
3519
3354
4109
2781
983
1488
3267
3966
4640
3723
3698
2517
915
368
-362
-359
1527
1612
2804
4316
4404
3952
4010
4021
2199
1489
3205
2334
1539
1592
1840
652
-652
557
618
710
-529
-1439
631
605
-1024
-1558
-1923
-1852
-1784
-2813
-682
-1245
234
1097
424
365
112
-351
-1963
-2383
-1945
-1595
-1398
-201
1184
1276
1561
2434
3360
3238
4516
3459
2234
983
-381
-1925
-1258
-111
-386
529
1904
1400
454
-470
-1542
-2081
-1066
-337
-574
797
856
-394
-805
257
697
707
859
138
-1102
-1397
600
330
278
631
952
1500
1148
2180
1738
4234
4241
4004
3649
3734
4659
3825
3459
3942
3838
4192
5187
4105
4752
7112
6587
5417
5001
4278
3431
3366
3083
3482
3928
3343
2906
2099
2785
2799
3021
2210
1616
1521
1357
1101
2879
2494
1313
248
712
558
1065
144
-1965
-2073
-3037
-1507
-1230
-2353
-2805
-2848
-3751
-2555
-2563
-3101
-2035
-2524
-4109
-6545
-6959
-4664
-5428
-5496
-5337
-7524
-5920
-3981
-4642
-5428
-5609
-5785
-6049
-5312
-5222
-5585
-5075
-4045
-5604
-3859
-3213
-3586
-3405
-2661
-2175
-1686
-3019
-3794
-4023
-4850
-3681
-3574
-4846
-4683
-4765
-5091
-4460
-4352
-5349
-5304
-5139
-5209
-4296
-3534
-3890
-5372
-5928
-5541
-5430
-5390
-3991
-3070
-4309
-2893
-4484
-7207
-7256
-7478
-6321
-6450
-4873
-4026
-4198
-4890
-4625
-4457
-3567
-1386
-2081
-2015
-1886
-2419
-2713
-2145
-2415
-3973
-4637
-3024
-2751
-3191
-2551
-2992
-2739
-3178
-3506
-3343
-1700
-1499
-1571
-3011
-2349
-1981
-3885
-4010
-4830
-4110
-3712
-2962
-1445
306
234
40
756
1165
825
425
827
243
-65
-320
138
-312
-43
-873
-1099
278
1310
872
662
1558
828
1343
2361
2723
2794
3935
4022
3294
3374
2996
3508
5788
7630
389
-505
75
922
1379
2109
2683
2307
2934
3463
3726
4932
5147
4112
3658
3167
2107
2077
3084
1867
2695
1940
1448
-585
-2066
-864
-147
168
-162
994
161
259
-538
-825
-968
28
259
1650
2452
4111
5664
4430
4278
4745
4512
3515
3982
4594
3371
3136
3898
4545
5161
4899
3601
1976
3105
2883
1920
3080
2681
2779
1508
1278
-1589
-1398
-2164
-2536
-2925
-3744
-2629
-3103
-4844
-3926
-4889
-5505
-4236
-3727
-4595
-6269
-5424
-5854
-4924
-3296
-3712
-4019
-4456
-4209
-4085
-2974
-2864
-1550
-1540
-1958
-1098
-1832
-2801
-4145
-4364
-3090
-2571
-2484
-2645
-2623
-3999
-1885
-2404
-2438
-3252
-5223
-5958
-6737
-6642
-4828
-4144
-3844
-3799
-2690
-846
-2395
-1381
-2212
-1608
-1810
-2135
-1407
-654
-404
42
296
-763
244
1025
1896
1167
1487
-268
-1368
-1131
-929
-1360
-413
-544
-959
-96
-84
86
510
633
-47
1075
2375
1664
1650
2090
216
115
637
825
822
969
-431
-237
779
1318
2479
1995
721
-667
-1509
-998
-650
-179
-1196
-1232
-2213
-2925
-3422
-3595
-3402
-2920
-835
169
-879
-684
-1538
-2456
-3607
-4620
-4176
-3111
-1979
1085
1373
448
-309
464
1268
3078
2646
2132
2831
3752
3861
4359
5039
3513
3937
4446
4131
3357
2697
1029
77
562
261
1800
2235
546
-1394
-1900
-2322
-2300
-1640
-465
476
-826
-653
-1351
-2629
-3098
-4188
-3678
-3720
-2705
-1198
-1892
-1854
-1071
-1591
-944
-298
-822
-1500
-899
-2225
-2758
-1268
-708
-90
-263
-362
379
651
418
1142
363
-154
812
1630
1252
939
663
-416
-412
565
762
-922
-855
-604
-535
-1610
-2838
-2610
-3750
-3824
-3154
-1660
-435
671
1810
1482
1225
1611
879
62
-750
-1773
-2732
-2367
-1857
-1110
-839
350
1049
-131
-990
-40
-355
1265
1527
-786
-938
206
1003
1086
687
485
1459
1978
853
750
996
924
852
356
-288
387
1492
900
486
-741
-2134
-2155
-689
379
-561
-1177
-1589
-2581
-1534
-1400
-867
-358
-878
-1309
-2247
-1174
-1486
-1429
-1017
-634
-1049
-2161
-3285
-3540
-2103
-2465
-2718
-2875
-3621
-3716
-2039
-2041
-790
465
505
505
1002
1498
1933
1485
1985
758
-307
-335
148
-147
400
-322
-338
-28
-476
-1518
-1394
-1201
-1779
-1062
-1606
-1415
-828
-1321
-1609
-2406
-5705
-4457
-4190
-5266
-6897
-6364
-4514
-3096
-1150
-1480
-2280
-3498
-1658
-2350
-3943
-2475
-1753
-1401
-797
-111
-732
-978
808
1172
736
1632
2278
2259
1196
344
260
2491
3601
646
2584
5577
6152
4829
3653
2911
2908
5639
3561
986
2431
3632
5633
4453
3995
5868
5714
2691
4631
5693
5608
7638
7936
5048
6188
7770
4954
1891
1882
3501
-1539
-2325
-3064
-2702
-3281
-1857
-1853
-3470
-2409
-1967
-2758
-485
-1220
-1194
468
1235
2090
2406
2122
1780
805
491
71
-414
-2009
-1635
-1209
-1669
-1711
-2538
-2509
-3665
-5480
-5373
-4025
-3813
-2324
-1633
-760
95
631
-627
-336
271
675
814
1258
1870
1312
166
-160
85
-505
-1078
-1864
-745
354
871
-964
-1344
-1607
-2463
-1542
-1610
-773
-1952
-1445
-1286
-1475
-1795
-1922
-872
-187
1271
1239
600
265
929
579
1073
524
81
-710
46
-245
315
718
-619
-995
-1913
-1670
-706
-680
-1893
-3702
-5176
-6048
-5799
-6193
-6250
-5956
-5044
-5131
-5012
-5724
-6303
-5563
-5828
-4747
-4136
-4478
-3607
-1141
-1476
115
34
-156
1238
667
449
-33
1337
3875
2942
2637
2906
1358
863
-2874
-3764
-3690
-3633
-3733
-3326
-2260
-1995
-2631
-3799
-3737
-4580
-3370
-3090
-1659
-1203
-2230
-1751
-2367
-2480
-2256
-3108
-2855
-1635
-1513
-1410
533
928
734
-374
-264
208
-913
-479
-957
-1754
-1600
-2424
-1901
-631
-823
-1607
-653
84
-1201
-534
-1062
-1031
-145
1103
2094
1665
3007
3641
3303
2608
2512
2642
3131
3829
4457
3102
2946
2049
135
-609
57
589
1556
270
891
2792
2867
3590
2813
1329
910
725
938
1154
429
-317
170
338
166
-51
295
354
-164
160
580
974
909
405
-701
-795
-306
-1171
-1993
-2181
-1900
-3107
-3229
-2207
-2690
-1135
-1120
-1611
-2472
-1440
-1517
-1914
-2849
-3450
-1630
-677
-630
-38
-667
-529
-70
-798
-1571
-2064
-947
817
1231
2269
1862
769
2039
2696
3591
4721
4847
5410
5994
6434
6616
5523
4190
3613
3786
3713
3721
3186
2969
4202
4677
5306
4865
3718
3223
2758
3292
3513
2352
1730
2477
3162
3270
3500
3471
3843
3815
3930
3315
3568
3212
4138
5679
4906
5312
4995
4812
5836
6288
7355
7896
7179
5635
6174
4913
3530
4960
4821
4426
5248
4436
2327
2556
1789
-2995
-2749
-1161
-862
7
245
-113
-1034
-2775
-1904
-1642
-1853
-1463
-1722
-1728
-1207
-1678
-1643
-1555
-2615
-3209
-3614
-3406
-4558
-4163
-3362
-4032
-4542
-7101
-8155
-9290
-9961
-9687
-8246
-8687
-8278
-6603
-7011
-7510
-6055
-6859
-7497
-7642
-6502
-6545
-5444
-4872
-4344
-3268
-1964
-1576
-3001
-3993
-5105
-5054
-5984
-6616
-6041
-5680
-4692
-2559
-258
-1509
-2302
-52
665
1057
549
1094
1332
-861
-900
-1765
-2767
-2202
-2363
-2442
-1210
-167
-992
-1910
-2241
-2579
-2337
-2109
-1162
3
1128
2034
2467
1896
3612
4711
2758
2809
4217
4225
4397
4431
4873
4637
5056
5851
6005
5367
5380
4150
3055
2946
3948
4844
6305
6905
5289
4126
3307
3830
3820
2521
1646
827
676
1424
1813
710
2518
2664
896
1090
1898
2114
1275
2819
2083
867
1224
1193
126
1073
877
84
34
705
-1632
-1575
-72
-477
154
904
1046
934
1588
1332
-15
681
377
-794
-329
-451
264
74
-358
-736
499
332
1078
1035
836
1204
2047
1928
2389
1501
1776
2006
1876
1548
2078
687
1175
2945
2820
3561
2952
1818
1885
1688
1222
1965
1690
718
626
-4507
-4070
-3856
-5023
-5791
-5796
-5199
-5506
-6569
-6803
-6573
-5307
-4314
-4104
-4389
-4850
-5004
-4693
-4307
-4705
-4727
-4504
-6640
-6993
-7161
-5684
-4256
-4937
-5022
-6323
-6536
-4481
-4393
-4135
-3134
-3620
-3859
-3535
-1475
-219
344
289
369
679
1168
2272
1616
1438
1453
109
-1378
-713
-1452
-2129
-2105
-1950
-926
-496
1138
2441
1307
-322
-1470
-1452
-2144
-1676
-1103
646
527
313
501
546
670
1164
1881
1916
2699
1433
1863
3560
3466
3592
4769
4119
3873
3313
1751
991
200
809
1157
591
1356
2575
2756
4258
2827
2128
2030
2369
3760
4511
3112
3464
3861
3061
3723
4455
4077
4724
5050
4156
4380
3967
2659
2734
3450
3434
3473
2763
3829
3705
3996
5086
4213
4689
5256
6421
4759
3190
2654
2070
1944
570
2106
2329
2360
2532
2730
3238
2886
3123
2849
3033
2425
3181
3784
4518
3656
2237
1978
2271
2500
2541
1809
497
275
-1665
-1610
-1401
-2158
-1175
-1440
-2546
-2438
-2375
-2560
-2780
-1277
-660
-672
487
936
502
-268
40
499
1027
2262
2794
3242
3175
2942
3458
2842
1783
1339
1381
865
-78
1113
304
1000
1147
2051
388
68
-215
-631
-2811
-2645
-2202
-4146
-2566
-2683
-2055
-3665
-2210
-2603
-1084
-511
-657
-1210
-947
-805
-1907
-1646
-117
-1061
156
1506
-195
-1313
-1957
-3618
-2880
-1664
-1275
-1817
-1345
466
-884
-1580
-2515
-1602
-986
-1322
-691
-2503
-1915
-2043
-3107
-2420
-2299
-1853
-616
-316
-1566
-1315
-848
-512
-853
-1479
184
519
808
-2087
-581
-570
-395
-123
930
1000
1224
1485
2269
1243
999
-240
548
-675
-1175
-403
-908
-1143
-2660
-6
-427
-848
789
822
1187
1891
5017
4710
5553
6113
3653
2421
941
1614
3400
1794
3332
3624
3008
4932
4381
3859
2771
3260
2758
4395
2589
1996
3069
2332
798
177
2878
965
439
242
334
-31
-1412
-1051
-1221
-237
-1059
-655
-296
63
-88
-435
-64
-931
-760
-441
-1181
-604
-1167
-360
-65
848
-1572
-2074
-2343
-3508
-2718
-1500
-1144
-3159
-2760
-2451
-1726
-1826
-1555
-1398
-1353
635
1620
3224
2475
1822
210
412
2899
3234
3307
3515
4112
3005
4500
4760
4055
4398
4204
4310
4472
5137
3568
1951
2945
3124
3863
4211
5060
4516
2513
1307
89
1594
882
-1357
144
869
286
805
1444
1720
2703
3651
3230
3026
3076
1257
834
1511
2016
102
383
818
1702
856
1358
569
722
542
-287
964
925
2131
1565
217
-101
-97
-254
-680
1166
265
-61
114
-683
-1495
-553
-368
-1084
62
-409
-432
431
-1105
-2648
-1993
-1181
-1693
-1453
-736
-1302
-654
-606
-883
-1473
-1131
-1377
-2343
-2032
-1204
-671
-23
740
1330
1575
804
-1079
-1143
-825
784
1851
1372
2206
1653
1023
871
-782
-2553
-721
-1637
-1801
-458
837
187
-17
1488
1465
2681
2049
2640
952
1372
1090
66
532
-635
-844
-396
-433
-657
-925
-692
-33
1199
1335
924
1091
91
-864
-309
-818
-283
-457
-2011
-1474
-860
-1474
-2174
-1620
-2337
-3920
-5192
-5195
-4657
-3714
-2849
-2998
-3289
-2608
-2238
-1134
-588
-3599
-2915
-2211
-2652
-1560
-643
-1355
-1928
-1340
-1291
-1558
-1775
-2796
-3310
-3325
-3206
-4902
-5644
-5153
-4373
-4600
-3248
-2139
-2598
-3163
-2813
-2189
-2207
-1388
-812
-416
-1872
-3573
-4093
-3601
-3984
-3520
-2552
-1377
-2153
-3005
-2044
-2105
-3062
-4839
-3825
-3657
-2870
-2778
-3965
-3933
-3302
-3235
-3435
-3523
-3507
-5119
-5193
-5373
-5072
-4577
-3787
-3401
-2324
-2067
-2351
-1216
-387
-1322
-2242
-3417
-3721
-2599
-4162
-4584
-2990
-2870
-3589
-3563
-3436
-4140
-2995
-2037
-733
435
582
1608
1103
2786
3629
1884
3664
5121
4513
4982
5898
4796
4209
4219
4785
4119
3969
3688
3770
2657
2874
4265
4519
3860
4563
4127
4482
4111
5087
5158
4081
3570
3386
4630
7886
5551
3869
2891
2950
1595
503
350
550
1356
2540
3735
2199
1249
226
-415
-1990
-1916
-2603
-3092
-1795
-1404
-1434
-568
98
-157
-1323
-1415
-2796
-3825
-3269
-4432
-3608
-2957
-2091
-1380
-448
2231
1808
480
480
-633
-1266
-1730
-3139
-3994
-3537
-5078
-3558
-1182
-718
-1273
-2996
-4845
-4334
-4755
-5931
-6262
-5841
-4826
-4108
-823
517
1718
3649
4580
3412
2927
2530
-158
-2130
-2421
-3233
-4083
-1582
-685
732
2369
3344
1687
-230
-2216
-4888
-6261
-7714
-6579
-6049
-3950
-3174
-3362
-4265
-5008
-4498
-4226
-3827
-3325
-5912
-7459
-8423
-8179
-7174
-6040
-4191
-1607
-867
-1033
-832
-1847
-2936
-2676
-5119
-6123
-5364
-6077
-4468
-3009
-2180
-768
304
38
-826
-865
-1031
-2564
-3626
-3289
-2884
-3472
-1312
-905
-1039
-408
-1232
-1286
-719
-925
-1199
-271
1805
948
7
123
-863
-1824
-1275
-2137
-2879
-2399
-2183
-1628
728
746
469
1440
1913
2188
2239
2330
2915
2013
2402
2421
2723
2844
3114
3297
4643
5006
5504
6394
6520
6766
5780
4907
3476
1723
2455
2889
3304
4584
6016
5368
4596
5695
5673
6593
6956
6623
5686
6427
4875
3818
3826
3514
4480
4730
5132
5864
4945
5279
5301
4442
4270
4810
5933
7854
8415
8468
7370
6983
6394
6906
6251
6041
9065
8465
7132
7295
7185
6179
6287
5614
4370
3553
2517
1504
1446
832
916
1472
1162
-109
-632
-1234
-1320
-405
99
-581
60
757
967
1808
1137
1292
-446
-799
-857
-901
460
818
472
-609
-144
-187
-425
-1877
-2648
-2292
-1650
-1574
-173
38
52
-240
-753
-116
836
1255
1383
153
332
-195
-24
-53
-272
220
224
670
40
86
-30
-1570
-2085
-2058
-2109
-2002
-1249
96
-577
-1315
141
190
-41
462
-345
-1417
-810
88
1122
1633
1407
927
25
1305
1545
911
-27
-686
-1451
-2126
-2368
-3224
-2832
-3242
-2977
-1312
366
1256
1118
903
-3471
-3939
-3065
-3604
-3628
-3126
-3790
-3896
-4407
-5046
-5083
-5442
-5496
-4653
-4869
-4354
-3441
-3576
-2379
-3345
-3408
-2722
-2649
-2768
-1921
-725
-1146
-631
594
-438
-266
817
-195
380
518
31
2
771
222
596
-107
-330
436
539
682
625
413
1103
1456
638
682
555
1332
1307
2071
1473
14
-76
147
37
395
462
116
-299
-2476
-2631
-1012
-42
509
1267
1574
1456
461
488
-26
17
-942
-935
-332
-1120
-337
-365
-902
-2607
-3133
-2372
-1901
-1878
-1792
-1448
-2743
-3340
-3619
-3748
-2029
-2210
-1829
-1349
-850
-296
1062
696
-252
-94
-412
513
1857
1827
1428
1035
1290
1730
3128
3226
3307
3465
2341
1275
-338
-556
-1175
-1419
-398
516
1501
2075
3045
2564
3123
4140
3871
3843
2640
2277
2618
1649
1533
2058
1538
1864
1504
1542
1808
1555
1733
-348
-1369
-125
622
-129
-566
-1548
-1881
-1969
-2677
-2520
-2760
-2780
-2819
-3280
-4194
-5049
-5166
-5992
-6473
-6234
-6669
-5744
-4605
-4269
-2373
-1180
-1291
-749
-324
870
1672
2152
2147
2769
3804
3330
3303
2301
2012
1454
475
572
-510
138
-25
-470
-814
217
-1224
-1793
-2009
-2017
-2594
-2258
-1586
-1137
-868
-892
-1068
-2278
-1739
-1890
-1752
-1109
-28
1527
2325
2152
1987
2413
1609
2269
1729
1224
1622
439
211
-171
168
1072
1862
1904
1608
1977
2419
2130
2473
3408
3048
3230
4618
4742
5637
5393
3681
3207
4015
3555
2763
3903
3037
1901
1636
150
-108
-319
-1110
-297
-199
-777
327
959
179
-1103
-1854
-2113
-3317
-2489
-978
-776
-73
465
1189
1050
604
-475
-1286
-2177
-2269
-1929
-2718
-2827
-2609
-2311
-2516
-2996
-3011
-4095
-5285
-4922
-4017
-2980
-3521
-2993
-2955
-2663
-2015
-2976
-3131
-3152
-1858
-1240
-1601
-1701
-1492
-1349
-140
159
586
-708
-6
131
497
2080
2788
3137
1505
1977
2688
2557
2026
2229
2446
1468
1596
1294
-28
-111
546
573
1262
2489
1379
1344
1613
1026
1159
1212
1048
-52
-86
858
-54
-311
-640
-1943
-1799
-1599
-1996
-3284
-2586
-2992
-4236
-3474
-3528
-3250
-2993
-4379
-5378
-5685
-5471
-5785
-4909
-4128
-3391
-2901
-3057
-2935
-2585
-4016
-3539
-2079
-1527
-765
-1281
-822
229
1477
2246
1902
1733
485
-701
-489
-794
-630
-813
-2221
677
6659
5719
2164
3945
3103
3948
6863
6655
-461
2084
4151
3454
2856
4370
-2395
-2989
5161
1813
-1802
562
-227
-5258
2279
3704
-953
-1910
404
-1374
-2195
4734
997
-3534
-1575
2967
2329
1452
4310
-151
-140
4853
5628
-273
963
1238
-3007
197
2706
-1481
-5325
-527
-1938
-2731
1529
-4210
-9401
-6311
-1712
-5929
-2399
-620
-6228
-3722
3511
3433
-2630
-9519
3070
1911
-10752
-489
-2130
-10641
-3202
4974
-6046
-5734
-2760
-11076
-11361
1545
-939
-8394
-1727
-4449
-12815
-873
2707
-6637
-8171
-840
-12478
-9150
5452
-4239
-6768
-1456
-2413
-15460
1343
-1365
-11354
-5439
-1914
-11033
-11707
4711
-10593
-10792
-1649
-5927
-17932
-4199
944
-14336
-4544
-3033
-12805
-10221
2561
-3431
-10484
58
-6184
-11537
-2709
1131
-4261
-4037
72
-10018
-4081
4906
3011
-823
3391
-20
-6921
3499
4042
201
1239
3963
-3444
-1182
5866
2844
-114
-142
531
-6819
-692
2086
-2675
-2489
1634
-4245
-7866
-694
383
-5041
-1993
1039
-4790
-4282
2803
278
-4467
260
-238
-3767
-144
3504
-3608
-2049
1591
962
-2053
1504
4708
-645
2134
711
-1939
-3113
3762
2713
-925
-305
-1842
776
1750
-4560
3324
-1121
-592
-4242
-3956
-4338
813
-3379
-887
-5680
-1885
-2205
-224
-1971
-2158
-1416
1918
-5188
4310
-9318
2865
-4302
2253
5014
-765
8065
-2373
7026
-453
7017
659
-4805
2934
-10763
2665
-5874
1352
-2147
-4665
-259
-8833
6643
-4168
9041
-5146
3088
-3573
-3688
4395
-7829
6310
-10192
-2479
-6207
-5208
2264
-8125
7673
-4289
6054
1890
-1320
881
-3640
-926
-581
-4008
-4031
2371
-11280
5710
-9463
3802
-5067
-6788
3449
-11915
11600
-7652
8068
2153
-5841
16347
-13324
15298
-5497
4003
3904
-6056
11135
-4992
9673
-1946
6702
3844
4782
8512
5323
8141
6567
14676
5490
16744
6193
10415
7449
2383
12306
3294
8418
5166
-1175
10472
-4778
12724
3949
1276
10672
-10350
15899
-6653
9783
5491
-2043
8226
-6455
7718
-4202
5353
-6011
4230
-7099
1867
1365
-6106
13624
-13199
17312
-10680
6805
3633
-10052
17523
-20708
22038
-18754
10919
-2258
-5352
17578
-14249
21222
-11602
14557
-2758
3787
6504
-6827
11588
-10261
11398
-11648
7006
-6351
-649
3979
-8743
11349
-11381
14117
-6999
10029
1749
4210
7602
-1595
14022
-2050
12800
300
7522
2455
267
6389
-2461
11661
-3021
11364
-2030
7463
755
9207
4714
38
11977
-6799
18169
-962
11573
9385
-53
14856
-5483
14932
-1092
8349
4014
-3091
15347
-3421
18685
-2778
13112
4526
6952
13177
-3866
18268
-5924
14756
-2188
3328
9904
-6438
19511
-8887
15882
-402
9810
11158
-4999
20180
-8796
21195
-7763
11133
-1107
-3666
6999
-11890
12268
-10109
9870
-7906
4773
1537
-2208
7249
-9751
6357
-13918
5726
-6038
3109
-3313
-3336
-1461
-6679
8757
-7826
5293
-5490
1587
-3527
-876
-1996
-3724
-3361
-7249
-4205
-7570
-1162
-4740
-187
125
-1798
648
-2844
805
-2259
3698
-2196
5372
-2178
1877
2722
-996
5608
-3316
9590
194
11918
-1190
5512
-3334
-715
-385
-6216
2799
-8704
4020
-2170
5520
8184
1403
6537
-7589
406
-2064
-2089
1969
-4645
807
-6969
-3879
-3543
1637
-1044
-2013
-1005
-3390
-2300
-3165
-2073
-3864
-3112
-5391
-3208
-1024
-2378
1426
-558
-1784
-208
1153
-849
8118
-6165
8563
-9085
5139
-3095
-4145
7739
-18495
13276
-19363
9363
-2531
-4413
11669
-15925
14661
-20907
9232
-11440
714
-1252
-8320
5766
-13849
10204
-13513
9623
-6419
3936
-184
-5051
7654
-9413
12534
-10717
6265
-4214
-1755
2932
-11940
8484
-13837
7728
-9405
1462
-1503
-3307
2239
3091
165
-1975
-2407
-337
1717
4284
34
414
2111
3413
5036
3075
3346
857
1929
3662
2309
2538
2470
5632
4576
4281
659
-1652
-1127
3435
346
-2731
-4483
-2694
4503
4701
2112
-7304
-2568
3135
8403
7193
-2170
-7671
-5147
5919
10543
3752
-4332
-10596
-1474
8897
11785
4158
-9242
-6169
-1887
7452
3865
-1763
-5380
-3973
3713
4197
1776
11716
14519
5471
1408
-9688
-4953
-616
6225
14786
8700
3992
-11192
-8871
-385
11755
19500
1194
-10539
-23787
-6853
9789
25070
15409
-10393
-22529
-16630
8759
20323
15724
-8407
-25193
-12894
6155
21170
16428
-2464
-21346
-16868
4122
14845
15413
-775
-13744
-16627
-2525
10973
10494
4277
-13367
-17434
-14306
3489
9378
4797
-6220
-17943
-13751
-7119
8388
8513
2155
-4381
-14722
-9118
-3782
8474
9108
1009
-7261
-17509
-9251
4905
16721
10234
-210
-14211
-11533
2790
16516
16750
518
-11006
-16111
-765
11624
12752
1980
-7279
-5963
-497
7045
3963
-1013
-3764
-3534
-1118
-3507
22
493
6096
8087
888
-2870
-4419
2142
5919
6234
-896
-9248
-6632
-2436
7513
7398
1059
-9920
-14511
-5970
107
6392
-911
-10880
-12575
-7561
2245
10078
7332
-2950
-11170
1418
1655
1893
1126
-331
-259
214
572
2955
4690
3300
2594
3947
4290
4881
2997
1880
3160
2981
5084
3805
3298
1600
1418
2653
2264
986
181
410
-1062
-264
-1832
-916
-1096
-1779
-3339
-2398
-2090
-555
229
1848
762
775
3163
2742
4357
3866
2790
2062
3022
1870
774
1129
1568
1995
1298
1607
878
1673
1707
2684
2007
3100
2708
3766
1969
2734
1843
1903
1773
-50
699
766
1061
2183
1468
3344
2016
3692
3000
5490
5164
5508
4650
3645
3090
2060
1226
-1279
-930
429
1610
1457
2517
2710
3037
3338
6631
6762
6307
4832
4507
4612
2165
5544
2623
4668
2096
1851
-2
-2073
-2005
-2586
-1643
-290
-815
1232
1910
1808
2367
2447
1099
783
-951
-179
-2421
-2436
-4053
-6201
-6574
-6479
-7419
-7077
-7538
-7541
-6705
-5176
-4529
-3624
-3046
-4936
-5899
-6447
-6727
-6980
-5891
-5860
-5904
-4964
-4568
-4582
-3064
-3607
-3942
-2580
-2446
-466
-1999
-2641
-4033
-2890
-3531
-2976
-4465
-4646
-4050
-5351
-5525
-7157
-6063
-5235
-4291
-2926
-2244
-1143
261
-962
-572
-2489
-2806
-4259
-4412
-4278
-4898
-4846
-5570
-5850
-5727
-5111
-5519
-4255
-4987
-3624
207
-3637
-1608
-2890
-3286
1033
-3483
-1092
-1238
-2264
1022
-3351
-1713
-2824
-5674
-1584
-1506
-54
2325
1088
1748
2073
3257
3993
3092
1500
459
992
834
192
-473
280
1138
108
309
1379
352
946
1485
1773
1524
1813
967
1865
1643
2032
1456
2324
3961
603
1645
1895
1618
1501
-23
2863
3230
3639
3935
2758
4946
5819
3997
1926
2025
1973
3377
3304
2429
2269
1910
232
295
25
-111
2201
1724
1728
1407
1405
3016
522
-1153
286
-174
3013
3778
3721
1863
900
-636
-2657
-1910
-2706
-1950
-2398
-1075
1985
2444
5241
2657
2349
1807
540
-95
-414
-1905
-1873
-2290
-1845
-2402
-3841
-4409
-4928
-6372
-4897
-5041
-4866
-5871
-8244
-8260
-6607
-5599
-5031
-2022
-688
98
-1080
-1077
26
918
-339
-2142
-4251
-5221
-5757
-6056
-6437
-4399
-4250
-4382
-5537
-3439
-2989
-1679
-551
-2727
-3277
-3044
-2757
-1931
-2274
-2537
-3050
-3238
-4554
-2964
-2427
-334
-1062
-372
-497
22
-571
-3085
-3703
-3277
-4479
-4456
-5946
-5056
-5180
-5554
-3288
-5116
-4210
-3319
-2266
-1451
-2929
-1708
-2380
-1712
-779
-4381
-1215
-1239
-1761
-1054
-3648
-1377
-4279
-2251
-1976
1929
1610
2721
2538
4609
990
3364
66
669
-2146
74
-4249
-3404
-8923
-6088
-8573
-7267
-4727
-3463
-3368
-2437
-1528
1096
-3191
-1625
-1963
780
-1854
1934
1624
402
2659
377
836
2617
1598
-13
-2060
1443
3878
516
542
-115
79
-1263
-894
1211
-384
-1179
-2363
-4248
-755
726
-1658
-156
-1312
1757
-216
966
262
3912
2411
5883
7646
3394
3779
6123
2068
1761
-84
1675
-3171
-3139
-3265
-1746
-3821
-5417
-5330
-6627
-3427
-1455
-5111
-4826
-2597
-6921
-5231
-2477
-4727
-5938
-5048
-2724
-6895
-3340
-4351
-2814
-2505
-3780
1419
-1561
-1810
2358
-3064
-1618
-1572
-3952
-6004
-4525
-4681
-7168
-6776
-7467
-6815
-3696
-4004
-2647
-2469
-1119
-68
-1072
-2431
1511
-2635
-2350
-3864
349
-3030
-2943
-1505
-3247
-979
337
-337
584
1398
4200
4362
1635
4612
3682
1707
1774
390
-856
-130
-920
-1823
-1644
-1116
-1771
-5357
-3450
-5074
-1469
-356
255
-750
4030
3496
3975
5592
6455
4895
4435
4617
3541
3755
2116
1136
-966
-1294
2515
-962
-22
-2113
-3872
-1364
-209
161
-959
-1104
77
-872
548
3138
2015
1692
518
2294
3423
3306
787
253
2481
2866
3635
2894
2148
2531
1360
3250
4156
2641
2143
1000
-2542
-1635
1503
2099
116
2103
-356
-3774
-2190
-101
-1846
-1236
-2932
-5038
-3213
-1386
-734
878
1092
-1101
-2140
-4624
-5495
-2853
-3695
-3515
-4941
-7143
-6665
-4192
-1784
-3797
-6964
-8009
-4175
-1140
1378
613
-5299
-7732
-6707
-3734
-690
-111
-3773
-2915
-2544
-1827
3000
-9281
-10143
-5078
-5261
-8207
-7125
-4855
-5593
-5038
-2853
-4717
-1979
-1449
-2575
448
478
-1000
-100
-1207
-1705
-452
-1812
-2111
9
-2296
-4565
-3172
-2891
-3349
-196
-1858
-3344
-2443
166
1115
2306
1097
-247
412
1377
549
561
-470
-4452
-2969
-7
-2642
1348
2612
-967
-1556
-330
-1445
-229
421
-422
-193
675
-348
-1070
-1974
-2792
-2923
-3603
-2613
-2357
1940
2679
262
1900
1386
-1680
-175
-607
-3029
-3099
-1074
-879
433
1036
-81
-761
-681
309
653
-576
-2062
-35
625
1641
2280
2291
767
1723
2822
2103
1304
3066
282
-718
1227
1244
52
2667
4100
2102
3103
4676
5555
5519
5544
4968
3872
4773
4444
6584
7958
3720
2271
3318
3672
4663
6437
4993
1660
1256
2766
2192
967
2123
1103
-753
747
1051
1805
2650
-58
-2213
-820
885
1886
2051
-902
-1064
408
2949
2301
-20
-2997
-2263
75
-147
-900
-1845
-3379
-5221
-2268
-841
243
546
-765
-383
-904
-1104
-899
-1189
-1383
-518
-1535
-1367
-345
433
2812
2605
-2106
-1384
565
1481
2794
3420
473
-236
988
1659
1607
-244
-754
-1337
-1054
-1271
-2830
-4027
-4696
-2975
-2801
-5314
-8054
-5854
-5312
-4788
-3777
-3677
-6437
-7520
-3864
-1448
-1628
-4105
-5414
-4069
-2292
-2570
-2810
-5079
-8010
-5155
-4892
-8512
-9440
-8559
-7738
-6080
-6184
-6395
-10252
-9086
-6371
-3701
-4684
-8104
-6963
-4507
-2015
-2652
-4126
-6801
-6101
-4737
-4205
-4317
-6503
-5324
-5192
-3026
-2926
-2496
-3805
-5663
-4391
-2841
-2393
-3145
-4037
-2452
-4090
-6170
-6195
-6318
-4143
-2735
-5129
-5510
-6347
-4472
-1590
-1132
-2362
-3800
-4221
-3171
392
1187
-81
-1478
-2686
-1951
-1486
-3085
-4563
-5924
-3714
-2520
-2571
-3240
-2963
-2002
-1081
-105
183
86
-530
41
576
840
205
-155
-627
-990
220
-243
-1372
-1744
372
958
412
-1863
-1742
208
232
95
-1219
-912
1111
1313
-369
-268
1181
575
1698
1362
4433
4996
5040
3603
5226
4160
4248
6620
6990
5721
4111
4483
4181
4955
5009
5375
4808
4469
4407
2845
3886
2263
-8
-965
-2531
-2475
-2050
-2092
-145
425
806
1608
3475
3188
4008
2615
1827
1779
1657
1335
1744
2624
2149
3506
3058
3502
4109
3260
3827
3923
4646
4164
4135
3859
4287
4667
3718
3244
2179
1183
814
123
1641
1437
-7546
-7528
-6453
-5650
-6205
-6835
-8086
-8838
-7558
-6700
-6271
-5831
-6204
-5279
-3408
-4396
-6714
-6948
-7537
-7163
-5106
-4787
-6552
-6734
-8388
-9486
-8260
-7965
-8014
-7441
-7808
-7058
-6475
-6689
-7399
-6092
-6024
-5548
-5484
-4386
-5031
-5430
-5249
-5032
-6256
-6525
-5578
-4541
-1917
-2685
-4875
-5103
-4186
-4712
-3669
-3272
-3858
-4023
-3591
-2993
-2846
-1937
-2773
-2919
-2642
-3503
-3043
-2824
-2982
-3782
-3224
-3278
-2810
-2315
-2070
-2211
-756
-308
-401
134
551
916
1076
544
151
660
913
552
1469
1492
1373
1753
856
701
1592
1172
877
1066
3461
2782
3631
3893
2448
2499
1670
2399
1630
-725
-1153
-1352
-1093
-27
369
314
-47
959
-158
869
1641
396
1699
1965
676
1551
1407
241
302
253
635
251
183
512
739
1270
1066
16
620
258
617
1600
721
1995
3884
3745
3818
2499
635
1607
2770
3223
2420
2415
2594
3033
2579
1341
731
959
747
1300
1755
1790
1323
-431
1114
505
-741
-1394
-1353
-2297
-1081
-871
-2688
-1387
-672
-2293
-2047
-855
-3486
-1040
-1255
-2377
-1134
-1977
-329
-2719
-4052
-2755
-238
1171
-1054
19
141
-165
-119
324
365
935
935
1080
1310
2846
2155
2020
1621
1406
2491
1637
-114
-1104
-1564
-988
415
-52
3048
3607
4803
4478
6401
5031
4259
4740
2930
5403
5376
3853
3328
3435
2876
3321
3470
1984
2359
2571
2528
1584
2152
3327
2146
4334
5418
5988
6334
5190
3624
4252
3073
2345
1405
592
478
-16
1828
3586
2184
3268
3486
1060
4473
861
2918
3839
1455
3119
184
1299
1341
-189
2426
2390
2646
2323
2107
2923
4344
2718
3893
4243
3300
5924
4744
6702
5867
4642
6477
4321
4807
6429
7470
8373
6884
6756
8797
6737
4906
6113
2227
8169
6066
4447
7820
3194
7542
6321
7064
11047
5950
8928
7054
3590
5794
2645
850
-1510
-60
-1134
1208
-1599
74
-2389
-6020
-6819
-4996
-6130
-8182
-2451
-6754
-4209
-3156
-2532
-3818
-5269
878
-8730
-3736
-6241
-7180
449
-3647
-710
775
-1603
-9
-143
-1572
-2577
-1385
-3588
-1452
-929
-3728
64
-3734
203
-580
-248
1750
962
6045
732
3442
2627
-854
967
942
2038
1490
3563
896
3576
-529
113
2886
-2182
-312
-3164
-4360
-5584
-6950
-6306
-7307
-5803
-7938
-5331
376
-492
300
-973
2242
2207
3403
-1584
756
548
-1113
4249
2607
1931
2309
835
3566
-600
5922
5655
857
5315
1025
4021
5852
-51
5069
-410
1268
2421
1059
5070
-1279
3830
997
-1288
6815
558
1430
3570
-646
5852
249
4165
4046
1114
4656
-871
3566
3426
-966
6980
781
-887
6375
-1992
2603
2052
1155
3382
-867
4410
2012
5193
5670
5110
6036
4647
7625
5073
5140
5674
5882
2911
3059
4083
3190
4215
6345
4827
1517
3723
3479
-663
4689
5248
1317
4522
87
189
1724
2700
4376
2441
2272
1088
1359
2979
1768
2672
2273
1412
3469
5052
4587
4995
3185
2859
596
3305
956
3698
2380
-3301
6143
-1415
-194
1901
-3497
3044
-1262
3107
3285
-2172
5788
-466
1840
2726
-5276
-5868
-3603
-4169
-3365
-1355
-2288
-1980
-3230
-4566
-5053
-5820
-3227
-1997
-1615
-1583
-896
-2575
-2901
-230
-2039
-2144
-3605
-3543
-4694
-4701
-2997
-4020
-3779
-4522
-5289
-5953
-5237
-4105
-3526
-4958
-3645
-5192
-4715
-2909
-3492
-2433
-4902
-4184
-6232
-6254
-5422
-8009
-7295
-7798
-5474
-5063
-4554
-5026
-6770
-6187
-6652
-4611
-4379
-5099
-3342
-4813
-4542
-5008
-6387
-5909
-6735
-4566
-5034
-5384
-1600
-2976
-4087
-4192
-3357
-2283
-3057
-3261
-4190
-3614
-2648
-1945
-1860
-717
-275
-156
-617
-438
-577
-5
67
-1098
790
1511
2733
3321
2684
1524
382
-144
599
-925
766
1521
458
128
-391
-38
596
232
582
-1155
-868
789
1393
618
3059
3934
2582
2628
2580
1590
2999
2542
3107
1143
-79
1369
948
1705
1496
2717
3713
2679
2418
2581
2463
2651
4340
4566
5068
5144
3533
2948
4218
3612
3797
3050
2118
3925
3902
4438
3335
2061
1346
1129
799
1698
3545
5024
4422
5132
5019
4269
4470
4200
2799
2408
1469
2239
1991
2476
3495
4223
5120
6290
5230
3803
3107
1532
1282
1872
482
666
59
-154
1810
1749
395
927
615
772
-900
-1566
-3030
-3234
-3153
-2374
-1800
-1745
-940
-1875
-509
-819
-876
-667
-1594
-2164
-1990
-2199
-2672
-291
1253
501
1033
1883
512
828
1418
304
272
1169
363
98
930
790
2071
3518
3011
2815
5119
3777
3733
4214
2846
2533
4069
3784
2278
1282
-579
-1318
-2685
-2604
-4518
-3668
-4078
-5094
-4676
-3754
-4937
-4073
-2715
-3148
-2520
-3370
2173
3610
3703
3595
754
261
847
1614
1782
2085
1836
2124
4744
5132
3453
2380
1187
-176
1243
3878
2598
3783
2843
1332
2645
2703
1582
43
1026
-1813
-742
-136
179
231
-458
-1295
-1320
-440
-499
-1270
-52
114
586
1737
1004
616
1448
2858
1839
2612
2872
2767
3263
2449
2353
3699
1969
1932
2948
2705
1732
2550
2894
2381
1485
658
2072
1688
940
1693
1630
3193
3337
3931
3321
1512
2570
1237
-106
-165
-1810
-1079
-1842
-4581
-1797
-644
-1764
-742
424
-322
-1595
-1593
-638
-3194
-1519
-1216
-1643
641
130
-473
1475
-37
936
666
-242
-1171
-125
1221
636
1763
91
18
1165
967
463
1275
2912
2064
909
1370
-96
907
2935
2958
3232
4253
4205
3431
-1885
-2622
-2218
-1377
-484
527
-709
-951
245
1066
2636
2143
552
1985
794
1111
1697
2653
2225
2105
1327
458
1557
2309
3967
5277
5663
6398
6268
5897
5393
5649
5156
4240
5086
5480
3776
3865
1969
1831
2228
1236
1615
1169
1686
2649
4539
4982
4255
4376
4411
5833
6373
6781
6189
5108
3764
2447
2719
1332
1636
846
769
1004
1217
2078
1344
2684
1885
1825
1687
1622
2122
2696
3864
4909
6402
5037
4006
2894
2463
811
350
1025
1450
1506
995
763
634
150
185
249
-697
-273
307
682
2115
2112
1305
1674
897
1642
2595
3408
2882
2183
1474
869
132
1792
4294
3864
2976
1884
2241
1887
2202
1534
1999
2632
1424
1371
1937
1977
3112
2968
1547
480
195
-355
782
1981
1001
1965
2353
2564
1101
1886
1817
422
475
229
-1704
-1080
-16
-611
-3756
-5265
-7487
-8894
-8045
-6793
-5894
-6536
-7112
-7139
-5746
-4270
-4313
-4863
-4655
-4390
-3086
-2317
-2197
-2540
-3403
-1040
-2173
-3634
-2742
-2187
-3534
-5844
-6120
-7170
-7177
-6195
-6082
-6334
-5745
-4420
-3513
-3518
-2250
-978
161
1181
1427
1345
2681
2333
-1062
-3322
-5269
-6628
-6820
-5089
-3762
-2378
-2883
-2769
-989
-479
163
855
735
248
-172
-97
340
-457
-2798
-3464
-3243
-2949
-1919
-3701
-3930
-2754
-3704
-3509
-2852
-1972
-66
670
478
726
-446
-804
-1273
-731
-1880
-4249
-4377
-4118
-3373
-2258
-890
147
814
442
1200
-683
-300
454
957
3026
5091
6612
6422
5356
5055
3656
2249
622
953
691
1932
3113
2439
2920
1857
1070
704
680
1534
2346
1330
1692
1284
2499
2054
2260
1840
758
1105
-811
-515
704
1619
3408
3776
2765
916
-378
83
1010
868
-881
-2600
-1680
-1087
-78
66
2530
2469
732
-165
-1508
-862
-1260
-1504
-1264
-624
966
895
-405
-1272
-1577
-344
-1307
-1494
-848
-264
260
-498
607
3022
2099
2558
1143
71
-461
-1092
-760
-1263
-1397
-2461
-1564
-683
-1034
-491
-1384
-3002
-4622
-4715
-3693
-1968
-2679
-3344
-2456
-1820
-2476
-2357
-2609
-1237
-1526
-1535
-995
355
1181
440
1094
1106
1227
-231
-1012
-322
638
5
-1774
-158
-180
-766
-1543
-2115
-2194
-4166
-5681
-7050
-7316
-6058
-5419
-4613
-3956
-4848
-5367
-5921
-5846
-5720
-6031
-5637
-4693
-1589
-9237
-1660
-4678
-3236
2295
2949
2637
6881
4343
391
4561
-4219
139
-695
-4864
-171
-1879
-997
238
-2101
369
-3029
-8161
-5335
-7386
-3832
655
-2656
4541
3725
1731
8225
76
2637
5272
-3481
3838
1594
-4341
3939
-5075
-1171
4931
-5288
5352
1359
-2190
4500
1375
1610
3105
5198
2899
7777
6783
2485
7119
165
3349
2813
117
8955
1389
3520
3444
-286
2270
-2145
-66
-1901
1317
6411
156
6262
3096
885
6371
-3376
4163
2560
1446
3777
2237
2835
-3799
2157
-4079
-342
2518
-3253
4613
2259
-985
6598
4875
2672
8641
1796
5970
4923
1979
6109
6295
5006
5993
5531
2957
6127
3753
6654
3982
2409
4984
1039
6370
4007
6259
8040
6940
7345
6240
9084
6521
8890
8562
5302
6151
2101
1283
3788
-1205
293
4795
-3877
2661
3321
-3915
4308
-1791
-6521
666
-6783
339
3320
-2468
6820
808
4771
4865
-2871
3935
201
2917
2787
1218
543
-2701
-1773
-24
-1065
313
-520
-4003
913
260
1097
6175
-2008
-916
-1320
-4871
755
-379
1112
1112
-1184
-1857
-565
-2564
-4399
-1216
-4987
40
-657
-1954
3048
-1091
-2446
-5382
-8669
-741
5615
2370
2078
617
-1244
328
-1081
-1646
-1151
22
-179
225
1757
-86
-1508
-2345
-949
-238
-1265
-1652
-3116
-4538
-741
-1408
-1718
82
-947
-2241
-2159
-3394
-3407
-2118
-419
-2817
-2090
-1721
-4554
-2874
-382
-1745
-2520
-3227
-4396
-3314
-3961
-6948
-3099
-2439
-6023
-6479
-5417
-5484
-3806
-334
978
1208
941
-3
592
1025
-430
187
2610
1118
5797
8776
8982
9180
6979
6404
4792
3856
6112
6644
7063
8942
10613
8046
5957
3197
2311
851
2453
1933
76
-79
-4600
-2551
-2292
270
2767
3548
4501
2552
3538
777
-1405
934
3582
5918
4900
3483
1160
-2981
-3823
-1869
-1917
1137
1260
1848
3618
531
519
-2661
1644
590
1574
6518
4667
2895
-1366
-2049
-5603
-4280
-2735
-460
2589
3420
3732
242
1468
2578
3557
4311
4471
4699
3402
2805
-26
-2372
-1064
621
-2101
2018
4081
3269
3900
3932
4051
5296
6166
5684
8118
6135
5189
2658
1173
1189
147
634
-625
-3
-143
-394
755
-197
3971
4999
5830
6383
6882
4747
873
-954
-1369
-1907
-2878
-1367
-1362
-2032
-1137
1375
2002
5207
5664
5156
5584
3477
3078
-87
-2172
-5587
2155
912
-948
-539
1411
1926
1544
-2438
-3274
-5027
-5458
-3375
3273
5564
5900
7594
6441
4543
1475
1614
2467
1082
294
-2600
-1262
-1432
-505
176
966
2115
2262
2973
4262
6579
6368
3980
2620
3077
580
219
1350
2897
2883
142
1841
1283
836
-2145
-745
-179
-874
1670
891
-221
-3250
-2886
-1258
-1233
-624
-264
-591
-1983
-2949
-2287
-2868
-4108
-4168
-2373
-3422
-2132
-1883
-1418
1641
1299
-570
-1733
-1765
-3247
-3737
-3578
-2243
-2444
-2660
-2095
-1722
-1739
-173
2606
3770
3224
2367
1037
-1059
-1316
-1854
-1235
-2315
-2598
-2675
-5582
-6645
-5990
-3727
-2345
-1622
-1427
-824
-3174
-2542
-425
29
-329
-679
1488
946
1618
1905
987
232
-348
-505
423
791
-1007
-3566
-5845
-5885
-1957
-821
2119
2850
2811
1905
439
887
816
1655
970
-603
-308
-1287
-3537
-1676
-566
334
-706
-465
-1014
-953
919
2754
3406
4734
3147
1949
642
-1368
616
609
2054
3319
5014
3975
463
-91
1038
1061
1791
2090
-297
-2897
-3331
-3964
-4240
-2932
-1871
359
623
2135
2141
1047
1993
1844
2999
2136
1602
1946
-1373
-1145
-3011
-1137
-1693
-447
1459
-133
1583
1237
-2705
3237
-2344
2910
400
710
-1650
3172
1484
4466
3157
451
3994
418
5458
2622
3855
4747
4592
5193
7678
4733
5644
5980
5957
6355
6127
8508
6105
7435
9434
462
8198
1700
2556
4881
4410
4222
3918
1607
4575
1772
3716
3323
5
3283
633
5849
783
5536
-1691
303
4468
-4067
7047
-3840
1370
571
2792
-1878
-441
-876
873
1518
413
671
-1314
-3648
-3403
-2806
-2011
-1592
194
901
-1445
-2945
-3143
-2600
-1757
-1074
182
1190
940
336
-242
-24
106
-819
-2066
-2609
-2197
-3137
-2302
-2024
-1528
-823
-1011
-1613
-2140
-2521
-3581
-3477
-3475
-3149
-3003
-16
-651
-629
483
906
-413
-278
1090
1865
2227
1475
2136
1132
1057
351
430
-369
-1233
-3301
-4673
-6566
-6199
-4101
-4216
-3695
-3767
-1619
-5479
-2565
-3127
-2127
-2183
-3026
-5072
-5654
-3233
-4216
-3119
-4765
-3545
-5988
-4137
-6649
-4918
-8962
-6744
-8673
-6221
-7570
-7969
-6135
-6150
-3163
-6946
-4246
-5712
-5006
-2151
-859
-824
-40
255
-847
-1817
-1503
351
-1343
-43
-3183
2145
-2122
1390
-2181
-2111
-729
-1226
1128
-1701
1999
-3313
898
-222
1070
1027
6701
3292
13732
-1173
16884
-2979
14183
-370
12434
-5268
5214
-7917
-2154
63
-5539
4508
-12173
5063
-9063
8971
830
14974
7403
12554
7364
3561
-4038
-12672
-7130
-15478
-3091
-743
-1544
3968
14138
7950
7820
22633
1597
17189
1632
-7158
-11078
-6050
-4757
-4775
7614
-9558
7134
-9732
15645
-9737
16070
-4015
8716
2033
6432
5613
-4953
6457
-13066
9115
-15705
6790
-15372
4672
-3236
9731
11595
11148
17468
10025
14583
1269
6976
-17032
-2721
-20162
-4330
-880
2878
8079
11698
18671
-596
30058
3858
15256
8986
-8174
-13272
-8306
-3307
-7593
13245
-14448
9015
-12959
10796
-3753
8714
567
-1648
-509
-5541
1848
-14187
5504
-22699
3972
-24177
-253
-22607
-785
-5752
673
7990
357
13198
-1145
13111
-6913
5565
-20108
-6989
-25804
-13990
-7952
-7728
-494
5146
11671
-8995
27247
-3651
13633
2605
-11878
-22111
-13785
-16461
-4554
10394
-14754
11244
-9644
15446
9602
17057
8139
6800
5035
5046
11960
-2464
6934
-13092
946
-20852
3084
-16314
2343
355
4675
15120
8559
15361
5850
9237
-3357
-290
-19805
-10949
-30737
-10859
-5642
-3055
10910
20160
5913
12366
18371
-261
16506
706
-16468
-18491
-13640
-20886
5801
21179
5325
-29677
-13849
-13170
21740
-1269
12170
-22270
-1764
-16168
22514
2421
12105
30504
-31031
27535
16488
17456
-23980
-8146
-9685
-25146
14955
-6294
-11397
-7328
12999
-23287
-5890
-6968
30788
-3373
-22343
-26553
-14080
10026
32197
-4819
1437
-6842
-28198
20947
13814
32146
-1971
16856
-11908
-14368
-10690
29397
654
-25057
31431
24685
-17753
16575
-15761
-12315
-1965
-31554
20031
29822
18182
-14565
-6908
15405
14176
-6606
18416
21880
-12857
23770
25660
12376
-20594
-19059
594
12417
8159
-7607
-22328
-2819
18195
28831
21161
-1068
-24284
-20678
-12729
11040
-31758
-21228
-30604
14633
-18236
-29083
25804
-27306
1112
30674
-13544
-6014
-21868
20576
3946
640
15922
-2284
19179
-12037
-23019
-19319
17801
-7557
26368
4953
-7482
19626
-7173
31395
-31707
-23555
15940
9366
29687
8400
-32546
24565
-20922
-22466
32703
-7753
610
-32712
13990
19510
3529
30596
19597
-31817
-18429
-18844
31623
16001
29439
-16247
-565
-535
-22331
17139
14948
22432
-22800
3308
7518
746
-20857
15940
4889
3225
15498
-18944
9569
31913
-26828
23638
-714
-21117
-17624
3380
7488
24520
-6002
32277
28494
2301
-18821
16406
-2773
-12653
20611
15898
-6587
2527
-7441
29870
14184
-21041
16440
-29991
15362
5788
-32059
-4536
-16846
-17990
30624
-25657
20851
15815
-26464
-9247
-8554
-1490
10753
-24432
-22121
26937
-26084
6439
3669
25638
-11892
570
5061
13391
22348
19319
4916
-25334
20927
22881
-24355
-3687
9044
14754
11502
18677
25041
-28304
-29585
-27144
-4098
20706
-2015
3632
-9261
19204
-5524
31580
27920
359
3373
31128
24170
-6071
21652
-18444
25422
29262
8731
-26259
23461
31126
-30024
13698
9995
-821
-12700
-19921
-23728
-4219
21718
-23704
-12408
-8011
11104
-22602
2130
7367
-28889
3224
-32300
32572
-32705
26455
23189
-614
-19575
9464
22542
-29796
12789
25829
9145
-22889
-32055
-26554
3907
15589
6740
4867
7160
28223
-26923
29777
669
-19460
-19035
5750
31262
-20041
-27640
29609
-29792
-26676
29464
3326
-25651
-30941
-6650
24323
-19717
-25316
24298
18301
23564
25256
28722
20337
23821
-29273
5922
-16488
15839
31866
26588
-8842
-30505
10539
-10766
-19219
28396
-29364
22685
8768
-31396
-17465
-10284
-31185
-23385
30989
3352
3951
2727
8954
2805
-18450
-10852
8296
-22393
-15382
-23557
10689
-6136
-12021
5677
11161
7300
13059
26339
-12793
-6830
-17675
13661
-18914
-20109
-6537
12037
26844
26115
21416
19864
13113
7686
5281
16702
-22164
-4037
21150
-19130
4895
22662
8674
14505
14905
15404
15191
21121
29459
30803
26699
20590
14094
16048
17932
21969
14929
16235
14003
15552
9321
-33
-7689
-7109
-5307
-4059
-12740
-22305
-32458
-32459
-25145
-19679
-18368
-20213
-27496
-24523
-22757
-24209
-19865
-24342
-22209
-17432
-8920
-1394
4926
3381
849
-319
7130
10343
21080
20381
23708
25615
30632
-31086
-29529
-31764
-32298
30394
28853
30680
29129
29539
26933
29471
27081
26499
23367
18764
13512
11484
7191
2417
-2712
-8143
-10575
-14987
-13833
-15688
-12467
-15209
-14386
-13586
-7272
-2802
2535
5582
7715
4748
1868
3029
3251
8446
14968
20338
25815
32279
-30021
-29897
31836
25048
22559
24956
27705
30961
-32612
-30996
-27653
-27702
-29056
28967
16206
8525
6434
7068
13146
14217
14250
9525
3197
-1630
-10753
-18396
-26318
-31437
-31232
-23489
-15845
-9856
-8744
-10518
-13821
-17512
-19256
-19705
-14028
-9534
2352
7047
12846
12349
10053
8675
11567
14091
22712
26999
-32647
-27424
-25334
-28404
27544
22953
19071
19272
23386
28584
-31771
-29971
32211
25081
16781
10141
3811
1312
3437
4068
4602
2377
-2910
-10182
-16887
-23894
-25780
-25711
-19436
-14299
-7098
-4597
-3962
-8812
-11080
-12635
-8420
-2904
1546
3623
3389
7650
13661
20112
23176
23425
-4835
-3213
-2410
-1614
-495
790
733
-344
-1717
-3524
-3822
-2172
308
1166
1177
2973
2812
3379
3851
3286
3179
3159
3134
1971
2706
2374
1603
235
-174
687
-290
-2881
-4909
-7694
-10736
-11481
-11514
-11011
-12136
-11708
-12660
-12267
-12248
-9575
-9384
-9732
-9172
-8300
-7453
-7501
-8435
-8596
-7803
-8201
-7172
-6994
-8202
-7850
-6220
-7498
-7809
-8852
-9820
-7265
-8391
-8885
-7468
-5350
-4382
-3176
-4280
-2844
-883
601
4059
4691
1778
-208
-81
632
1436
1698
844
-938
-676
-1943
-4618
-6249
-6490
-5809
-4739
-4684
-7656
-10987
-12167
-12285
-11626
-11740
-12300
-14687
-18058
-20463
-18358
-15647
-13746
-13029
-11329
-12310
-12389
-13271
-13624
-13621
-13952
-11921
-10032
-8195
-6383
-4318
-3293
-1572
-908
-972
-895
-925
-2033
-1964
-1051
-182
-1345
-1097
-920
-1802
-1716
-1732
-3780
-4731
-4684
-3397
-1971
-843
939
46
-2879
-6341
-10713
-11659
-11806
-10925
-8848
-8532
-8088
-8494
-7256
-6501
-8857
-11033
-10167
-7876
-5046
-2218
-1565
-2117
-1503
825
2900
4251
6339
8694
11636
12349
13608
13376
12255
11318
13147
13905
12174
11648
10086
9044
9541
9498
8741
6865
5018
3957
3481
4820
5865
5803
5287
6025
2836
4190
6428
6254
4913
3026
707
-204
233
2862
6395
9227
11745
12167
11190
9745
7204
2656
3021
3812
6207
6846
7363
6159
3808
2704
1613
1701
2426
2698
5357
7931
6359
6806
4000
1852
3885
6327
7707
9825
7255
3331
478
-3541
-4673
-2813
-124
816
2676
2617
-554
-3251
-3378
-4347
-4002
-1808
-3199
-2350
-3892
-5366
-5814
-7258
-7853
-6556
-7015
-4661
-2288
-4445
-6332
-9373
-10425
-9531
-7899
-5673
-5733
-4255
-4445
-7987
-11262
-13123
-13357
-14738
-15744
-12672
-10705
-11930
-12939
-14625
-14562
-11614
-9939
-9362
-7049
-4580
-3629
-6593
-10426
-10863
-13454
-14522
-12570
-11287
-11064
-8772
-8843
-12328
-14034
-15132
-13165
-15905
-15447
-11439
-9461
-8616
-10089
-12933
-16904
-18221
-19274
-18078
-14289
-8770
-9589
-8908
-9958
-15273
-18637
-15749
-12754
-7712
-3678
-4524
-6111
-8547
-10045
-12757
-13500
-11301
-8597
-6891
-6139
-7174
-9468
-11694
-10390
-8480
-9408
-5922
-4603
-5621
-7026
-9328
-11753
-12558
-12331
-11131
-8513
-4043
-4924
-6612
-8655
-9125
-9226
-5236
-2070
282
2964
1791
-707
-4783
-7309
-7971
-8579
-4243
1234
2555
3002
3279
297
-926
-347
1632
4504
6897
7260
6190
4669
1263
-3193
-4866
-208
2154
6439
5838
1260
-1739
-5113
-4712
-5150
-5584
-4596
-8424
-7576
-3387
-2413
1999
2761
342
-2162
-3061
-4637
-5107
-3266
-4298
-4526
-5394
-5634
-2679
769
3406
238
-1691
-2832
-5549
-5384
-5616
-4192
-2130
-5602
-4233
-2823
-2192
3074
3166
3005
-291
-3287
-1844
-1710
1179
2042
1364
2547
460
5277
5755
4664
2673
-1074
-2537
-2566
-2490
781
3801
3415
4754
-1350
-2919
-942
-1061
-1474
578
-900
-1758
-854
-2638
-3233
-2636
-3401
-4401
-3062
147
-1360
-1964
1971
1158
-1071
-155
-4897
-6430
-7519
-6028
-1871
-2402
-477
1921
-1522
2028
2262
188
-783
-4924
-8210
-10624
-9570
-8502
-5026
-1890
-2927
-2420
-980
-138
-924
1790
-79
-5177
-7172
-7623
-8808
-8177
-4694
-3919
-3569
-3751
-1489
-2162
57
2749
-1503
-3095
-4261
-6488
-5881
-4516
-4572
-2791
-2273
106
1660
1181
2943
1113
-76
461
-2457
7
1545
-93
1009
388
265
531
3713
7395
7494
5359
4251
1383
2195
2456
4876
6062
3448
4923
7274
8827
12075
11062
8339
6582
4463
6013
9014
10909
11209
8002
7319
8387
8591
10808
10481
7634
4069
2587
2367
6175
10584
9539
5294
6366
6823
6099
9590
7962
1005
632
-600
-32
91
25
-526
-69
1209
1241
3445
3666
2138
836
1063
1196
998
-302
-482
-689
-2087
-1574
-2602
-2702
-1877
-1419
-2321
-3145
-3360
-3177
-4044
-3843
-3002
-2856
-2208
-3250
-5560
-5629
-5528
-7403
-9719
-10156
-9970
-8675
-7875
-6873
-6664
-8058
-10552
-10591
-10627
-11156
-10953
-9201
-7393
-5329
-3443
-3873
-6043
-7370
-8059
-9298
-10238
-9115
-9080
-8710
-8889
-8256
-6269
-4641
-4366
-2709
-1945
-947
-2088
-3153
-3859
-5598
-7166
-6760
-6717
-6480
-6172
-6041
-5575
-4723
-4413
-5489
-4471
-5368
-7086
-7292
-6965
-7387
-6047
-5706
-3590
-4118
-4206
-4240
-5968
-6669
-6645
-6330
-5240
-4378
-5032
-4251
-4181
-4483
-3272
-1769
-2139
-1539
-1263
-2189
-1468
1187
1236
1841
2807
3660
4921
6192
7440
8450
9741
9377
9457
9687
10162
10256
10868
11924
12242
14146
16110
16863
16239
15630
15711
14825
14104
12656
11905
10544
12117
15386
16712
16758
16383
15796
16073
18226
18762
18683
17834
16150
15321
14932
16308
16205
17417
16933
16449
17336
17182
17047
14123
11833
12365
12633
11965
10993
11253
11022
9747
8091
7145
7639
7259
8232
8627
9453
9649
9941
8910
6369
4422
4203
3668
4747
-13533
-13652
-8498
-3877
-8207
-15912
-18931
-16668
-8974
-7049
-12388
-19566
-19236
-11435
-3524
-4101
-12367
-18316
-13873
-3843
-204
-5825
-14752
-16450
-8493
-1027
-530
-9103
-14817
-9348
158
6935
543
-8037
-11957
-4711
5381
5542
-2955
-9004
-7367
1579
6709
3092
-4999
-7262
-1355
6908
8597
2361
-5069
-4461
2362
10528
7484
215
-3751
-616
8254
12321
8420
2156
104
4285
-4993
-2917
-1987
-532
-555
-2379
-2682
-2897
-1295
-760
-1247
-2694
-5245
-4673
-2932
-2148
-2795
-5001
-4308
-3437
-1399
-77
-724
-2771
-3438
-2790
-2581
-1314
-1393
-3966
-4986
-2299
-644
-293
-972
-3012
-3768
-763
1225
1040
-493
-2626
-1207
700
1473
671
-880
-2268
-98
3816
4402
3729
1408
-854
-4
1013
375
138
779
2257
2749
1422
873
-149
135
1002
-219
513
-1464
-3609
-4529
-3185
-1660
-1025
-2234
-3773
-3609
-2658
-1215
-627
-565
-1364
-2261
-2929
-1966
18
1648
2012
185
-276
831
2697
3643
1440
-931
-2525
-1208
2770
3056
1150
-1161
-836
1802
3150
2641
12
-2407
406
3250
6111
4982
3315
3926
4981
7253
7374
4952
2256
3461
5865
5162
3980
1757
2674
4599
7815
8183
6926
-5564
-4975
-2408
-1400
-3982
-6277
-6748
-4693
-2252
-4034
-7239
-8111
-8093
-5810
-5214
-7902
-10173
-10978
-8828
-7335
-8757
-11478
-11528
-12597
-8094
-7412
-9394
-10277
-10069
-10606
-7882
-6771
-6675
-6597
-8069
-5762
-2798
-4758
-6637
-6866
-8993
-2871
-17
-2190
-4534
-4671
-3392
3153
2049
-1412
-5032
-3679
568
5907
1824
-87
-1161
1896
7452
7659
2157
-110
-1826
2892
4911
1343
-1838
-1517
826
5144
5506
324
-130
-1341
1493
2935
876
-1261
-1066
-2430
1850
-67
-600
1138
-2412
-2593
3385
2150
1796
624
-6165
-3531
-1057
-1847
-2266
-3945
-7662
-598
-1213
-480
-3261
-10453
-9345
710
-536
-308
-4276
-8586
-782
4038
1582
-560
-6337
-3924
7842
6291
-1023
-4857
-8509
-194
8594
917
-3517
-7343
-4727
7102
7413
155
-724
-2570
4747
10543
2039
1074
773
529
10889
8448
1032
6010
2202
7542
11041
3953
2769
4922
876
6824
3167
-1730
1502
490
-726
4922
537
4460
6506
190
4138
6856
3112
7159
2419
-3866
5550
4368
4623
4467
-4694
-1595
7118
1377
4372
-852
-6750
5117
6443
1081
3091
-3462
561
11149
6271
5334
4385
2346
10626
11867
3325
6017
1285
5322
4998
4858
6184
8596
6596
8356
6772
4750
5750
7832
8303
2111
2234
3103
4090
9997
6341
-428
-478
2120
7703
10749
4416
-2418
897
2927
10071
3368
1436
-3304
2592
8480
7824
-1406
-1671
-1416
4885
11642
5378
-1306
-18
14
8723
7067
-317
-5848
-3545
1266
8297
4625
-1914
-6995
-5109
3629
3013
3643
-2804
-5151
-201
4171
2212
3361
-3081
-2479
1561
6573
2510
3729
875
2312
1819
4938
7422
5729
2541
4031
1296
6781
5355
5642
1808
-43
2670
6494
5387
7801
3132
3261
4858
7750
5642
4800
1156
1746
5873
3676
7125
1886
4072
4747
7656
9768
7915
4468
4303
10980
12852
14953
12690
6864
10245
10873
14756
12537
11930
8401
11160
12779
13435
11821
4751
5026
8871
8959
9688
9884
4701
5485
8352
7049
3540
4425
-1429
283
2884
6099
67
-815
-558
-332
6029
4530
3161
-4766
-3490
-1790
1422
1378
-1582
-6096
-1440
-612
1333
-286
-987
-4065
-1366
1339
3047
-586
-4052
-5891
-4502
-650
600
-4805
-6632
-6867
-5161
-1101
-633
-3896
-3319
-2514
-2941
2646
136
-723
-251
-2925
1524
1378
2450
928
-732
1213
-858
4188
3102
-221
-1083
4683
-7080
-7303
-11316
-7322
-3661
-2862
-3807
-7938
-9840
-5090
-4094
-3421
-4397
-6079
-3719
-4113
-3111
-5955
-4344
-4700
-1009
-1966
-2097
-7442
-4951
-6801
-4004
-5917
-6266
-8483
-4279
-3636
-2527
-5552
-7839
-8084
-5246
-5900
-6475
-8203
-7107
-4769
-704
-236
-647
-2823
-1729
852
1870
2007
-1717
-1211
-34
3045
2685
2978
1543
1229
4155
2820
3765
1688
1339
886
1866
2845
4789
3332
3546
3982
1881
3225
4884
4754
3841
2842
2246
1740
3725
2292
1147
1300
2221
2661
5423
3732
5500
3388
1520
3698
3665
2325
1620
1321
888
2016
4485
3275
3120
2136
2773
2871
2388
2213
1634
3755
3440
4735
5148
3821
4444
4241
5551
6872
6092
2303
3023
1705
3018
2585
-199
-3511
-4469
-2746
892
-810
-2462
-6594
-6039
-5263
-3539
-4858
-5619
-9901
-10130
-8154
-4820
-4877
-6107
-7901
-9384
-7030
-6341
-5353
-6751
-7400
-6298
-4785
-3006
-2035
-4393
-5412
-6350
-6848
-6210
-7277
-8281
-10408
-8737
-7726
-8803
-11857
-11171
-12666
-10302
-8124
-8491
-10197
-8740
-7306
-7092
-7299
-8319
-9370
-9543
-9505
-8488
-8823
-8784
-7103
-8099
-6398
-5988
-6444
-6092
-6111
-5720
-6334
-6277
-5031
-4089
-3487
1931
2251
1703
1339
691
-184
969
2252
3928
3032
2220
3140
2670
2556
3693
3085
2539
3590
4374
3522
3036
1875
2315
1538
2989
2731
1223
9
136
944
-4
437
-352
-1876
-2126
-1252
-1292
-1566
-1758
-1993
-1717
-1077
-2083
-2407
-922
25
823
-37
-822
-1093
-1317
-1357
-2743
-2586
-1640
-1074
-1322
544
30
-443
-663
-1594
339
1332
-8547
-8775
-7746
-7888
-8058
-8102
-8184
-7837
-7941
-8718
-8552
-8593
-8389
-9302
-9675
-7767
-7228
-6133
-5982
-4936
-5520
-7390
-6854
-6404
-6465
-5003
-5832
-5974
-6869
-7292
-7222
-6894
-6281
-6225
-6563
-8286
-9248
-9695
-10286
-9806
-9101
-8557
-9331
-9913
-9939
-9100
-8457
-8120
-7359
-7211
-7440
-7230
-7780
-8411
-8143
-7952
-7950
-5657
-4572
-2504
-2817
-2867
-2516
-2188
-2521
-2809
-2464
-2357
-1877
-1135
-1352
-1372
-1395
-1373
-1080
-592
-2120
-1387
-381
-1144
-2255
-2310
-3312
-3785
-2433
-4136
-5563
-6223
-5314
-4983
-5085
-2614
-788
-2812
-3404
-2322
-2587
-3910
-4611
-4844
-4753
-3003
-1496
-1735
-2186
-3621
-3910
-3168
-1352
-668
-1100
-749
-1503
-2530
-2580
-2183
-1553
-1291
-1641
264
439
2
-756
-1410
-1352
-2780
-4261
-3668
5908
6001
6694
6651
6488
5895
5078
4492
5581
5778
6430
6534
5540
4245
5409
4344
3332
4500
3948
2696
3652
3623
5448
6845
6625
6633
6188
4890
4381
5442
4790
3914
3793
4087
3980
2663
2044
500
-104
-518
-1524
-1249
-802
1265
1766
2238
2770
3936
4757
5203
4054
4041
3990
3936
3209
1675
277
845
196
861
1363
1826
1676
1326
322
-1032
-2037
-1317
-2289
-3725
-2196
-1842
-1159
-1489
-2239
-3125
-3490
-1864
-1382
-1872
-505
928
-1120
-475
-257
-949
-774
-638
-2008
-1586
-1607
-2088
-1718
-2532
-3016
-1596
-2579
-3147
-1878
-1862
-1492
394
429
-2700
-1824
-2171
-1911
-1898
-2007
-3119
-4595
-3432
-2908
-2924
-2948
-3642
-5519
-6163
-5540
-4347
-5514
-5829
-5453
-6225
-5741
-4014
-3954
-5582
-5904
-5127
-5427
-4566
-5055
-4637
-3877
-4348
-4183
-3890
-3943
-3893
-4109
-5648
-6371
-5911
-7116
-7326
-7138
-6857
-6271
-6641
-6140
-6928
-6971
-6767
-8023
-9113
-10294
-10990
-11310
-11117
-9622
-8647
-8364
-8368
-8405
-9475
-9103
-9254
-9439
-9626
-9445
-11490
-11028
-10934
-10491
-9758
-9973
-10926
-9963
-9605
-10030
-8170
-7299
-7246
-6525
-7454
-8114
-6562
-3846
-3000
-1185
-914
-1192
-1136
-3516
-3797
-3063
-1603
-22
439
930
508
669
1504
1327
686
1091
-70
-429
-890
477
753
549
-1067
-1454
-1802
-2971
-3031
-3396
-2427
-2623
-2338
-2113
-3752
-3804
-4122
-3799
-1652
-968
-1487
-3069
-2507
-2631
-1449
-2658
-3414
-4333
-4685
-3466
-3386
-1772
-603
-236
-1830
-1289
-1778
-1734
278
797
-1737
-681
635
964
-473
356
2280
-1475
-1891
-2473
-3296
-3672
-3031
-3305
-5301
-5595
-5293
-7108
-8253
-10081
-11960
-13530
-14958
-16629
-16691
-18134
-18584
-18983
-20545
-21826
-23379
-23197
-24402
-24918
-26152
-24592
-24418
-25211
-24829
-24988
-24325
-24590
-25427
-24732
-23409
-21752
-21630
-20727
-19843
-18017
-15774
-15400
-14026
-11490
-10373
-7245
-7341
-6933
-6072
-4408
-3465
-1696
-883
290
1974
1699
3943
5828
6996
7401
7177
7766
9847
9866
10415
10219
9491
9243
9241
9753
9980
9889
9581
8399
7476
6333
6563
6293
5338
6063
3576
2471
-775
-1717
-2617
-4668
-4559
-4645
-5264
-5493
-5880
-6605
-8752
-10331
-11593
-13501
-13236
-13112
-14395
-15416
-17638
-18986
-18347
-17484
-17928
-17892
-18505
-18845
-18610
-19203
-19810
-20225
-20395
-21409
-21878
-21919
-21801
-21301
-22026
-21088
-19935
-18830
-17562
-17513
-18752
1180
1391
974
2312
3355
3359
3927
2909
1885
2422
550
393
1005
968
3119
4578
4922
4947
4839
4549
5628
5479
4745
5491
5879
5632
4539
4764
3517
4595
5410
5980
6931
7642
7837
7547
6961
5924
6163
6365
6121
6032
5646
5029
4322
4865
4540
4489
3694
4349
5644
4833
5477
5224
5063
3478
4532
6088
5234
7516
5031
4138
3103
2417
2926
3373
3613
1210
1300
1809
787
1463
2313
2402
2557
2521
2194
3230
4268
3441
2513
1965
1162
1201
1859
2277
699
1129
1014
-1427
-1082
766
941
-12
482
-738
-1494
-2160
-2858
-3619
-3858
-3295
-3629
-3444
-3747
-3248
-2707
-1842
-1655
-3657
-3988
-4130
-5187
-3987
-2673
-2068
-3439
-3371
-3928
-5905
-5285
-3607
-3712
-5755
-4180
-3689
-5871
-4818
-3381
-4144
-4231
-3267
-2992
-3681
-3180
-1956
-3484
-4677
-3167
-2714
-2344
-1000
303
-883
-1027
789
-928
-2970
-734
-604
-1226
-311
1199
78
124
-545
-2067
-518
1135
1637
1233
2125
3092
512
1032
2449
2292
2183
4712
5710
5996
7179
8247
6046
4817
5757
5523
3263
3644
4673
2746
964
1974
1814
1125
2701
2357
1430
1941
3042
928
211
5153
5601
4700
6270
8692
7598
7412
7555
5765
4920
5379
5940
5545
5186
5776
4733
5200
6273
6353
5761
4860
5254
4592
3625
4069
2660
105
1272
1858
1676
730
42
593
1293
901
1324
603
1503
2086
820
2880
3090
3057
1777
254
-618
-1667
-1244
-1517
-242
1197
667
658
2261
2959
3164
3431
3036
3931
3708
5260
5278
4508
5012
4474
4020
3375
2076
1024
1073
533
20
-321
-37
816
-541
-1339
-1216
-1944
-2298
-2001
-1223
-3145
-3157
-3075
-4108
-3273
-2469
-2933
-3785
-4985
-4878
-5108
-3548
-2339
-2722
-1641
160
1459
1341
1816
2454
4656
4427
4036
4098
2755
2788
3097
2729
2453
1470
2082
2586
2100
2618
2369
1933
2522
2953
3240
3357
3476
2381
2928
2871
1524
1849
2329
3574
4441
4466
4561
3916
3579
2348
3343
4615
3474
5048
6086
4211
4603
5508
6041
3590
4672
6725
5252
5390
6620
6109
6603
6584
6096
6540
6634
6589
6689
6322
4725
6120
5942
4525
6037
5853
5645
5163
5254
5298
3544
3431
4595
3277
2960
3070
2799
4102
5980
6663
8222
7667
7707
7059
6582
7745
6895
6279
7354
7191
7154
8464
3442
4999
6014
5759
5207
5274
5087
4978
5500
5758
5623
5285
4616
4975
6336
4889
5455
5499
5423
4942
6025
7785
8197
7985
7778
7462
5194
4834
4943
3340
4360
5703
5095
4812
5554
6795
6131
6348
7040
6534
6687
7595
6223
5796
6791
6199
5725
7020
6821
6490
6311
5635
4835
5261
4743
3785
4765
4611
4273
3473
3080
3245
2586
3314
4512
4083
4040
5630
6073
5259
6609
7623
6391
6241
5426
4152
5360
6331
7116
7099
7037
6553
6589
8006
10170
11265
11808
13482
14693
17187
20332
23705
24018
26512
30303
-32263
-28724
-26202
-26107
-25945
-25704
-24093
-21027
-19734
-19931
-19505
-19524
-20039
-18589
-16460
-18133
-20708
-20402
-20303
-22271
-23711
-25926
-29019
-30526
-32444
28851
25006
21921
18833
13866
10738
7131
2707
1050
-1233
-3167
-7877
-11357
-15706
-19656
-21445
-23412
-25746
-26944
-29226
-31436
32344
32252
31023
29945
29084
28830
28788
28007
29246
29501
29850
28692
30208
31365
31880
-32211
-31904
-31153
-29566
-28252
-27202
-24533
-22707
-20405
-18480
-17781
-16372
-15381
-11589
-9474
-7531
-7373
-6798
-5580
-5356
-4689
-3450
-3064
-2461
-1502
-261
3399
3462
3458
2850
933
2131
1820
1026
722
1001
5395
5928
6706
9046
10080
9566
10307
9707
10433
11393
11030
10767
10587
10462
10472
12428
11314
12262
13291
13204
13507
15032
13946
12312
12207
10508
9972
10255
8817
8762
9545
11687
11314
11170
13276
13116
13160
14316
14500
14673
16384
15969
15969
16015
15760
14630
15260
15237
15589
15172
15050
16065
13735
13758
16830
13444
16522
18718
12939
18104
18905
13188
16049
14632
-1086
756
-795
-1697
-1514
-2553
-1729
-1432
-2391
-3191
-3352
-2906
-3528
-3406
-3285
-2994
-3087
-2540
-3096
-4869
-6042
-6227
-5475
-3759
-4272
-5883
-5304
-3580
-4251
-3595
-2332
-1649
-2077
-2268
-980
-201
102
287
697
369
1430
1328
597
128
-1531
-983
-1721
-861
-58
1455
58
-1192
-2003
-3320
-2897
-1966
-1520
-1691
-1119
-1203
-1405
-2331
-1813
-1368
-3424
-2331
-3266
-3741
-3453
-4480
-2770
-1853
476
739
830
1172
557
1101
352
508
175
598
294
-495
-1166
-3368
-3822
-2027
-2263
-1945
-565
-1516
-1149
-44
1146
840
1644
258
205
614
1403
1503
1592
1407
1266
1512
1300
11
-1597
-1712
-1479
-1307
-598
-49
-530
-2779
-4578
-4448
-4444
-3648
-4681
-4439
-5217
-5591
-5056
-5500
-5751
-5043
-17426
-16328
-16256
-19377
-16481
-15610
-12811
-10770
-12250
-8856
-14235
-13816
-8723
-10892
-9016
-3502
-10587
-10049
-5468
-8934
-9314
-3796
-5459
-7369
-2042
-3695
-6126
-2834
-2300
-3628
-1680
-1709
-1900
-137
299
1467
1032
-86
3126
3393
2639
5303
2016
3242
2932
2846
3923
4315
3438
5294
2867
3294
4769
4018
7304
9640
8441
9067
11500
7020
8997
9107
6211
8109
7392
6984
8367
8402
7252
8911
4825
5570
7727
4393
4443
5426
2055
2904
2557
775
465
-1097
106
-1048
-974
3509
-1764
-4320
1652
-2449
-3978
1607
-861
-3318
-495
1281
619
2222
3615
3545
1986
4081
4934
2666
3805
4285
3158
1535
2072
3422
3292
3260
4847
2923
1875
5032
2261
191
4478
2418
148
4904
5817
2923
4102
4410
2150
2775
3903
4048
2916
1766
2787
574
509
3206
-441
-1741
3000
3209
1179
3686
2208
627
-533
486
610
-2109
1119
2470
-627
1757
4341
483
1349
4127
-643
-2889
2704
-322
-1521
1247
350
-1078
-1067
136
107
-234
985
4536
2044
2937
6241
1744
3245
5898
2043
2010
4222
2768
1525
600
3455
1132
-2401
1885
2089
-2635
1259
4701
-3543
-282
8203
6171
5947
5042
5397
6656
7658
8237
8320
6793
5420
6323
5497
4429
4634
3392
2993
3602
3100
2519
1878
1382
887
1602
1369
1864
1086
-1227
-1559
-1972
-2835
-2732
-2992
-2802
-723
-14
-897
-489
-978
-1642
-749
146
-308
-508
-635
-2728
-3923
-3540
-4145
-4851
-5344
-5985
-5138
-6262
-6537
-5617
-7118
-7777
-6829
-7305
-7597
-7414
-6939
-7361
8008
7403
7286
7678
9245
9067
9085
8719
9037
9809
11604
11897
11023
11755
11706
12701
14050
12526
10116
11660
10921
11371
13296
13240
12181
11987
12176
10405
9633
8476
8980
9293
11287
12207
10876
11170
9468
8364
7679
8054
7367
7281
6976
6445
6757
7111
8291
9417
8227
8888
9196
7951
7778
7481
6066
4842
5314
3529
2943
2688
1549
339
-205
-853
-917
-1007
-205
737
-46
129
326
352
81
1742
2184
838
1262
434
-1460
-1448
-116
-1286
-1824
-1695
-2407
-1292
-1200
-2306
-2655
-3269
-784
-211
-945
-666
-1224
-1328
-1567
-3295
-3312
-1778
-2744
-1779
-1938
-2285
-2626
-3567
-3802
-3795
-3885
-3267
-3159
-4087
-4099
-2585
-2796
-3407
-1627
255
-752
1094
2149
466
1567
3163
3073
4619
6443
5919
-23744
-20390
-23693
-23167
-20128
-23029
-14463
-2999
-6791
-9459
-14543
-21501
-23016
-16803
-14794
-20803
-20443
-28598
-31909
-15031
-3677
1465
3613
-1146
-7584
2372
-97
-11988
-15266
-22566
-15901
-3680
-4137
-7637
-10059
-5863
6059
20286
17032
3969
-9154
-14666
-6872
1406
4514
-2149
-11627
-15477
-16155
-2606
11293
15113
13637
7146
-766
3061
9274
-650
-4747
-7886
-12141
-1377
4289
-770
-8826
-2345
1129
700
-3183
-8503
-12309
-8486
-2489
-1901
-1621
-6690
-12623
-10796
-3262
-1431
-320
1754
160
-3831
-2804
-3757
-7692
-3700
2283
-680
-3613
-5111
-8487
-2081
9338
6366
-1632
-2329
-250
6818
11698
5632
-9175
-14784
-6980
1163
7412
9507
2500
-4464
-3797
-68
3887
7016
8727
3909
-1869
-2567
-3932
-5699
3860
3697
-3148
-2869
-462
2944
13886
19496
10795
1624
2884
5247
9849
15212
8302
-5533
-5341
1303
5907
19622
20218
9255
4328
4770
1457
7826
20874
16628
7900
4094
-9270
-10507
7461
16461
10300
6894
195
-2680
17950
27617
14794
6327
4469
4076
15816
20935
5945
-7073
-6091
1019
15143
29011
28854
14393
11239
13385
13728
21695
19348
6843
439
-4111
-8719
4817
16681
16195
15755
11015
5155
17761
26880
21634
-726
-5690
-16400
-25598
-23930
-7178
6158
2366
-461
-8763
-12464
-8008
-6096
-4040
-6194
-14598
-21943
-29343
-26419
-15195
-7821
-2407
-7092
-19634
-16913
-6894
4290
10529
-4266
-22549
-27034
-22326
-11754
-7544
-17607
-26152
-25058
-16069
-2785
2171
-2661
-10482
-16044
-16286
-11844
-6722
-8622
-16162
-25046
-29739
-23495
-12189
-4455
-3803
-9382
-16410
-17072
-5391
5127
6357
-3646
-15770
-23206
-17414
-5402
-3667
-8200
-13384
-15364
-5160
8596
11463
10346
3778
-1981
3423
8236
8296
11738
5575
-4189
-4514
-3632
3567
15049
17923
16474
13946
13077
18882
24177
27091
22638
10634
3646
3034
10600
18049
15422
7911
5165
6428
15263
25685
25321
21656
14052
9094
10133
12869
15587
12899
8678
2945
919
5493
12203
18572
23027
18674
12584
11984
13814
19074
20847
14948
6074
933
3568
10076
12203
10227
4169
1607
6117
14915
21353
18809
9890
3783
4944
9076
14792
12761
2729
-2568
-2249
2553
10843
13386
9226
3255
3262
7293
11349
13097
7971
-113
-3572
-1501
2206
3584
-119
-1949
464
2694
9449
10261
7415
6846
7892
7150
5153
3384
1374
-528
-1278
-2331
-3966
-849
4557
8801
9560
4601
1307
4755
10809
16144
14079
6078
-3842
-6887
-12382
-7372
6740
3326
-1365
-21585
-31347
-12647
2810
7721
-3962
-25157
-20660
5362
17583
15340
-7653
-23447
-9263
6564
10079
6317
-11955
-14647
4217
13678
22824
8330
-7738
1462
7114
12693
7216
-16791
-9754
8453
14652
26441
7114
-1773
18651
19306
23315
11334
-18862
-7603
13656
23406
31829
5356
-3210
16143
28979
-24679
27551
-1815
-4688
6573
16285
27215
10359
-372
2983
15515
-5085
-6501
10469
20579
5168
-9507
-22607
-19406
14167
17933
-3207
-17476
-28145
-2337
24067
17533
2027
-12047
-12306
13374
13595
-886
-11256
-18211
3041
19864
20165
4385
-7004
4768
14764
21157
8564
-12311
-6770
12595
10426
12651
7996
8283
29281
26418
10164
914
-10182
8286
32116
15418
3461
-14629
-13468
22086
29395
18509
3472
-13732
384
19855
14380
9255
-10190
-7716
8641
10019
9545
-2546
-13144
3960
4580
5912
3129
-13846
-5592
6487
-1204
-567
-7335
-2837
15486
6498
-8917
-19822
-25000
1470
16126
1983
-8290
-27312
-18601
15795
22114
7318
-15890
-31202
-15427
11002
8768
-8420
-26286
-24533
-6164
11687
8442
-5780
-16853
-5737
4229
10130
2787
-20176
-24886
-6441
-3727
1656
-11447
-20077
-5688
3179
-1457
-7552
-25053
-17385
2488
-1298
-2459
-23239
-29182
-6565
-13897
5223
17708
11239
-3128
-14331
-9197
16644
27671
19657
3821
-7624
-467
14489
19181
13261
7745
2886
12598
28771
23881
23484
26241
19079
26955
20477
10491
19763
31426
23681
27545
18272
20627
-21578
-20958
-32017
23674
12340
23245
-18435
-23650
26652
14089
11441
-30239
-9832
-20628
-31908
16940
16445
-30704
-22915
-32673
24847
14543
18517
-24731
-25218
31534
-30340
26879
30655
30795
15791
16189
25200
23625
26870
20951
10154
24978
-32319
27895
18490
-2231
-4907
13593
25288
15605
2934
-13925
-7338
17615
22488
13704
-965
-17118
-7494
5112
3325
-3426
-14387
-21046
-6625
657
-4310
5406
-3229
-6137
-6725
-16886
-21129
-3153
-5652
-1265
-6731
-17832
-6462
6230
1585
-170
-14684
-23091
-9081
2509
2958
-2645
-15276
-14694
5556
16463
14498
7492
-9194
-1897
9777
13262
12781
6127
-4568
5200
15743
14699
23436
17380
12196
12110
5114
1981
13566
13633
11569
9696
5699
15228
23981
19019
11151
-2827
-6087
4457
11546
10549
719
-9436
-7347
5209
14182
9869
-2524
-12419
-12188
-5148
1620
-792
-8940
-11650
-10774
-5201
-3384
1126
-1752
-4701
-8777
-18442
-19840
-10646
-7252
-8518
-13083
-13457
-3508
4346
-1735
-9691
-20274
-21254
-11329
-9941
-15046
-23111
-29381
-28335
-28036
-17889
-19343
-19027
-16430
-26977
25543
28438
-29117
-15422
-10332
-20714
30057
30876
-23053
-9241
-8157
-21085
31874
28264
-21041
-8006
-14202
-22986
-29130
-26944
-8888
-1442
-11060
-14843
-10830
-10913
-2295
-2980
-7545
-733
5973
1840
-2920
-3238
2501
18112
25577
11683
-1715
2381
16367
-27930
-24937
20650
1565
2160
19612
-26367
-24792
21545
7012
11395
-32682
-17368
-23885
23894
16070
-5851
10540
16100
996
-10476
-7870
-10437
-10952
-6494
961
13427
17244
-2042
-16370
-17075
-4085
16715
17305
-3284
-25035
-27676
-9210
14703
16822
-3829
-20656
-18642
-2192
16782
12207
-8939
-21939
-19253
-6988
8007
5070
-4736
-9684
-17004
-23346
-16354
-10909
-722
2862
-10264
-24130
-26468
-16310
-456
6072
-8880
-28827
30277
-25268
-8905
-2049
-12935
-27658
-27819
-22940
-7710
-7103
-18603
-22304
-28335
-28036
-17889
-19343
-19027
-16430
-26977
25543
28438
-29117
-15422
-10332
-20714
30057
30876
-23053
-9241
-8157
-21085
31874
28264
-21041
-8006
-14202
-22986
-29130
-26944
-8888
-1442
-11060
-14843
-10830
-10913
-2295
-2980
-7545
-733
5973
1840
-2920
-3238
2501
18112
25577
11683
-1715
2381
16367
-27930
-24937
20650
1565
2160
19612
-26367
-24792
21545
7012
11395
-32682
-17368
-23885
23894
16070
-4743
-6097
-6552
-7038
-7484
-7311
-9089
-6816
-5048
-3799
-2107
-5141
-3814
-2445
-286
45
1433
1275
3177
1862
3329
5223
6707
4384
7035
6589
6233
6550
7501
7486
7895
7787
8522
8808
7710
7129
7288
6240
5466
5375
3784
1741
-1118
-126
-1251
-3158
-7375
-9019
-5629
-5861
-3493
-6199
-8095
-9180
-10862
-8235
-12639
-12528
-12604
-14182
-11713
-9500
-10733
-7213
-4691
-6972
-4002
-1255
-687
1006
3064
855
4099
2743
1891
3768
2989
3228
3805
1869
3809
2242
3802
6882
3305
2619
3756
1084
5575
8191
7319
6457
4388
5902
9120
10529
10787
9986
7232
10812
12791
16243
16887
16174
16104
17995
20523
19983
18997
17779
17285
14657
16752
16874
15158
19189
18546
20989
18967
14472
14725
14705
14882
16803
14049
11371
10109
9728
12954
11828
7905
6586
7380
4484
5282
5435
4506
4081
1530
486
-3537
-5363
-6036
-10726
-10674
-15268
-15271
-17394
-16820
-19488
-19792
-19560
-22463
-23404
-24823
-27948
-28657
-28741
-30729
-31782
32368
32539
-31690
-30259
-27564
-28886
-28671
-25963
-23178
-20696
-19674
-18833
-17642
-14676
-13328
-10799
-11363
-10119
-9313
-7664
-4847
-5698
-4497
-4305
-4893
-4106
-2558
-3934
-3449
-2606
-3204
-1499
10828
10649
11577
13655
14883
16152
16556
16473
16629
17996
18339
16913
17343
17842
18640
19316
17922
17426
18207
16258
16806
16494
13847
13032
14353
14514
12170
8144
8428
10328
12395
10700
5760
4026
6418
8611
6792
813
-2339
-123
3512
1407
-2909
-4893
-2800
68
-2127
-7608
-10592
-8001
-4117
-5074
-8176
-9652
-8795
-5284
-4430
-5632
-5683
-3386
-1797
-2194
-3859
-5280
10095
10721
9998
8974
8917
10303
9666
9586
8955
8624
7746
8603
9723
9305
9483
7927
6459
7426
7586
4975
5090
4701
3145
3522
3299
3297
1746
355
-441
-1398
-1577
-3357
-3870
-4651
-5814
-5752
-6245
-5879
-5557
-5013
-5628
-6124
-6761
-6551
-5463
-6455
-6954
-6599
-6356
-6803
-5132
-4956
-6520
-6890
-7167
-5612
-2767
-1466
-338
-1056
-1098
-1255
-148
-367
617
608
-691
216
933
1461
4782
6671
7134
7935
7897
8367
7854
9478
8503
7810
9659
10378
9667
9510
10706
11909
10170
11583
10952
9996
11218
10433
11270
9685
8985
6593
5582
4854
6188
5314
4729
3914
1256
1117
-356
-927
-517
-2992
-2219
-3936
-6707
-8853
-9063
-7896
-8358
-10267
-11323
-13166
-13712
-12758
-14784
-15837
-16404
-16745
-18175
-17243
-17673
-18785
9314
8411
7761
9762
11444
11614
9555
10208
9948
9867
8676
7066
5787
6947
7747
9640
8742
6666
5392
6653
7201
6201
6008
6618
6948
7161
7218
4916
5376
7466
6561
5649
4284
4866
6259
5464
3760
3154
4925
5418
3910
1915
2264
3749
3472
2434
1747
2991
3254
3308
846
2080
4020
4805
4106
3203
4902
6764
5878
4216
3166
4889
6164
4467
3303
2507
3735
5901
3816
1615
1443
1473
1229
-1368
-1362
-2371
-386
-1192
-2558
-3823
-3308
-4658
-3892
-5817
-4566
-6149
-6627
-6335
-5495
-6074
-5261
-6836
-6803
-6122
-6301
-8178
-8192
-8237
-8291
-9095
-10699
-11678
-10320
-9277
-9196
-10669
-10317
-10059
-8475
-9251
-9978
-10223
-8938
-9493
-10072
-11009
-10723
-11058
-11505
-12103
-11679
-11459
-12472
-12822
-11695
-11808
-11201
-11123
-10461
-9324
-7446
-7389
-7141
-6722
-6535
-5837
-4598
-4443
-3226
-2145
-1236
-1730
-939
-594
763
59
108
-86
40
-43
501
2164
2639
2044
1000
1131
2950
3451
3788
2533
5017
5906
6770
6268
5801
4537
7093
7158
6083
4901
6897
7292
7569
6689
6555
7760
9548
8420
9205
10061
11853
10149
9905
8937
9094
7845
7010
5654
5814
5848
7533
7498
-1820
-1343
45
542
177
1068
2126
4119
4807
7118
6237
9466
10454
10268
10859
10625
10879
9525
8727
8179
7451
6984
6341
5259
3699
1938
1340
622
-1838
-3072
-1218
-2684
-1733
-398
-521
273
206
2198
2123
1602
6186
7942
9049
6932
8636
10200
5719
7947
8934
5351
8070
9003
9264
10371
10838
11198
10229
8803
9284
8849
8234
9885
11560
11744
2079
1963
2006
3606
3081
3892
4929
3851
1174
1827
2104
2116
1948
1531
2304
3955
4409
4068
5106
5785
5861
7511
6782
7034
7906
8149
10589
9843
11979
14040
14406
13303
12415
13072
13717
14489
16668
15780
13656
13094
11907
10733
7407
7708
6049
6901
4496
4731
5628
3240
2364
1280
-1139
-1495
-1473
-2729
-3234
-3281
-3310
-4107
-4090
-4216
-3777
-3465
-1820
-1343
45
542
177
1068
2126
4119
4807
7118
6237
9466
10454
10268
10859
10625
10879
9525
8727
8179
7451
6984
6341
5259
3699
1938
1340
622
-1838
-3072
-1218
-2684
-1733
-398
-521
273
206
2198
2123
1602
6186
7942
9049
6932
8636
10200
5719
7947
8934
5351
8070
9003
9264
10371
10838
11198
10229
8803
9284
8849
8234
9885
11560
11744
7057
7602
6781
5859
6822
6009
4689
4517
4884
5296
5751
3918
3213
3310
4397
4097
5250
5674
6121
6735
7370
8953
9259
8596
10275
10253
9273
8352
7562
6233
5751
5708
6006
4736
4323
4404
4066
3793
3254
3580
3036
3012
5348
5165
4028
3998
3198
3808
4329
4759
5576
6826
7779
7817
7835
8146
8711
8574
8008
6788
6699
6112
5871
4410
3518
2974
3149
3639
4178
5048
6974
4986
6989
6428
6392
7677
7404
7629
7124
6423
5432
5474
4441
4130
4961
4266
3932
4768
3405
2485
1345
1650
1590
2561
3423
3174
3120
3828
4234
4247
2555
1300
2597
2652
4112
3637
5130
3119
2003
1706
1826
2800
3986
4313
3683
5776
6030
8145
7450
6388
6926
7043
7728
8796
9686
8419
8598
7662
6631
6978
6574
6687
4753
3889
4241
4153
3931
2885
1521
1197
282
-579
-1262
-1728
-2192
-2501
-1662
-2401
-3091
-1685
-1079
-1041
-501
-547
-65
243
1073
705
180
715
1146
1402
233
289
665
154
383
-162
-1605
-3029
-4046
-4418
-4343
-4815
-5254
-6393
-5282
-5016
-5151
-4468
-4124
-4439
-6305
-7395
-8632
-10091
-10062
-11558
-12199
-13167
-12458
-12598
8259
9733
10997
10586
9539
9247
9127
9224
8785
8782
9539
8903
8194
7865
9469
9157
8621
9593
9552
11258
13048
13236
13917
13465
14219
13887
12903
14427
13956
12668
13116
13491
13495
14162
14939
15524
15379
16739
16899
17527
18039
18510
17883
17807
18436
18581
18224
17860
18925
19817
19454
20166
19697
19603
19498
18738
18356
18265
19019
18703
19543
19353
19255
18859
-4925
-5272
-5504
-6046
-7365
-7397
-6644
-7336
-8002
-8391
-9170
-8852
-9894
-10675
-11211
-11820
-11599
-11944
-11435
-11657
-11179
-10486
-8763
-8744
-8299
-7816
-8805
-8527
-8615
-9991
-10117
-9331
-8617
-8451
-8524
-8101
-7487
-7640
-7912
-7636
-7699
-6934
-7601
-7484
-7246
-7517
-7624
-7758
-7311
-7504
-7594
-6241
-6085
-6456
-7404
-7663
-7252
-8108
-7876
-7159
-5930
-5518
-3929
-4451
-4808
-4564
-5646
-5925
-5649
-4295
-4658
-5602
-5874
-4746
-4592
-5907
-4951
-3859
-4108
-4506
-4994
-5686
-6825
-6222
-6369
-5879
-7029
-6949
-7680
-9074
-9426
-8942
-9253
-10121
-10601
-11501
-11374
-11217
-11622
-12569
-12692
-12735
-11581
-10294
-10452
-10680
-10982
-9635
-9433
-9564
-8620
-9400
-10529
-11409
-10798
-10033
-11124
-11259
-10300
-9834
-10889
-10062
-8352
-10205
-9284
-9550
-10814
-11575
-1500
-2665
-3298
-2168
-961
-950
-583
-1037
-1053
-1361
-1564
-1453
-1176
-1629
-2349
-3898
-3980
-4556
-4654
-4353
-4182
-3281
-3436
-2924
-2023
-3009
-2714
-3396
-3849
-4362
-4211
-4117
-4386
-4600
-3961
-4963
-5141
-3990
-3719
-3024
-1288
-844
-933
32
-1508
-1733
-369
-976
-51
35
-135
-284
-945
-958
-965
-2276
-3317
-2737
-3713
-3618
-2888
-1713
-1085
-1958
-1588
-2245
-2900
-2370
-2349
-3307
-4808
-4439
-5222
-4870
-4906
-4800
-4062
-4093
-4821
-5623
-6625
-6903
-7260
-7375
-7132
-7848
-7806
-6506
-5353
-3933
-3548
-2975
-2937
-2557
-676
-11
-481
-55
-404
-1492
-804
-1596
-2646
-1773
-897
-285
-506
495
284
470
219
1008
1967
2046
1883
2120
3475
4943
5189
5449
6059
5321
4411
4814
5175
4294
2048
2419
2746
2936
3305
1970
706
13
56
1433
1496
525
598
1335
1734
2259
2294
2730
3077
3505
2914
2191
2227
1586
2193
2354
2306
2281
2161
2439
2406
1446
298
-462
-180
-45
135
-85
15
-758
-349
-999
-785
-889
-1068
-1661
336
1166
630
785
869
948
741
1832
3182
2782
2350
2542
1760
1943
2682
2584
3631
2240
2650
3296
286
-353
-470
-1821
-2905
-3046
-3177
-1812
-2425
-3784
-3543
-3910
-4387
-5035
-5357
-5988
-5400
-4442
-3455
-1480
-1527
-1240
-1588
-1067
-1435
-2034
-2497
-4369
-3911
-3561
-4513
-5263
-4684
-3595
-4071
-3771
-3593
-3661
-2437
-1605
-1147
-2727
-5195
-4846
-4326
-4006
-3749
-3437
-4570
-5689
-4905
-3569
-3724
-5219
-6296
-8077
-7632
-6870
-7266
-6433
-8149
-8173
-6123
-4744
-981
-1103
-863
-893
-1067
-341
437
-654
-2201
-3124
-4134
-4682
-4193
-4368
-3749
-2935
-2622
-2112
-2344
-2666
-2700
-3331
-2482
-3115
-4031
-2575
-2115
-2570
-2700
-2631
-3419
-2886
-3698
-2874
-1631
-2235
-2411
-3622
-3675
-4645
-4577
-3287
-1995
-1601
-2341
-2274
-1606
-799
-2
665
-591
-1155
-389
-492
-768
-304
770
1038
569
-101
356
291
426
555
286
-353
-470
-1821
-2905
-3046
-3177
-1812
-2425
-3784
-3543
-3910
-4387
-5035
-5357
-5988
-5400
-4442
-3455
-1480
-1527
-1240
-1588
-1067
-1435
-2034
-2497
-4369
-3911
-3561
-4513
-5263
-4684
-3595
-4071
-3771
-3593
-3661
-2437
-1605
-1147
-2727
-5195
-4846
-4326
-4006
-3749
-3437
-4570
-5689
-4905
-3569
-3724
-5219
-6296
-8077
-7632
-6870
-7266
-6433
-8149
-8173
-6123
-4744
955
897
176
-414
111
425
1422
2470
2895
2154
1890
1746
1306
3092
3814
4238
4726
5219
6687
6150
5017
4772
3556
4032
3915
3966
3849
3318
4173
2822
3197
3257
2207
2206
736
1714
2201
1290
1682
1475
935
1303
1470
64
-881
-1861
-2258
-1065
-918
-934
-2115
-2534
-4289
-5623
-5221
-5559
-5091
-4567
-4334
-4236
-3353
-2665
-2717
-3855
-2943
-2476
-3707
-4362
-3780
-3735
-4813
-5349
-6769
-7704
-8825
-8548
-8648
-8068
-6413
-7539
-8031
-9410
-9976
-9680
-9338
-8834
-8657
-8879
-8300
-7553
-8505
-9608
-10279
-10246
-10771
-9498
-9087
-9609
-9031
-8403
-8331
-8602
-8902
-8507
-9058
-7675
-6426
-7159
-8295
-7874
-8666
-8055
-7886
-6634
-5601
-5459
-6538
-6981
-6344
-5680
-6176
-6251
-6026
-7208
-6229
-4202
-4480
-3795
-4575
-5744
-6368
-5910
-6421
-7688
-7324
-7975
-8108
-7839
-7313
-7369
-6025
-5246
-4826
-4206
-3264
-3958
-4998
-5553
-5550
-5049
-4720
-4972
-4365
-4412
-3775
-4908
-6690
-7056
-7362
-7745
-7106
-6095
-6542
-7480
-7934
-8412
-8436
-6764
-6219
-5832
-4767
-4343
-3137
-2019
-2474
-3635
-4996
-4713
-4143
-3535
-3099
-3163
-4152
-5051
-5618
-5085
-5129
-6094
-5802
-6065
-5990
-4435
12485
13320
13598
14324
14424
13989
14676
13945
12899
12862
12627
11632
12428
12684
11996
12356
12144
11933
11447
11504
10672
10904
11244
10456
9338
9370
11298
11761
11849
11187
9835
9860
10878
9591
8570
9036
8902
9794
10541
10446
10042
9204
8532
9656
9581
9716
10040
8624
7400
8353
8297
7964
9150
9241
10249
10236
10657
11026
10354
9253
8600
8335
6706
7224
-7494
-8164
-7633
-6230
-4937
-4055
-4034
-4495
-4692
-5850
-5620
-5705
-5531
-5610
-5362
-4285
-4355
-3750
-3205
-3598
-2988
-3081
-3286
-3139
-3183
-2576
-3829
-3252
-3289
-3706
-3388
-2832
-2136
-1860
-1743
-1765
-1072
-844
-509
722
385
-863
-897
-1915
-1550
-1584
-2073
-3284
-3897
-4536
-3990
-3181
-3095
-3897
-5400
-5580
-5625
-5773
-4837
-3454
-3924
-2308
-2038
-1852
-1659
-108
-957
-2014
-265
1018
573
2620
4140
4512
4028
3706
2843
1568
1562
2578
2801
3353
5179
6217
6705
8005
8443
8156
7209
7331
7227
6801
6941
6658
6145
6486
6625
6422
6629
6631
6984
6203
6810
6859
7095
6852
5526
5796
5039
4557
4772
4236
4052
3930
4571
3311
1562
2315
1657
1095
1919
2527
1143
1560
1434
2360
3383
3282
1255
3046
4668
4636
4173
3601
2370
1066
1188
1245
1714
2550
3424
3393
3512
2247
1946
2437
1184
1482
1424
1770
2454
2601
1872
849
-798
-185
1594
29
-402
1059
1566
3271
2138
1862
2247
3453
4078
5377
5324
5595
5284
3939
4120
4205
4334
5654
6453
5537
7308
8704
6736
5725
4511
1473
-181
362
751
2581
5078
4482
2798
2476
2775
2646
3410
4070
4579
5255
3573
5445
5185
4171
3934
5153
4813
5631
7455
5706
5375
6273
4709
5337
4857
4554
3780
4121
3620
3084
3371
3682
2761
2566
2574
3034
2600
2261
4062
4201
4227
5096
4425
4642
4921
4564
5210
4969
4134
4439
5221
4357
4239
4378
4844
3968
4009
3761
2843
3187
1575
1499
2479
2415
1039
-280
102
128
-1010
-961
-1710
-1633
-1602
-2354
-2857
-1924
-2027
-976
-82
-812
-339
1448
2444
2382
1998
582
443
667
374
1271
2735
3748
4561
5442
5892
5043
5403
5123
3898
1961
1516
1556
523
878
433
432
595
-1914
-1669
-1341
-3109
-2766
-2321
3
-639
-1154
-2543
-2575
-2903
-3023
-3069
-3986
-5031
-4980
-5617
-5404
-5647
-5024
-5798
-7070
-7966
-6843
-1348
-1391
-4321
-395
-977
-420
-1051
-488
-2010
-1832
-900
2185
-355
2613
1795
2447
48
989
-48
2386
1140
4099
2611
6371
5938
7414
7311
8669
7150
9694
7117
7495
8359
7615
7634
9999
6257
8190
6442
7035
9173
8245
7240
6340
6219
7969
6442
5493
5258
2714
2598
2445
2976
2436
3097
2867
2476
1640
2341
805
3570
584
-2037
-4849
-1440
-574
-2205
-409
703
1258
1817
3839
1635
1036
238
-1632
-807
-854
469
1031
-183
422
494
-88
-145
-2141
131
-1122
-1321
-337
-1171
-2309
-2949
-961
-1584
-2440
1096
-994
1767
53
808
1033
-1055
-852
234
-157
1792
178
1506
1357
8
-779
-225
370
103
1587
724
2248
-57
1863
-776
104
-774
-396
-582
-273
-839
-505
-1348
-1391
-4321
-395
-977
-420
-1051
-488
-2010
-1832
-900
2185
-355
2613
1795
2447
48
989
-48
2386
1140
4099
2611
6371
5938
7414
7311
8669
7150
9694
7117
7495
8359
7615
7634
9999
6257
8190
6442
7035
9173
8245
7240
6340
6219
7969
6442
5493
5258
2714
2598
2445
2976
2436
3097
2867
2476
1640
2341
805
3570
584
-2037
-4849
501
2749
-310
-3011
-1219
-841
-1958
-1811
-365
-2213
843
1392
502
-603
-2166
-2475
-1533
-1613
-956
-29
98
-233
-442
-2742
-2273
-2509
-2959
-1855
-3298
-2258
-5857
-5642
-5426
-5797
-4994
-4012
-6057
-7760
-8564
-9715
-7998
-8160
-7575
-8167
-7369
-6505
-3929
-5601
-4625
-6500
-7106
-5921
-4639
-2683
-1317
-3294
-893
-2434
-3121
-2407
-2185
-2920
-1132
1039
436
1408
1002
-215
903
1001
181
1882
2220
2036
2946
792
2724
2896
1379
722
899
664
2463
2574
2321
1385
2569
2228
2499
3198
3453
2702
2748
1483
552
-1016
-983
1099
-968
52
736
-223
881
1482
820
1706
120
2673
1685
747
2032
2231
-29
1169
3565
3139
2596
142
3505
21
2841
2479
1673
2909
-189
-795
-605
-1407
269
-37
-1903
-1289
-207
-233
-222
133
-1416
-3844
-2006
-3147
-1349
-633
-1620
-3271
-1374
648
-249
-775
797
-214
32
-349
-8
458
2017
4170
3987
5630
6905
4954
4898
4576
2449
2393
208
2087
1414
1043
2627
3102
3684
2657
1861
3840
-111
1921
288
935
-528
1849
-617
492
684
1761
194
2295
257
2691
2178
1030
357
-1012
-2617
-4346
-2833
-3119
-2669
-3767
-3852
-4775
-2914
-2889
-3399
-3829
-2948
-3103
-2004
-3096
-3816
-3174
-4423
-4234
-4022
-5068
-3664
-3427
-476
-1953
-3804
-3770
-3194
-3779
-1528
-1386
-1943
-885
-1807
-2727
-4207
-5890
-5251
-5697
-6810
-6594
-6973
-4592
-4904
-4463
-4905
-6026
-6030
-5657
-7649
-7851
-7692
-7245
-7764
-6035
-6540
-6435
-7241
-9061
-8217
-8370
-8543
-8336
1360
2870
3256
2387
2227
1390
213
2479
2368
233
2456
911
1196
1762
2452
2574
3851
4477
4060
4725
5698
4044
4897
3160
3267
2728
358
1968
2186
2598
4368
2498
4325
5929
1865
3235
2483
2028
3918
1786
2728
3810
3574
5626
3075
2938
2867
-294
432
135
-1855
-1506
-2417
-3875
-2109
-1719
-905
1056
361
446
406
353
-1101
139
-876
128
-287
-1145
-591
-1152
-1481
-198
-1110
590
1460
-180
1215
-1081
-1609
-830
-1964
-2848
-1194
-1457
-566
1976
-208
1397
740
806
139
784
27
870
-328
-859
1077
154
-222
-908
-2029
-2450
-1770
482
4069
5575
3768
2621
398
1401
1436
1680
1899
-14
3591
3785
4711
4704
2579
3526
1224
445
235
-844
-243
-649
2319
1777
3805
3278
1640
1952
2354
690
684
2440
3137
3559
5188
3575
4229
3407
2246
1659
3535
1488
3558
3026
1522
5064
6200
6876
7265
5623
5387
7681
5349
5401
5134
3828
3439
4550
3928
6394
4879
4840
5198
3242
3528
2311
1358
1366
1059
1218
2646
1978
1466
1041
332
1004
1093
2031
2518
3576
5101
5196
3535
4950
3560
2369
239
286
-347
396
818
1139
-74
-199
-145
794
940
-50
-98
-396
-1143
-317
1132
2526
1697
1912
1350
2829
3607
3619
3366
4689
3648
3661
3581
3875
1753
3614
3207
3341
2611
3663
3289
4611
2953
4519
2895
4071
4223
4220
1888
3031
1678
550
699
40
547
130
257
1382
1582
1621
-312
1577
-104
886
2521
2132
4530
4820
3751
3643
2925
1770
3347
2481
3174
3767
2842
3415
2419
1087
2687
2033
780
-28
1546
573
990
931
1089
-282
1126
195
199
95
2630
762
671
-286
-812
-1044
-970
-1575
-1190
-372
-1151
-645
460
605
566
237
3339
895
2836
2611
2165
2099
1573
-209
470
13
1355
736
508
913
845
1143
602
-24
-392
415
1638
2911
3011
3975
-32332
-13912
-4793
3970
6083
348
-7610
-24894
22830
11162
8631
15430
28332
-26112
31492
25115
2037
-10911
-17919
-21990
-22369
-25979
-32531
32628
-22674
-20154
-7924
-1650
425
-7412
-17250
28217
11250
-4553
-11394
-9608
-5569
6187
20074
-26399
-1235
21118
-31927
-27476
29935
20015
7791
-3461
-15574
-21788
-25397
-21056
-11314
-2021
13301
32693
-11898
-2028
6891
2955
-2284
-12758
-18789
-29725
32734
27257
-31516
30789
18525
6723
-19188
-28187
-30538
-18393
-12416
-11663
-21994
-25825
-24328
-17749
-7469
-3551
-7791
-13393
-23417
29246
17039
1102
-5910
-3521
5000
19547
-28903
-18462
197
19620
-31776
-19893
-24751
22305
11211
-120
-14182
-18982
-25997
-26953
-20511
-8772
2366
22397
-27254
-10458
10519
14045
11193
-3896
-17969
-27016
-29093
32665
-26365
22222
6170
-17442
29521
27526
32286
-17193
-8395
-4882
-11824
-16580
-24566
-22141
-16243
-8151
-7296
-14211
-26331
23425
7042
-1066
-2062
5408
22239
-29464
-16228
-9601
2083
10513
29193
-26709
-24777
30192
8833
-8754
-23669
-23769
-22311
-18643
-14972
-1946
6159
22465
-30877
-18007
-9238
-3823
-1804
-5913
-19164
28808
21105
18142
-30387
-31048
27995
3080
-27247
25543
27964
-24386
-9293
1200
-7109
-13656
-27001
-31956
-31418
-26397
-20887
-14717
-10716
-18768
-20489
-21318
-13124
2213
21363
32650
-26909
-17888
-7787
-19703
29108
16693
2912
-15912
-29592
26716
21202
29717
-20700
-8352
5951
16942
20778
23034
18306
2372
-9259
-17760
-28754
28518
22354
18176
28933
-16688
-1445
5491
9470
10000
12952
18887
20855
18593
16294
13523
8603
8150
12588
8624
4369
2410
-1840
-6773
-3160
-5608
-13259
-8316
-606
-3853
-2884
-3022
-7971
-10330
10530
-4950
-29903
26214
-19967
5583
8612
-793
-14831
-16576
6684
-31418
-28846
26775
12908
-354
-2928
-4256
-20124
29965
32468
-15143
13136
-31410
-27937
-32725
-29030
-9246
-19051
16729
-16356
24806
17449
-18101
28
-2382
-6328
9458
22655
-28575
25237
-5331
-28385
-25586
-23888
-30369
19575
3670
9951
-30857
-9447
-6610
-4886
-5428
-4
9687
8193
-9983
-18123
-21213
-16365
-9195
-3440
-5941
-98
6533
13798
18613
22783
16424
17380
15206
5745
-7850
-14778
-22479
-21580
-15409
-3999
4094
17631
31378
-22261
-18936
-6559
-15919
17376
-4749
-18637
-32321
-29982
-21225
-20418
-13227
8120
22825
28507
21803
3791
-7662
-6163
-8706
-24404
20266
6407
8549
22128
-22907
-10852
-3400
6251
13124
17092
20008
15458
4726
-8110
-19698
-19444
-13125
-510
10332
21555
25374
25369
25398
26250
20867
4469
3220
-24
-1828
-6153
-11993
-12486
-9929
-7455
-9831
-6916
-1091
-1756
2650
7689
9710
12726
14611
19163
21597
27549
28537
23699
28925
19324
9058
10840
2822
-11134
-16549
-19334
-20398
-24043
-28993
-19987
-9352
-14317
-6622
4958
-305
-3927
2882
5653
-6887
-10498
-2749
-4228
-6309
-7456
-1838
3013
-1166
3313
10953
13268
14768
16677
22028
17047
11633
14113
5530
-6382
-3676
-5149
-9624
-11062
-7493
-5753
-5589
1822
8269
12731
10690
16758
28525
-30870
-29016
26873
-24386
-31504
15418
17729
14664
-4558
-10851
-14179
-12962
-20604
-27605
-17137
-8235
-17791
-9769
3798
-4213
-8481
-3017
-4958
-13514
-20788
-20671
-16473
-27097
-28607
-15808
-21559
-24800
-8603
-3414
-3265
4970
7608
14502
12115
7223
11176
2300
-4153
-166
-3813
-6467
-3404
-5502
-2509
-1203
-39
10205
14358
13387
25806
27524
-30450
25829
25190
25051
3837
-411
4759
-11852
-17571
-21559
-15994
-10582
-22260
-14568
3440
-7864
-5815
11393
4994
-4607
-6517
-11458
-17160
-26798
-30946
-23234
31925
26228
-23004
-23098
-24841
-8825
-2145
1543
9017
11948
15880
4780
993
6463
-9840
-15205
-8389
-17448
-15853
-6554
-6884
-559
5778
6378
16622
21921
25211
-29230
-25506
-18549
22669
26430
14465
-12322
-7412
5943
10948
7895
4098
-6946
-10791
-5369
-61
5626
7916
2882
2251
-4528
-3965
-492
-9778
-11562
-3648
4589
13970
22186
14167
7977
-969
-3632
-3226
-5429
262
11777
14762
19150
14796
12469
6675
-1756
-2729
-3552
724
11073
15663
9247
4325
-553
5868
5626
753
-3036
-6701
-797
8966
9841
-645
-12352
-15838
-10462
-6953
-4961
-3137
983
4564
17219
22338
18116
-8009
21957
24173
22356
21868
-18994
26684
11517
-24445
7375
16164
-32172
10869
32233
15374
6588
8907
15142
24462
11455
-3965
-11837
-14612
-16103
3281
-3586
-7557
-18767
-17320
-3188
19433
19086
8707
-9953
-11689
1534
260
-6385
-16589
-30928
-25604
-12160
-2990
10832
12276
13285
17569
16743
11818
-3741
-8576
-5331
-2729
-5166
-7359
-7925
-11097
-9990
-8092
1331
4008
6356
439
3408
4460
11267
5985
1165
-5362
-20028
28875
-27329
-18334
-8137
-970
15235
27658
11997
-1998
-5099
-11300
-25152
-19992
-18231
-7558
7805
13746
8283
-747
-12235
-24383
-23316
-23222
-20792
-9714
3511
3538
4647
2995
697
1469
1147
5403
-1538
-5361
-590
-2770
-5177
-7418
-7936
-8149
-3343
4868
4248
-112
-4638
203
-3501
-15779
-13100
-5968
-209
4216
7098
15502
13131
12747
11710
-4676
-4065
-3924
-3574
-3143
-3625
-1576
-2636
-4589
-4814
-3408
-197
4348
4593
4817
3830
2124
1874
330
-2069
-3706
-4659
-5453
-4466
-1701
388
-1713
-906
-1192
-1277
-386
439
-10
1511
249
432
-1899
-2633
-771
-1314
-4099
-5583
-5127
-5021
-3762
-1370
-1649
-3883
-3610
-4249
-4453
-5966
-6075
-8272
-9684
-7490
-6943
-7610
-6074
-5545
-4403
-3850
-4552
-3119
-395
1285
3276
1652
1812
1572
-817
232
-491
-822
-274
269
2015
5431
8659
8076
8436
6817
6260
5170
4091
3431
3335
2016
1302
2703
371
-1587
-2698
-4632
-3997
-2290
-1142
1087
2797
2696
3312
3157
957
-755
-51
601
1644
3059
2266
3046
1720
1652
1443
-786
-596
-323
1148
3291
4285
4065
4461
3471
1404
-412
-2161
-4132
-3503
-2501
-1136
1038
1592
1806
1724
362
-1135
-1669
-3352
-3250
-502
1444
152
-1281
-2114
-1883
-2848
-2464
-2505
-2582
-542
1397
3090
3100
4506
6361
3532
3560
1566
-159
-488
-1198
-392
374
1270
3749
1652
190
776
2535
4127
4195
3699
3981
5399
4982
5536
4054
2760
3360
2365
3083
5532
6122
7169
7562
4183
1375
3188
3407
5172
8040
10188
11148
-2538
-2471
-3246
-4208
-3926
-4296
-2783
-3610
-3545
-3027
-3234
-3693
-3208
-3246
-3827
-3192
-4366
-2527
-1191
-1660
-1155
-2722
-2271
-1044
-1310
999
1392
886
510
348
-422
-1532
-1482
-1203
-1250
-1381
-1190
-1380
-1756
-1151
-790
-660
-456
-1571
-962
-784
-270
483
190
-744
-658
-1705
-1792
-2124
-1631
299
478
117
188
-1072
-1353
-2023
-1467
-2198
-337
382
602
2288
1864
1462
527
-168
-436
959
908
262
1615
341
111
860
492
686
2065
629
-1816
-831
681
-465
-202
293
-530
-1085
-1026
-1060
-3481
-3833
-2985
-2581
-3857
-2946
-2802
-2712
-1702
-340
-667
-370
673
268
-483
-143
1029
357
52
111
1103
1972
3268
4340
4151
3845
2717
885
-66
-318
304
934
2718
2651
2823
3159
4240
4579
4036
3983
3619
5021
5212
4145
5298
5483
5126
5830
5568
6063
5550
5665
5268
4751
3477
1837
3158
3656
4741
5463
5448
3424
1426
941
465
554
1402
1182
618
466
315
1052
218
361
20
-1691
-1237
-533
-912
-336
-1632
-2522
-2132
-2895
-1630
-256
-975
192
884
-269
-1054
-508
-1510
-1749
-3115
-4118
-4478
-2648
237
1330
833
1692
2173
2568
2625
2110
1625
1928
2161
1087
-161
306
1078
626
-1078
-2180
-1798
-63
1115
2133
2340
1960
485
-75
128
1380
1132
-298
1232
346
-1293
-1929
-735
-239
-1191
-781
-3093
-4314
-5380
-4235
-3806
-3716
-2536
-2612
-1268
-1182
-326
1618
1408
694
328
903
1387
1825
1632
405
-1110
-2433
-1331
-1054
-745
-1158
-1359
-1378
-2119
-2688
-2862
-2957
-3625
-2921
-3507
-2047
-1526
-1734
-899
-693
-1636
-881
-401
-512
-279
-515
-244
-56
-370
-230
-245
-781
-161
-926
-1392
653
1132
23
-163
-855
-626
-1091
-2498
-1989
-2355
-2583
-5216
-5990
-6139
-6927
-6701
-5841
-4718
-4821
-4394
-4372
-4630
-3975
-2155
-762
-1540
-1916
-2405
-2723
-3775
-3893
-3974
-5033
-5304
-5112
-6359
-6634
-5519
-5536
-5780
-4948
-4227
-4848
-4200
-4932
-4287
-3899
-3538
-3666
-3319
-2189
-1400
30
1672
1447
1949
3129
3805
4110
4084
3541
1158
407
580
-77
2322
3206
2347
3025
4559
5339
4943
4978
3793
1354
-161
-27
441
1596
1845
1100
1417
1296
2474
2564
2559
2549
2316
1646
3731
4457
2855
2975
3165
3578
3373
3262
4718
2895
-1326
5449
2687
257
-1112
3971
1648
-2259
4443
1626
159
272
2924
4521
1135
3907
6361
1142
450
2761
3863
795
97
5298
-3523
-666
1951
-669
-2947
-3700
709
-833
-4661
4333
655
-855
3583
919
3028
444
2068
3924
858
3220
3528
1229
3570
3590
5221
2120
2710
3493
80
-711
423
889
-1441
1303
3023
2267
1102
-849
182
-4916
237
-653
-44
-614
-328
-197
-559
-381
-2692
-3140
-1422
-1450
-2147
-4208
-4384
-5650
-5944
-3884
-4987
-7133
-4542
-5822
-7390
-7299
-6703
-3926
-4167
-3392
-1768
-3457
-3997
-4063
-3208
-1397
-592
524
-191
-1172
-1067
-1210
-1206
-1216
-864
-563
-627
367
-133
246
196
-2187
-1165
-656
-1342
-1266
-2177
-1129
-1567
-582
282
-232
752
544
1137
2632
604
530
3011
1449
3146
1061
2431
2673
523
2912
-129
91
3064
-371
3191
662
2140
3908
16
3639
1354
-1039
525
224
417
-179
-428
1444
-1412
1550
3251
3068
4952
3250
4236
3756
2018
3680
2279
54
1498
755
1094
-226
2049
2227
1046
1746
652
-75
-610
1266
3933
-280
-428
3842
1088
4067
6042
7441
6464
5110
4879
5896
-1063
-2932
-1514
-834
1321
3624
6334
5686
4996
5836
3361
-2467
-3983
-3395
-4626
-4158
-3837
-4278
-3625
-593
-350
1270
4119
4949
4146
4584
3785
2798
397
-554
-4141
-4999
-4497
-3033
-1800
639
1611
2416
3320
1265
914
-855
-1733
-3711
-3272
-1882
-1747
-1575
-933
-1548
508
2055
3440
4461
6767
7658
9551
11623
11439
11446
10589
9005
8352
9244
7794
7588
5953
7123
4278
3358
3406
1337
1496
1461
-1769
-1023
-1404
-5743
-7986
-9459
-14971
-21210
31856
29526
-23270
-22938
-13508
-5912
3995
5185
12007
13848
17867
12522
7909
8099
6127
2871
3718
1816
4194
10363
14270
16563
20002
21808
21873
18543
12135
11126
8792
3486
-1276
-6394
-10201
-12966
-13103
-9699
-8340
-6717
-1446
1259
-1796
-3404
-4327
-3964
-9791
-12007
-10635
-7632
-8223
-3842
2101
6536
10145
15676
20119
19135
16741
18724
14684
9380
10313
7818
2069
1314
69
-2813
-2472
1191
945
2567
4106
3343
3278
3723
-1717
691
-2412
-7274
-3963
-4802
-10764
-3106
-2369
-4318
-2012
-1636
569
-4977
-5948
-771
-3654
-5233
-4048
-4755
-5513
-7582
-4979
-4128
-8825
-7094
-7352
-6950
-7340
-7365
-2683
-4105
-6123
-1668
-1400
-3485
1704
3631
1724
1392
1600
-751
-906
-233
324
-1908
-2349
-2832
-3348
-3517
-2513
-3049
-2956
-3624
-4599
-3727
-2846
-1302
-2194
-3582
-4321
-6340
-5657
-6544
-6666
-4733
-4585
-4505
-3660
-2969
-1745
-3277
-2022
-8
-1321
-1836
-2286
-1570
-2118
-3668
-1826
-150
-382
2300
1114
1192
2430
1003
2078
1303
1333
1320
1617
3179
1253
300
-673
-1903
697
-752
1105
1304
-2114
656
-304
-2842
879
-901
1497
1819
2170
6138
3964
5318
5758
6103
7935
5451
5006
6306
1517
1517
1977
-308
2122
2964
4244
5213
3120
4040
1316
-1374
-180
-2406
-894
-1008
-2310
-1737
-2201
947
291
2488
2513
2963
2448
1185
2410
2498
1104
3961
3982
3452
5442
2509
3427
890
-471
-408
601
462
-863
1202
1599
2352
4287
3538
2374
1107
65
196
-1520
-1383
-1352
-56
-183
862
3264
4133
1040
1074
2679
803
1524
678
-140
1613
-259
1685
495
199
-139
208
2079
721
1922
1854
118
-946
-1369
-612
-5163
-4493
-5036
-6011
-5329
-5177
-4914
-2983
-5751
-5183
-3529
-4519
-4201
-3361
-5387
-5202
-6788
-5565
-6071
-5624
-3998
-3429
-3396
-1666
-1715
-2183
-3777
-3601
-1706
-1738
-2145
-2551
-2869
-2926
-3675
-2021
-1695
-2305
-2610
-3292
-3094
-1684
-1126
-2746
-3952
-3014
-2298
-2462
-3272
-3395
-2702
-3391
-3376
-2725
-3145
-3696
-4092
-2816
-3164
-3330
-2615
-3437
-2283
-741
-1336
-701
-1775
-2106
-2219
-913
11
-1306
-527
-1160
-1901
-1215
-46
-124
358
-197
14
2055
2950
2950
2918
2088
2675
1749
2879
2621
784
308
197
32
336
1337
803
673
-84
-1657
183
1952
2044
-85
181
362
1093
1629
1802
1106
783
733
2314
2937
3078
2929
2628
1966
1634
1487
1968
1454
-148
-1875
-2176
-301
1293
1856
-640
-334
543
-2417
-2828
601
1734
1164
-398
-1070
948
1522
1866
2838
2532
1338
517
441
2697
2345
2183
3022
1690
640
1938
2367
1994
1502
1305
1116
403
125
-1218
-587
-73
-177
324
-348
-1009
888
952
1593
2000
1005
1683
1762
184
-881
-1669
-1333
-1056
-574
-188
881
77
647
-474
-2021
-615
-239
535
465
-610
-691
-1212
-1108
-94
597
394
1046
744
-424
70
451
508
878
3171
4932
4679
3147
1442
31
553
1956
3434
3961
3909
4182
2209
1639
3247
2351
-1570
-1598
-1795
-1069
-1821
-2036
-2713
-3078
-3594
-3514
-2588
-2932
-2424
-3325
-2182
-632
-1397
-558
-1251
-1480
477
1307
-34
281
-94
-408
-77
-797
-1033
-1762
-2348
-2779
-2723
-1330
104
-768
-609
329
-927
-1807
-2529
-3827
-3229
-3670
-3697
-1490
-1006
-1613
-1671
-519
179
860
2158
1583
-912
-3286
-2976
-2319
-1790
-616
-750
-795
-526
1859
-923
-1130
-922
-1198
-2285
-1522
-789
74
258
2475
3723
3874
4814
4313
3242
1684
1201
165
386
764
2883
4092
3891
4167
3308
1804
1441
708
1001
1374
2187
4258
3302
1905
-468
-398
-422
-842
-449
911
1414
2170
2880
2873
2587
2677
1627
961
1508
2682
1485
1597
3263
2865
3024
3028
1774
2556
3153
4040
2692
2043
3382
4576
4849
4121
2175
185
-1415
-1422
-608
-914
-22
-603
-784
-482
-2852
-4227
-3639
-4680
-3604
-1107
-1589
-1527
76
462
21
-101
-310
90
1530
1798
3103
3555
3250
2222
1976
1718
932
-121
-461
-783
-833
-321
664
1314
2371
2159
1647
1813
2170
-228
-428
200
1799
3082
4428
6078
6172
5912
4530
3793
3074
1000
490
637
1279
2439
5117
5208
5912
5438
5457
5589
5836
4333
3815
3703
2855
3506
3844
3640
3885
2490
1998
2772
3557
2781
3286
4250
4978
5758
5402
5750
4585
3706
3094
1253
2152
1690
2148
1207
500
-154
34
32
-467
747
1792
2113
1876
2328
2201
2039
1547
375
2
-110
1571
3940
3910
3383
1463
47
-1288
-1108
-130
-495
-1342
-1761
-1968
-2518
-2842
-2841
-3522
-3324
-2958
-1988
-1873
-1135
-2088
-1873
-2400
-1514
-1318
-2700
-2668
-2297
-2103
-1376
-1848
-2062
-3029
-3749
-3303
-2701
-2942
-2352
-681
-84
-145
-1040
-863
124
-299
-496
-1467
-1174
-1178
-511
-1861
-1756
-1044
-929
-1051
-654
-2061
-3222
-1924
-1569
-379
-504
-589
-232
-1170
-1129
-1510
-2105
-1718
-308
573
1146
1651
631
638
598
822
2
-1769
-1591
273
561
312
-962
-1891
-2632
-2771
-3772
-4172
-3953
-4708
-4039
-3186
-4297
-3631
-3047
-2825
-2639
-2788
-3116
-3792
-2971
-3041
-3373
-2120
-889
-2019
-1931
-2387
-2052
-1662
-1430
-1195
-894
-1954
-2817
-3281
-3208
-2814
-3036
-3874
-3724
-3415
-3215
-3230
-2783
-3189
-4701
-3415
-2487
-1750
-923
-797
-2576
-1366
-888
-2653
-2125
-3317
-4113
-2634
-4647
-1757
-3491
-1414
-1410
-982
-2559
-2791
-455
-300
-23
898
-1614
-1498
-828
493
3487
2664
2908
78
-364
-677
2557
3620
4053
2425
-767
-338
-1915
881
-488
2537
281
614
-518
831
2736
-518
2214
-973
-1977
-1474
123
889
1683
-984
224
-1501
1041
1464
2660
2284
367
-798
-2882
-267
1133
3040
1122
-1
-2756
-2974
-801
-2200
-2832
-3896
-4844
-4934
-3990
-4221
-5507
-6338
-7350
-7545
-7311
-7236
-4990
-5057
-6907
-6191
-6285
-6396
-5721
-4976
-5059
-4709
-4768
-5324
-3717
-1935
-2517
-2071
-4312
-4821
-5262
-4830
-4661
-5134
-5468
-5327
-4850
-3080
-3953
-1781
-1756
-2821
-2119
-3567
-2279
-1179
-315
855
265
739
-355
-1227
259
-657
-1250
-600
-3731
-2084
-1486
-218
-195
-783
-1034
-717
-548
1035
349
1952
-49
1349
1625
2506
1150
1001
-643
-145
177
101
1858
-1347
-962
595
471
1021
185
-230
-1361
-1165
-1125
-494
468
-223
-1719
-159
-1145
-1055
-3505
-1411
-3031
-3215
-3157
-2850
-3087
-1987
-1460
-468
-573
-1071
1415
1405
1532
731
-1100
-664
-4045
-1891
-958
-2469
-1309
-1944
-2539
-1117
-3596
-282
-1432
-239
204
1483
1833
1647
1234
1333
380
978
1016
442
496
1932
1392
1534
2604
3376
3571
3484
3990
3785
5133
6229
6528
4982
5045
5212
5420
5320
4969
4298
2789
2003
1591
1174
1862
1290
1531
1217
686
-95
-357
1177
2930
2875
2509
937
902
482
-456
-2154
-2103
-2865
-2795
-1997
-1820
-2896
-3170
-3760
-3942
-4069
-3425
-3687
-2265
-2757
-1240
64
728
35
46
368
1825
817
1682
286
-1899
-664
-404
-710
-1720
-3958
-5551
-3303
-3401
-2624
-796
-1974
-2153
-674
-1545
-2707
-1658
-2430
-3038
-2294
-1664
502
1356
1290
-250
-807
-290
-1145
960
2106
1546
955
-713
-958
1131
2091
2025
3369
3109
2250
2752
3159
2939
1487
1243
185
1002
1597
2029
949
1059
943
1263
893
1442
1206
977
1596
883
-145
239
572
416
-1088
-901
154
144
-383
-101
-1025
-482
32
-841
-1439
-1862
-2262
-1188
-106
-976
-150
-743
787
646
140
1169
1170
446
-782
-518
-375
726
567
-353
-1056
-1238
-1398
-1060
-905
-1055
-2219
-2535
-2003
-1240
-81
-620
300
858
1862
3235
322
-597
-1861
-1832
-799
-536
584
-760
-1981
-1992
-3735
-3702
-2750
-2480
-336
-2608
-1638
-2860
-705
-1098
663
-524
886
313
2381
2268
2274
1822
2318
2863
2044
2449
2053
1050
336
1732
1507
2366
1385
2303
-1
1055
543
170
813
288
2027
1962
2595
1957
2402
4012
4649
3738
2349
2730
2269
2924
3407
3517
3444
3598
4224
4002
2776
2904
3261
2530
2334
2380
3925
4163
4649
5870
-1983
-929
-1525
-4526
-3264
-3264
-2240
-1745
216
328
1351
1656
2485
1491
724
2614
555
1588
760
2297
1363
518
-462
-198
-992
-621
-1007
-2207
-1433
305
1021
540
959
935
649
15
294
57
311
485
2037
1405
2446
3439
3912
2770
1799
2948
3023
2659
1395
1408
1666
1748
2968
2562
1412
2033
1759
1098
-26
-1459
-859
-1608
-164
-89
2149
110
7
14
-17
-1121
1310
223
-473
-762
-1495
-362
-286
-311
-1732
-1004
-2248
-2254
-2071
-888
-743
-732
-2658
-2621
-3910
-3653
-4292
-4064
-3981
-4813
-3168
-2269
-1367
-1854
-157
-2002
-1957
-873
-1491
-2020
-3405
-1553
-2797
-2139
-3069
-2498
-1714
-196
-163
-593
-3044
-4280
-3092
-2281
-2122
-2634
-1320
-2615
-1606
-2026
1266
-1197
-6811
-5376
-4386
-5823
-3884
-3719
-3734
-4651
-3260
-1223
286
-1470
-2397
-2716
-3202
-2825
-1896
-1844
-1814
-2126
-2348
-3681
-2896
-2942
-3355
-2890
-2653
-1176
-1954
-3060
-913
-1859
-2690
-954
-1132
-1463
-1001
880
1203
1531
3484
4038
4042
4408
5414
4781
4929
3759
5933
5704
4943
4192
5380
4232
2584
2121
-537
-601
-906
-1388
-1313
-1395
-1095
-1509
-2031
-1918
-4026
-4779
-4502
-3826
-3734
-1321
-1437
-3506
-2814
-1754
-843
-667
-1107
-2694
-3093
-5115
-3322
-3126
-3239
-2097
-2649
-2195
-3345
-3706
-3581
-2852
-3686
-2477
-5190
-3808
-4223
-5285
-4329
-2761
-2829
-3445
-2854
-1972
-1825
-312
-21
1824
1709
1344
1299
-238
578
939
2620
2421
3139
4394
4756
4745
6104
5269
3572
4274
4426
5379
4643
3639
3061
3078
3488
3745
3801
3150
2854
4432
3423
2666
2731
2391
1951
2351
3737
4665
3839
3204
3651
3674
3280
2202
2643
3212
3817
3588
2723
2987
2778
1907
1782
1859
2672
5438
3098
3193
3335
734
569
482
1458
-62
-120
374
806
1055
1164
1060
1971
2191
1434
2067
1822
2368
1068
740
-478
-203
488
616
2500
3025
1927
2516
2900
2997
3792
4322
3865
4058
3523
3533
3598
2839
3313
3685
3855
2934
1749
226
351
251
68
155
-106
109
127
593
-1189
-957
-1610
-4011
-2608
-3788
-3487
-3423
-3306
-1815
-3531
-2241
-2243
-2993
-2814
-1238
-2015
-3982
-3710
-4309
-4229
-4937
-4643
-4519
-4809
-4212
-4932
-3656
-3199
-2132
-1877
-2324
-1020
-1692
-1955
-2153
-2933
-2723
-2888
-3006
-192
-516
996
265
1004
2172
1612
2367
2658
2945
2929
2931
3383
1362
847
668
770
826
251
1067
2095
2582
2409
1869
294
258
804
-692
268
-265
640
1156
1366
2526
1109
-561
521
1913
2552
1427
2052
2135
1939
3342
3095
4144
4820
5079
5643
4442
3901
1758
-38
55
-27
-649
129
-481
-808
-1702
-3295
-1883
633
833
-827
464
-1978
-84
1681
1455
2423
1891
1991
2361
2436
3329
2595
3455
3058
934
2005
1440
2598
2085
1990
1183
928
2544
2629
1766
-104
322
536
744
2472
2513
3041
3132
2575
4217
4952
5777
6004
5867
4830
4508
4798
4694
4893
2133
2575
2586
2948
1818
871
1640
1441
2264
1732
496
766
2258
1373
316
1056
1159
1279
1999
-3087
-1708
-1992
-3422
-3844
-3725
-2306
-3175
-4480
-2967
-1801
-3364
-4456
-3896
-4791
-5736
-6420
-5386
-6275
-6599
-5916
-4834
-3317
-2990
-2544
-697
470
-24
-1309
84
907
1842
1963
2558
2811
2372
2511
2898
1914
2786
3502
4761
4820
4476
3958
4221
3366
4083
2276
322
225
-1033
-400
-852
-480
-748
477
30
33
1023
-9
967
764
1094
1889
2811
2292
2061
1021
1545
2863
1518
582
-263
-12
439
339
1155
-1392
-2622
-2624
-1486
961
475
-137
-167
-2085
-3505
-2912
-4126
-5088
-3665
-4468
-2686
-3174
-3473
-4773
-3274
-3243
-3527
-1831
367
1499
1593
1193
-308
132
-986
-2668
-2291
-1271
443
2381
1384
1226
415
424
-185
-12
-845
-524
-1305
-2907
-3609
-3863
-3470
-3383
-2665
-2900
-2151
-593
-387
733
21
-45
267
1352
345
1726
4365
4845
3582
2447
1295
951
1090
1896
2196
2358
590
1035
1149
-456
254
-606
-343
-37
194
644
1016
-4
-958
-686
174
910
1801
987
897
2026
2308
2227
1604
1331
2450
2124
1491
1945
1353
1073
-605
-1520
-3217
-557
972
344
1407
1444
-220
-471
-740
-180
2161
2682
1901
3568
4239
3221
2436
1576
508
-1093
-1100
80
255
868
-903
-1585
-573
-1718
-3216
-4770
-4866
-4866
-2598
-948
-639
-982
-1281
-604
318
-37
1042
153
-880
-139
865
1598
223
-1428
-374
-1627
562
-250
-403
-2106
-4198
-2773
-3168
-3661
-4021
-3087
-3346
-3322
-2568
-2593
-4051
-2620
-669
706
-81
-493
-87
-652
1782
1303
-248
-863
-503
-1161
-1614
-893
587
1688
2172
3186
2082
1606
1122
1840
2044
1940
1136
-78
-883
-31
44
-711
1053
-206
-1811
41
103
2835
3021
2908
2823
2858
4216
3726
2781
1352
-949
-487
-439
1094
1209
934
753
-230
-340
-2718
-1817
-2692
-4406
-4522
-3173
-3304
-4205
-2876
-3112
-3862
-2914
-1901
-1802
-1623
-2115
-1193
198
1151
405
625
-827
-1158
-1103
-538
33
-607
-580
-700
-601
-1801
-1044
-780
-1308
1035
1372
1190
1180
3150
2783
2796
1801
2338
4186
2655
2519
2631
2380
2355
1644
291
907
951
1382
380
337
362
1378
2822
2489
3669
4012
3360
1266
-548
189
339
579
811
-404
294
980
983
1288
2401
2353
1596
1404
762
770
1643
898
2197
2892
3401
3420
2842
2669
5054
2540
291
-892
-1513
-527
14
-1316
-1953
-1691
4
1055
2544
2569
-249
803
2089
2686
3242
2758
3134
4091
4155
4710
4137
1542
812
1388
2841
2120
1810
591
227
1358
388
-415
-190
-1067
-478
352
626
-1231
-1252
-876
-303
132
706
711
-904
-745
1241
1256
0
-332
-633
1077
2998
2054
2095
581
-1383
-3069
-2997
-1854
629
1985
-308
-4015
-6265
-6502
-4473
-3950
-5761
-7829
-8537
-8298
-6615
-5297
-4159
-5616
-7546
-5448
-3104
-4506
-6231
-6272
-6746
-6010
-5200
-3766
-4178
-5419
-5464
-6253
-4483
-4930
-5381
-6195
-6534
-5878
-5317
-5158
-6307
-7676
-6727
-5991
-6978
-7227
-6878
-7430
-6505
-5460
-5572
-4181
-4924
-3837
-2555
-2486
-1417
-2701
-4271
-5093
-4878
-3522
-3068
-3133
-4217
-5057
-3849
-3930
-3718
-2671
-2140
-633
-1199
-478
241
-1700
-2646
-2762
-3272
-5020
-4457
-1973
-1607
-588
-98
-882
-1069
-801
-871
-2155
-2903
-3929
-2822
-1107
-1392
-1591
-2916
-2738
-2326
-2414
-2031
-1077
-190
57
-385
-1876
-1752
303
-1456
-729
-131
-773
-212
432
3164
5878
4510
2480
1507
1349
3224
3495
3420
1884
221
784
1706
2989
3173
41
-851
-1946
1413
1839
-779
-2203
-3928
-285
3818
1925
-1841
-5198
-6277
-4115
-3691
-3978
-6778
-9669
-6528
-5358
-4084
-5294
-7467
-8183
-7323
-3609
-3035
-1000
-1024
-107
5722
6993
6883
5146
1410
2454
1702
915
1354
-2075
-1197
-1467
-226
-230
-4265
-4163
-3487
-1958
134
-363
328
679
1338
2719
2020
4044
4150
3618
6669
5292
4244
4292
4288
6450
7720
8260
7553
6010
6053
7111
6176
6618
3351
3091
6357
6874
7711
6785
6368
3807
2916
2181
2469
3471
3478
5024
4634
5046
6060
5382
5888
4237
1805
3255
3433
4553
8195
5923
4792
4715
2905
2042
1437
3270
2236
2570
4220
3089
4011
3126
3178
4018
4977
4221
3697
986
314
479
-654
17
-1091
-2200
-2613
-1712
-2146
-2849
-2580
-3250
-2534
-1013
-892
255
933
-404
1022
296
647
-428
1421
2031
915
3234
2514
3136
3529
4406
4095
1900
-18
113
-529
943
2355
2199
1513
2393
976
-534
201
173
-57
2443
2408
2399
1926
-162
-2718
-2628
173
-654
561
504
915
2310
4732
3049
1805
1607
1721
3178
2258
4533
3175
2637
2744
2728
2569
2888
-5522
-3793
-4853
-4289
-4167
-3974
-3323
-2942
-2812
-4312
-3749
-3275
-3648
-4588
-1494
-2804
-1399
-1716
-2131
-474
497
-1031
-721
245
-385
1423
-1016
-1906
-1887
-2908
-3417
-4395
-3405
-4235
-5330
-5758
-4913
-4401
-3443
-2877
-4555
-3075
-3064
-2256
-1334
-3103
-2915
-4541
-3097
-4272
-5533
-5502
-6491
-6706
-6468
-5625
-4831
-2618
-3809
-2698
-940
-2407
-2763
-1570
2180
-51
-1301
-3284
-2519
-585
-969
-1071
-2047
-196
-1778
1661
-1156
-612
-212
1284
3053
2449
2311
282
1958
1916
3204
913
2998
2368
848
2010
1482
1283
43
-2919
-5152
-5265
-5531
-4912
-6278
-6174
-5926
-5350
-5301
-5670
-4230
-3033
-2027
-2986
-1129
-1948
-1883
-940
-1734
-2503
-1877
-3639
-3823
-4463
-5222
-4889
-6101
-5292
-6005
-5052
-6520
-4529
-5522
-3793
-4853
-4289
-4167
-3974
-3323
-2942
-2812
-4312
-3749
-3275
-3648
-4588
-1494
-2804
-1399
-1716
-2131
-474
497
-1031
-721
245
-385
1423
-1016
-1906
-1887
-2908
-3417
-4395
-3405
-4235
-5330
-5758
-4913
-4401
-3443
-2877
-4555
-3075
-3064
-2256
-1334
-3103
-2915
-4541
-3097
-4272
-5533
-5502
-6491
-6706
-6468
-5625
-4831
-2618
-3809
-2698
-940
-2407
-2763
-1570
-3545
-3480
-3232
-2877
-4266
-2753
-1442
-2400
-1727
-3425
-5408
-5733
-4983
-2688
-5920
-5559
-3653
-3904
-3797
-2661
-2382
-2117
-1504
-1298
-2981
-2989
-490
-2284
-3487
-1808
-1954
-2610
-3101
-2164
-226
-616
727
-1539
-1562
-2391
-900
-1639
-2154
-55
-2691
-2395
-1575
-1605
-914
627
551
-117
-127
-481
707
529
481
1841
1417
1180
1805
2166
3535
3959
3201
3812
3228
1595
908
1337
258
-7
376
-121
-1216
421
264
879
-783
-948
-1540
-1429
370
1427
565
69
-2545
-1898
-1928
-3162
-3523
-2868
-1969
-2695
-574
-478
-1676
-1944
-2230
-1332
-227
-418
-102
630
13
840
449
2775
1218
1542
4115
3606
3077
3556
2687
2822
1544
1629
2797
1209
-56
380
-433
-2091
-818
-2552
-2968
-1749
-206
92
1928
1407
1829
754
-1241
885
823
744
1036
2108
3911
2329
2216
2180
2142
3102
3406
2937
5195
4924
3968
5448
3770
3857
3697
3434
3639
3064
5469
4659
5070
5864
5492
4896
5124
5272
4104
4767
3236
3560
4561
4658
3973
3091
3638
2556
1690
2602
3053
3221
1717
3113
1006
2576
2459
2882
4108
2132
4116
2985
3895
3833
-2330
-4243
-3882
-3857
-3077
-3615
-2778
-2355
-1780
-1857
-3538
-3311
-4140
-2615
-3224
-2372
-2415
-1698
55
-1363
-294
-113
-185
752
920
713
866
318
192
916
71
-1447
-2981
-2448
-3028
-3837
-2600
-4025
-2889
-2979
-4400
-2607
-2269
-1402
-2641
-2636
-2407
-3806
-1915
-1784
-2413
497
-1078
-783
-1537
-3510
-2200
-3332
-2106
-2155
-3140
-838
-414
1276
-4958
-4717
-2638
-899
-1964
-2477
-2598
-1905
-911
132
1088
-1587
-460
139
-694
778
-727
138
45
483
100
211
-131
-103
-1130
-1375
-951
-529
-676
-888
373
-1382
-190
604
549
1417
2007
3296
3573
4358
4113
4824
5053
4334
5637
5661
4345
4898
3324
4592
4563
5729
5289
3958
5192
5558
4423
3221
5786
2550
4171
4748
3732
4606
3459
4560
3607
2443
4127
4431
3104
4619
2465
4069
3234
3284
3532
3500
3464
3333
3267
3319
3470
3321
5279
3142
2676
2177
2353
2881
3034
3192
3099
4484
4485
5109
4676
5285
4792
6262
5480
6750
4536
4882
5513
4531
6705
4706
4079
4268
2717
2774
2849
2385
3144
3673
4630
5786
5833
5867
5889
8464
7229
7605
7410
6474
5791
5327
4971
4616
4067
3749
3216
1532
2714
3803
1748
4360
3962
3978
5708
3575
3313
4438
4051
5375
4896
7047
7305
5431
6525
6169
4615
5211
4504
4463
4292
3322
3947
5345
4494
5299
4796
3479
6048
4380
4067
4566
2958
4069
4335
3402
3408
1049
1765
1615
2830
2885
1818
3417
3327
2551
3717
2222
1603
1176
1792
247
-872
-1405
-1751
-1624
-2029
-2843
-2305
-3914
-4466
-3205
-3324
-1930
-787
-381
693
-916
482
-207
-697
-962
-509
-1732
-932
57
-568
1653
783
1797
2679
3029
2580
2116
2975
2024
493
1984
1548
1819
979
926
2456
1658
816
558
-51
1132
2067
2473
930
39
-138
-909
-487
74
370
-381
186
1709
1014
1230
808
377
-109
-511
-1427
-857
-63
-1543
-1329
-1100
110
1318
2610
1385
73
297
-1308
-579
-1534
-2238
-2501
-3135
-3520
-3149
-2475
-1969
-1145
-2843
-4577
-2384
-4495
-2393
-952
-2617
37
-1289
164
-438
-913
-711
-680
244
2250
436
534
1618
1621
-198
-486
-664
-2140
-582
85
22
225
81
-819
-2434
-1060
-1276
-1562
-503
568
1935
2825
491
844
1624
1156
2971
2438
1694
427
-507
-849
-1178
-1032
-2093
-1385
-2487
-1317
-2199
-2567
-1879
-2650
-702
488
-540
-991
676
-1
1870
4034
3097
3076
4089
1361
2349
2797
1578
1548
29
1743
1629
1870
1845
1041
-56
901
-482
-892
-636
224
-466
183
1251
2175
2439
3670
5278
4802
4434
3412
5174
4500
3236
3586
3615
2477
2692
3241
1912
2154
4039
3597
788
-4047
-1475
-1276
-2625
-1999
-1771
-2437
-2069
-2061
-1856
-1755
-1435
-548
-1040
-2113
-1706
-406
-827
-361
494
-1570
-3184
-3801
-3710
-2070
-2672
-3024
-3359
-5086
-4604
-2662
-2632
-1226
88
-1998
-3138
-2122
-3985
-3618
-3673
-2222
-929
18
-881
814
-1977
-1010
-2501
-1064
-2092
-3260
-1409
-3262
-1067
-600
-1971
-2078
-1396
-2204
362
565
-1339
-406
781
427
-507
-849
-1178
-1032
-2093
-1385
-2487
-1317
-2199
-2567
-1879
-2650
-702
488
-540
-991
676
-1
1870
4034
3097
3076
4089
1361
2349
2797
1578
1548
29
1743
1629
1870
1845
1041
-56
901
-482
-892
-636
224
-466
183
1251
2175
2439
3670
5278
4802
4434
3412
5174
4500
3236
3586
3615
2477
2692
3241
1912
2154
4039
3597
788
3101
4188
4026
3375
1125
387
-2336
-2316
-4033
-4265
-1542
-486
-1544
-76
-1610
-2581
-2898
-4131
-2965
-4021
-2866
-1751
-2043
-2576
-1386
-1356
-79
-1010
-720
-175
-73
1408
1541
2108
1582
876
686
2261
2455
3119
3570
1188
707
1935
-145
824
1060
1421
1158
1918
3106
3749
1425
658
2510
1343
2489
3109
3193
4466
3599
3290
2790
284
-464
-227
980
588
2972
3281
3128
2620
2740
3898
2852
3809
2006
2639
3758
4674
4508
4152
1530
1783
1658
1847
2444
2546
3778
2637
2987
2268
1458
2676
3463
2749
3066
3343
5495
4977
4988
5795
5815
4775
5545
5935
5481
5645
4723
4321
2354
2960
1923
3171
2184
3298
4666
2756
3059
1486
2127
1360
1862
3147
2284
974
508
-1944
-973
-1401
-1189
-533
-565
-1158
-838
-668
-1508
-1245
-2067
-1585
-489
-35
-1345
-1671
-2661
-710
-1340
-1608
741
648
394
781
299
629
641
-481
325
-379
711
2746
1141
549
933
1053
1757
1916
1841
435
1209
530
887
1862
1887
2323
4198
4105
3510
3722
4546
4539
4099
2650
2546
2139
3502
3715
3151
4067
889
1953
-332
-1511
-2059
-2036
-2248
-1230
-1091
-1229
-1195
-1834
-2299
-2739
-3454
242
-563
-358
978
1696
2320
1522
1766
1445
1419
144
-17
-120
-303
-1639
-866
477
848
909
-580
-356
-860
-1119
-1182
-2296
-1455
-1788
-823
-1025
-1357
-111
-765
528
413
827
978
1231
1303
957
579
233
-582
-271
793
863
-1495
-2695
-3082
-1594
-1323
-527
-1328
-2638
6228
5717
5212
5037
6084
8279
5408
3183
2872
2487
1983
1224
2898
1403
459
531
1609
1974
2259
2070
2612
2957
4223
5998
4225
5047
4854
4022
4884
2175
2585
3102
2075
2499
996
-268
-1831
-1996
-2440
-1076
-2488
-1420
-1524
-2403
-422
-1543
-1457
-503
-631
-757
-590
1756
1669
1716
2906
1307
-715
-447
-1272
-1378
-1784
-1731
-2778
-3305
-2645
-2127
-1293
-1801
-1264
-678
619
1209
1842
1659
3320
2979
3235
3105
2486
2566
2406
588
-684
716
-525
-426
-609
-1076
-1056
-500
-750
-1855
-29
487
1370
699
1076
1195
923
2168
1051
359
2098
1979
2128
1520
200
-458
428
-1716
-1445
-2691
-4191
-2715
-4574
-4839
-5696
-4080
-2540
-2596
-2432
-3121
-4060
-3646
-1599
-1356
-1140
-1861
-2525
-1116
215
-547
-45
-985
-445
992
1341
813
-27
612
2732
2102
1678
1423
-1209
-2842
-2585
-4
-146
377
-1067
-3497
-3114
-2534
-2020
-1147
-669
-1566
-2899
-800
-469
882
-388
-1535
-696
-2409
-2045
-1738
-2871
-1192
-2914
-3769
-2949
-4610
-3988
-3852
-3674
-3261
-4685
-3806
-2427
-2837
-2614
-3197
-846
-1332
-2408
-1697
-2790
-1817
-1482
-850
56
178
520
-585
-128
1555
2006
1833
2316
313
1047
811
61
901
193
776
1788
1075
2733
2285
1547
1397
2100
2595
2967
1853
2166
991
1515
1901
947
189
-508
178
930
1356
910
420
1366
2314
2966
2416
1133
1841
750
1127
359
-2731
-1647
191
-1163
1128
2281
-589
-265
-2176
-3158
-4204
-4069
-2243
-3056
-1968
-1126
-1671
-883
-512
-3203
-4009
-2447
-760
-117
-495
-646
-1019
-2094
-1880
-7
122
834
-572
-837
-1612
-2797
-1322
-775
-1479
-1149
-1219
-2721
-2796
-2899
-2680
-2185
-2059
-2505
-3219
-3705
-4976
-4175
-4018
-2645
-1935
-1076
-1861
-1006
-1050
-2926
-2571
-4182
-4318
-4376
-3618
-3495
-2182
-1910
-989
-2008
-2603
-1651
-3509
-3073
-3618
-1693
-721
-1312
101
-1916
-859
1318
-779
-1332
-55
1452
3730
4556
4680
4558
2355
3598
4537
4418
5494
4710
2479
3141
3975
2504
715
964
742
806
2929
3204
3371
3578
1477
3024
984
-436
-822
-1031
-158
-1113
927
-296
-1340
227
-407
-303
195
-850
1599
2855
3286
1407
-2400
-4370
-2741
421
1805
268
-2812
-4214
-3413
254
2983
3513
-427
-4909
-6135
-2995
1885
505
-802
-998
104
2169
1442
1526
834
648
1061
845
1610
1479
374
-982
-1474
1119
1707
3152
3021
2227
1574
1473
2885
3362
2034
1212
1518
1990
1978
869
795
-72
1168
2595
-47
-112
-2104
-1180
-455
-524
103
-499
-771
397
2150
2264
2981
3505
3310
4113
3647
2272
2540
1449
1064
1696
2855
764
9
568
831
1619
1654
1318
-779
-1332
-55
1452
3730
4556
4680
4558
2355
3598
4537
4418
5494
4710
2479
3141
3975
2504
715
964
742
806
2929
3204
3371
3578
1477
3024
984
-436
-822
-1031
-158
-1113
927
-296
-1340
227
-407
-303
195
-850
1599
2855
3286
1407
-2400
-4370
-2741
421
1805
268
-2812
-4214
-3413
254
2983
3513
-427
-4909
-6135
-2995
1885
1107
282
790
-13
834
1098
1753
2206
639
-1012
633
2239
673
1666
-402
944
2261
1498
2132
2067
828
551
762
1687
2339
1729
1375
1850
1145
872
243
-693
146
-540
-514
-1639
-571
-302
369
1104
2024
3783
5288
3795
1917
3346
3458
3617
3750
4626
4137
3390
2982
3820
5711
4831
4123
3601
4297
4213
4131
3793
3156
2334
1846
1368
434
-126
-161
-1228
-1887
-1080
-1344
-1703
-965
-504
-729
-1221
-1347
-2600
-2588
-1481
-1445
-2622
-3521
-2398
-1934
-1499
-3104
-3731
-3997
-3798
-4809
-4495
-4475
-5297
-4753
-5369
-4982
-5503
-5995
-7327
-8030
-8062
-7199
-5223
-3924
-2938
-3520
-4388
-4520
-5063
-4329
-4009
-3606
-3638
-4710
-3063
-2790
-2469
-2170
-2355
-2824
-2077
-1272
-1219
-655
80
-243
1728
1963
2923
4014
2072
869
670
283
752
-1381
-2194
-74
6
791
1092
957
505
1133
1656
872
1099
-974
-1502
-1560
-843
501
189
199
326
239
-38
62
-590
-77
254
-1594
-1218
-2424
-2189
-1990
-1267
203
50
448
-336
-1608
-2658
-4061
-4961
-5539
-4795
-4017
-4994
-6351
-6072
-5764
-5731
-5952
-3978
-2875
-2372
-1462
-3401
5163
4169
4677
3010
3859
4085
4141
4668
4279
5969
6318
3496
615
141
-52
465
2027
3256
3776
3791
2343
413
558
1239
329
286
2116
2028
976
1354
2653
4577
3535
3646
2323
1162
2209
1723
1853
861
1214
1116
1072
2491
5090
4708
3200
4351
3896
3131
4418
3036
223
-691
-1549
7
1199
-48
823
-669
108
479
309
102
-2429
-1586
-1469
-2677
-3013
-3159
-2989
-1275
-1084
-1094
-2303
-3452
-2527
-1951
-2076
-1783
-637
-462
-349
-627
-376
248
-565
-1281
-1076
-1441
-3203
-2074
-255
-240
1042
662
-1007
-852
-1261
466
908
275
-87
169
1241
919
-29
-545
509
-229
602
1803
1578
1242
400
368
900
189
-188
-876
-2602
-3205
-2115
-3741
-4461
-4821
-5415
-4786
-4120
-2798
-3027
-2853
-3383
-3843
-2937
-2489
-1462
-1400
-2684
-3697
-2953
-2127
-1381
1087
1673
1476
-277
-1327
-1235
-1071
636
1287
1473
2991
4333
3580
4029
5085
2815
2083
2461
2083
161
-192
-292
-820
-43
969
2047
1263
1787
2120
3014
3552
3856
4743
4351
4323
3084
3006
3326
2960
3345
4037
4182
3373
2435
1896
3086
2754
2181
3517
3185
4732
6200
6058
4539
4490
5577
6186
6353
5524
3426
2349
2024
2984
3289
1823
1306
1075
507
651
-802
-761
305
502
840
-416
-80
2117
776
886
1807
1661
1235
2124
1043
1183
254
912
1715
1228
497
-232
1452
2057
3207
5000
5979
4289
2809
2147
257
-55
-453
-1848
-1617
-2168
-1735
-2739
-2794
-3555
-3763
-3992
-2040
-1932
-3607
-3140
-3957
-3724
-3892
-2929
-2834
-3934
-3492
-1958
-468
715
622
599
-768
-1066
148
-509
-559
756
-518
1145
2423
3519
4020
3105
1658
825
331
812
491
-851
-645
-2888
-1921
-781
-1859
-1907
89
189
966
982
293
117
-564
-799
-576
-1586
-1858
-1839
-1887
-559
866
1089
552
-274
-266
137
-131
862
263
-1088
-679
130
1302
883
522
133
-1102
-2790
-2721
-1774
-1575
-615
-480
-1651
-1820
-1960
-1715
-333
397
1007
98
932
2289
2850
3579
4564
3490
2796
1424
2575
2982
4178
5575
4541
2111
1512
2177
2634
2800
2573
2417
1774
1580
1922
2005
3404
2078
3819
4298
2731
2494
3235
4056
4191
3996
4125
4502
4877
5015
3988
3321
3162
3655
4687
5164
5999
-4024
-3473
-4093
-4314
-5507
-6666
-7484
-8498
-8318
-8521
-8171
-7813
-7157
-6921
-6973
-7206
-7451
-6465
-5720
-4978
-4491
-2299
-2370
-1555
-690
-1193
-1459
-1286
-2411
-2405
-2870
-2304
-1715
-1046
-415
-914
-2021
-2086
-926
20
817
958
2466
894
785
841
-656
-37
290
389
1994
3561
5522
6153
4617
4057
3718
3214
3093
3802
4685
4964
3397
2494
1193
-92
-499
1590
1199
3260
4437
2345
1731
3505
2368
1616
2600
1659
1966
2865
2718
4211
3431
1194
-1112
-1140
-945
-1266
-1122
-169
-558
-272
-266
-716
1250
1597
1674
2047
1667
1738
2286
3516
2836
2216
1165
926
558
-395
-22
-1123
-1775
-1622
-2505
-2660
-2523
-1756
-3640
-5130
-4824
-4741
-5256
-5537
-4802
-4991
-4441
-4309
-4538
-4163
-4024
-3473
-4093
-4314
-5507
-6666
-7484
-8498
-8318
-8521
-8171
-7813
-7157
-6921
-6973
-7206
-7451
-6465
-5720
-4978
-4491
-2299
-2370
-1555
-690
-1193
-1459
-1286
-2411
-2405
-2870
-2304
-1715
-1046
-415
-914
-2021
-2086
-926
20
817
958
2466
894
785
841
-656
-37
290
389
1994
3561
5522
6153
4617
4057
3718
3214
3093
3802
4685
4964
3397
2494
-1629
-3801
-4140
-2738
-506
854
990
-879
-3211
-3695
-1407
1174
876
-370
-2385
-2530
-1447
-645
412
-183
-2106
-2145
-714
-76
769
713
-955
-2143
-951
-1178
-734
1030
1137
96
-504
-1231
-967
237
-171
-2384
-2318
-2246
-3215
-2264
-952
-900
-1490
-2811
-2145
-2294
-642
-778
-2126
-1899
-1958
-2532
-2145
-1020
442
-1994
-2738
-2233
-2365
-642
626
-122
-3186
-3232
-2612
-748
31
-339
-604
-876
146
628
467
-198
100
-393
-1780
897
3519
2403
-434
-494
-1280
-1389
-62
1408
1627
-472
-2610
-3223
-1960
-34
-143
-22
-681
-768
-1446
-1827
-1562
-475
-181
93
1052
725
768
3376
1894
769
-235
-1620
-1149
224
-22
302
56
-1672
-1663
248
1050
873
1336
793
2240
1664
765
1752
1090
1876
560
-1537
-1359
-678
-568
-971
-1953
-2587
-1169
-633
-811
58
120
-925
-622
-1916
-2415
730
2246
1596
1141
-371
264
-169
356
2275
2765
3308
2617
2370
553
-219
753
332
325
-231
746
2222
3853
3285
2635
2015
977
720
1838
1913
263
659
1369
951
676
419
537
1153
1838
1200
872
-331
-342
-603
-1943
-833
2511
-1580
-6846
-5728
-5552
2799
5968
7875
6016
3941
-469
-6168
-5656
-8547
-4646
1239
3832
4935
5005
4175
-1629
-5394
-7176
-5334
1683
3031
2154
1865
3484
-2518
-5782
-3211
-4294
-1133
2458
4864
7711
8506
2527
-2792
-3890
-2418
2287
1768
4357
8774
7307
6766
2173
-855
-2943
528
1988
2119
1769
1026
2005
1903
1873
-1320
-766
-1058
1565
369
2120
-2818
-3946
-6331
-5599
-1411
636
1122
-9
-8788
-10079
-5246
-2390
-2903
-1221
-2989
-5124
-2886
-3429
-6719
-8726
-7668
-2515
3154
5131
4148
1023
813
789
2041
-323
687
-1938
-3177
-971
-424
370
1649
-206
-1603
1024
2909
35
196
3678
1564
385
-1423
-2851
-2510
-804
554
3159
4803
5957
4524
1774
1174
-209
2280
2281
-926
570
776
4813
9571
7554
3810
5437
7167
6606
4164
1570
-1129
-1626
586
2101
1686
2230
388
-869
-2294
900
587
1513
3203
1911
1835
-572
-2407
-2137
1340
1209
3717
3605
4441
1963
-2770
-3147
-2971
-1500
1109
2657
1897
3703
4764
3417
-3897
-5776
-4953
-894
-1496
-5711
-7960
-6004
-501
2886
3990
1178
-1553
-1213
4495
5912
167
-4499
-886
-741
1119
3140
985
-2869
-2287
441
-3504
1837
-297
-113
2866
-4049
1855
1049
-703
239
-2456
-800
4980
-1659
150
1563
-337
-917
-1901
127
2540
-5590
-2037
2671
-1648
-4431
-4294
-1740
-176
-6615
-894
2854
-4567
-1997
-757
767
-492
-2228
5957
4040
-475
2702
1996
-1190
-465
1449
5088
5045
1031
3721
3126
-1424
2050
655
75
-1727
1895
5368
2243
-2030
1330
349
-4665
-3840
-947
-1831
100
-2800
-1703
-3665
-4921
-4669
-3295
-6624
-2470
-1644
3447
-707
-3420
750
-389
-554
-1369
1173
2015
-159
-2003
-1144
456
-3049
-4686
-3832
-2571
-5297
-5392
-6937
-5126
-6174
-11021
-7557
-3605
-1404
-3314
-2553
-2504
-2598
-2455
-907
252
2907
831
2602
1320
2035
1335
2564
2917
3041
4681
4765
5053
2606
3517
2773
4389
3857
5308
5674
3983
2055
825
-1296
-1967
194
153
-107
588
297
-2441
-3306
-2239
-346
1737
-1496
-43
-3995
-2725
-1458
1671
2157
1536
3699
3084
808
3230
3859
1933
-360
200
1103
-5585
-4368
-2014
-2008
-5266
-830
831
1181
-2011
-6443
-6529
-8563
-6180
-2500
-528
-2573
-3028
-3369
-5814
-7337
-437
-861
303
-63
1420
4328
5294
5306
6295
6657
6235
5953
4982
4809
4965
4852
5910
5922
4753
3580
2890
3348
4939
2667
2751
1844
1292
1051
2367
4398
3007
1734
667
1312
1751
1699
2243
3187
2598
2409
2503
1783
-35
74
1476
1927
1629
788
725
602
1011
1333
1394
1245
475
1400
587
-666
-2302
-3555
-3279
-2765
-851
1086
522
457
695
1477
1901
-3360
-2584
-3485
-2742
-2275
-1996
-1280
-733
-1516
-4102
-4521
-4529
-4197
-5643
-4874
-2621
-3454
-2888
-2675
-3805
-4090
-4695
-4338
-2784
-1820
-1696
-3564
-1424
-613
-674
-683
-1918
-2194
-3012
-2085
-2325
-2804
-2481
-3384
-3318
-3682
-1617
172
-253
-2542
-3249
-4028
-2073
-1300
-1614
-324
-1185
-1248
-334
2245
1670
1768
3766
4095
3873
3972
4450
5944
4460
4328
5294
5306
6295
6657
6235
5953
4982
4809
4965
4852
5910
5922
4753
3580
2890
3348
4939
2667
2751
1844
1292
1051
2367
4398
3007
1734
667
1312
1751
1699
2243
3187
2598
2409
2503
1783
-35
74
1476
1927
1629
788
725
602
1011
1333
1394
1245
475
1400
587
-666
-2302
-3555
-3279
-2765
-851
1086
522
457
695
1477
1901
1751
539
899
-910
-716
-1751
-1146
-2182
-3188
-1416
-1011
272
1162
660
-725
-165
1960
1673
3005
3140
2901
3667
3833
4120
3159
1606
1927
2960
3417
4043
5427
5362
3926
4162
4458
2924
2766
2378
3234
3111
4256
4002
3482
3144
3711
4718
5022
4372
3306
3161
1907
3098
3411
2521
2431
2826
3963
5065
6662
7674
6085
6170
6863
5163
4927
4057
3525
1675
698
1624
1542
212
-756
-632
-442
427
1237
1976
1230
1846
3431
4466
3216
3451
5879
3426
3095
2871
1434
216
-657
268
766
555
454
920
143
-1089
-1324
-1560
-1262
-521
438
-216
1011
1608
632
218
-898
-349
-249
675
2435
2103
946
544
655
1933
1314
1424
1906
3972
3636
4008
4459
5234
4476
4398
3341
463
1646
1063
1399
-411
1232
821
15
1176
974
889
482
-962
-1519
-679
-494
356
1203
-510
147
1333
1864
3538
2214
1810
1089
1466
981
1399
778
848
1789
-204
-348
106
-1430
-1548
-209
142
-25
-695
-775
-2074
-2669
-2258
-3634
-5222
-3810
-4551
-3722
-3896
-4280
-4004
-5550
-6003
-6563
-4943
-3779
-2688
-3529
-3665
-2974
-1405
2883
3147
2931
3971
4621
4281
2917
1651
1944
1803
1023
705
285
-896
-243
865
1019
1074
257
397
422
-681
491
365
-506
691
1694
1402
2280
2156
1629
-443
376
1786
1046
195
-202
-330
521
1232
1956
1174
824
899
-31
-533
-1244
466
1276
1067
1783
950
1083
-699
-1044
-223
272
447
554
473
1181
1305
1309
1135
1289
916
1298
1473
2019
1778
1467
997
1063
1748
1586
2798
2973
3630
3073
1404
1588
2023
883
336
-281
-286
-654
-915
-713
-1984
-1797
-2415
-3089
-3197
-4053
-3862
-4083
-3202
-3922
-4770
-5300
-4922
-3923
-5293
-4894
-4516
-4625
-5054
-6287
-7666
-7315
-7298
-7535
-7118
-7090
-6994
-5924
-4621
-5890
-5865
-6640
-7707
-8618
-8572
-8220
-7427
-6689
-6288
-7106
-7375
-7836
-7428
-5602
-5739
-6316
-6828
-8662
-8903
-5923
-4035
-4718
-3207
-4511
-5154
-4288
-5155
-5842
-5067
-4841
-4527
-3840
-5803
-5064
-4433
-4046
-6676
-7991
-7998
-8466
-8047
-6770
-6645
-5646
-6254
-6003
-5548
-5582
-4772
-4294
-5623
-5087
-4797
-5659
-5790
-4616
-3957
-5695
-5996
-5340
-4918
-6301
-6501
-6797
-6827
-5837
-5619
-5522
-5255
-4840
-4711
-6650
-7695
2828
2817
2774
1730
1883
1175
2130
2984
2209
2882
4382
6375
7030
6196
4133
3988
5148
4647
5040
6140
5492
5345
4757
4224
5188
6213
7895
7003
6467
7427
6593
6489
6446
5712
5730
5378
5359
6242
6869
6079
6223
5130
5361
4776
3788
3765
2893
2453
1241
817
597
1630
3739
3333
4352
4498
3229
3061
3431
5208
6516
6160
6068
6134
859
-168
-1534
-3362
-3176
-1516
-2627
-2398
-2263
-538
-673
-1053
-2233
-2955
-2867
-4087
-3809
-3796
-3903
-3173
-2974
-3516
-2855
-3596
-5365
-5101
-5261
-6760
-6832
-6211
-4446
-3927
-4228
-1886
-1143
-1861
-2499
-1756
-1430
-1959
-1817
-1595
-57
290
47
1068
1216
662
64
-780
-1118
-353
451
-700
-1904
-1848
-2995
-4643
-4240
-4681
-4547
-5160
-5990
-4832
-5635
-5283
-4598
-6176
-5837
-6814
-6633
-5183
-4143
-3358
-4043
-5017
-4748
-3625
-3960
-3429
-3387
-2486
-2279
-893
-2694
-3036
-3885
-5640
-5550
-5711
-4831
-4211
-4215
-3393
-4006
-3667
-3162
-3597
-2729
-3139
-3354
-1119
-636
-930
-366
-616
279
2102
2258
4701
5814
4906
5848
5225
3013
3530
3013
2304
3216
3086
1592
1540
3440
4706
4741
4174
3809
4588
-3472
-3610
-2592
-2603
-2019
-3026
-2990
-3254
-3543
-3324
-1953
-372
183
1002
-264
-1362
-2019
-1388
-1229
-948
-559
-1220
-173
865
933
548
926
-909
-1504
-1424
-1688
-2058
-1752
-1134
-895
-1706
-1303
-511
-335
-205
1234
2370
3045
2583
1989
2121
2231
1977
1088
298
-560
-75
-438
-897
-1163
-2547
-3274
-3621
-2266
-970
-170
10
-424
-2237
-3096
-1564
-2424
-1692
-104
12
-474
349
835
334
1383
917
-902
-706
335
395
-1429
-1798
-1606
-2564
-1580
338
1499
2233
1844
2434
2472
2574
3030
2383
3830
2756
2876
3262
1424
731
358
284
1812
3630
3613
2652
2140
1967
1869
3808
4480
2598
3059
2752
2981
2163
2551
3065
2074
1483
1036
1719
2979
1939
2562
1933
692
1078
1462
1011
1523
2623
2986
2048
1772
1284
1844
2768
2527
1352
1168
709
494
1515
1686
1750
1675
1578
487
1258
2716
2435
2580
2692
3131
2937
3520
4282
3794
4055
3331
2378
3262
3829
3798
3297
3138
3753
3931
3170
3298
4410
4272
3850
3463
3644
3661
3196
4933
5293
5437
5499
6194
7301
7485
7608
6220
4987
4558
3841
3663
4682
2096
1136
652
2380
1243
-14
-722
-1475
-1754
-1394
-633
-1233
-2079
-2345
-1710
195
1103
2786
4126
2866
1898
1128
63
236
1776
2643
2209
1034
227
-293
-815
-742
-1662
-1193
-1520
-2208
-2440
-1979
-1711
-2756
-3162
-4231
-3690
-1918
-2564
-2675
-3412
-3710
-3721
-3473
-3405
-3628
-2581
-3287
-2227
-2218
-378
88
-2150
-3003
-2348
-1313
-1135
-170
-363
-656
-783
-814
8
404
-964
-903
-2273
-1837
-801
-1193
702
479
1628
2017
999
851
373
929
981
-230
-400
-1497
-3359
-3741
-2752
-357
2471
3155
2816
2116
1096
1600
3522
4572
3814
3284
1404
-43
461
1748
1583
1967
2250
283
-606
-1687
-1868
-578
1359
1467
756
330
1977
2780
2795
2527
-504
-1076
-756
339
1468
2493
1407
512
1914
3128
2601
2485
1382
1470
2776
3202
4074
4069
3621
2566
2115
3229
2213
4085
4413
2792
3789
4541
3815
3765
4085
2248
2633
2297
1757
2644
2350
3249
4558
5421
5315
6270
6916
6633
6429
7036
7411
6519
5240
6115
5984
6263
6242
5926
6882
6734
5875
5666
5893
7271
5601
4380
3220
2218
1319
1353
1763
1993
2658
1856
2900
2444
1760
1940
1123
133
598
1493
1701
1303
587
745
1111
484
-1112
-43
60
-1356
-1570
-2602
-3480
-4719
-3220
-2786
-1339
840
1350
2260
2275
2645
3081
3604
2597
1376
395
1804
1002
1363
1288
2193
3082
2101
2943
3594
2990
3447
2626
2033
1671
630
827
2295
3023
4124
6323
7697
7428
5663
5566
5378
5158
4634
5580
5020
4394
5380
5467
4767
3323
4636
3326
1531
1852
1822
495
394
1597
1860
1937
2459
2316
2023
1548
1777
2631
1869
2225
1071
458
1006
1780
3821
2578
3726
2411
1876
2383
1728
1350
1741
2498
2103
3064
2192
844
-129
-800
-320
-353
305
863
94
-1185
-1050
-1098
-1334
-810
85
337
30
134
149
-625
-1321
-1758
-461
1250
1254
63
-782
-761
-549
-505
598
781
-142
734
1485
2468
3220
1872
-5
-795
7
256
-659
148
672
488
152
482
-773
-1245
1331
1854
3024
4293
3758
2674
1940
2978
3697
4051
3830
4407
2847
1439
-253
-1924
-1936
-1044
-48
195
565
2712
1613
1945
697
-1213
-998
-1928
-2697
-2627
-2515
-1642
-1049
-428
-1288
-2604
-2035
-2915
-3308
-2548
-4214
-3977
-2699
-1928
-1062
-240
-1662
-757
222
1186
3044
2554
668
1067
1284
2270
3383
3988
4928
3750
3106
4360
5154
5504
4683
4954
5161
5707
5495
6034
6392
7144
7420
6630
6412
6401
6284
5492
4001
4559
3855
5015
4713
4388
4679
5245
4881
5698
6455
5428
5046
3397
1455
1783
1405
2504
2841
2770
4318
5446
7517
8616
9249
777
879
-2768
-1193
-478
-678
-1865
-2931
-4410
-4492
-5997
-6857
-7124
-9871
-11057
-10945
-10276
-10038
-9368
-9274
-9161
-7304
-6111
-5825
-5872
-8448
-8355
-6267
-4615
-2698
-2328
-2812
-2044
-336
1126
649
-712
-385
-1442
-1160
652
465
733
-1304
-786
-657
-1717
-2050
-2888
-1999
-1322
186
-388
-1264
-883
-975
-585
-765
-1476
-1862
-3537
-3118
-1937
-1757
-2548
-4214
-3977
-2699
-1928
-1062
-240
-1662
-757
222
1186
3044
2554
668
1067
1284
2270
3383
3988
4928
3750
3106
4360
5154
5504
4683
4954
5161
5707
5495
6034
6392
7144
7420
6630
6412
6401
6284
5492
4001
4559
3855
5015
4713
4388
4679
5245
4881
5698
6455
5428
5046
3397
1455
1783
1405
2504
2841
2770
4318
5446
7517
8616
9249
8572
9495
9403
11629
13264
15477
17016
15155
11848
11101
3714
2598
-3524
-8717
-7858
-6634
518
6771
9791
9828
8617
3537
2373
-1929
-8714
-10741
-14648
-12495
-5901
-1762
1319
6288
5694
6287
4556
-711
-4506
-9135
-12984
-12869
-10945
-8634
-5109
-2682
233
2465
3251
4514
3694
2079
1369
381
97
1490
244
1499
2394
2689
4604
6650
8842
12510
15621
17450
21473
22989
23275
23831
23099
23255
14280
2287
-6270
-20415
-11962
-6950
5181
13171
15749
15409
17853
17441
12733
6733
-10143
-16733
-19554
-17699
-10353
-6295
-3305
5871
12733
19853
27855
22672
14828
4406
-7655
-11384
-9027
-8813
-4949
-3243
1073
11604
18059
22545
22562
13717
3255
-3145
-9941
-9888
-10614
-13729
-11367
-9392
-2133
7346
10397
8353
1692
-7807
-9887
-9182
-8964
-7572
-10631
-11116
-8740
-1910
5091
7258
3330
-660
-2805
-1699
1848
2973
3657
2227
1026
2788
7238
10683
11348
8968
7463
7983
10265
14254
17416
18059
16172
15226
15519
16603
7505
1936
-11991
-19309
-14950
-9661
3073
10264
14358
13813
17115
14216
13021
4959
-10529
-18809
-25983
-24076
-16484
-10640
-6360
1721
4147
11772
17993
15089
8332
-3611
-15164
-18877
-20738
-19241
-13210
-11968
-7422
299
8462
13024
14285
11712
5012
1004
-6165
-13719
-23946
-27369
-29124
-26206
-19100
-10757
-4658
3989
9103
12955
17213
19909
16533
13342
10061
6372
3713
3902
-3011
-14780
-10553
-13698
-8254
-4940
-311
-878
10504
12381
16076
11019
11063
1473
-1687
-10924
-11614
-19739
-23372
-25355
-21578
-17488
-8420
-3252
3095
9334
15756
16652
15845
11376
8079
5142
-281
-7648
-12641
-16409
-24794
-22893
-25013
-22130
-14630
-6959
4381
12578
15099
16000
15708
16797
17829
15234
8174
5680
5996
5941
10505
7786
-866
-17
-4611
-1182
2259
5097
630
6446
5729
11964
12548
13030
5438
4884
-1938
-4148
-7939
-12051
-17280
-11767
-7876
-1892
4079
6967
11639
16746
17194
12741
8985
3304
518
-4623
-9176
-14590
-15651
-12826
-6012
-1167
2789
7723
12878
12876
14229
7863
-742
-9455
-14879
-17529
-21506
-21008
-19811
-16625
-8829
-1765
5172
10052
10710
14378
12489
9529
7508
6914
5281
5725
7079
4791
9126
-1687
-2994
-6363
-7726
-9841
-4332
-7376
-5055
-1782
2330
6370
9125
5138
4554
1349
-1543
-6147
-14397
-19212
-18397
-12978
-9853
-2724
1665
10248
16955
22325
19374
12587
6081
2441
-4588
-14064
-20210
-23873
-21269
-15650
-10728
-3279
3981
11912
-2720
450
1533
4676
7665
7651
6787
3265
177
-4298
-6751
-12778
-16490
-19128
-20661
-20583
-21496
-20182
-16355
-13414
-10220
-9558
-7227
-4400
-5082
-3460
-3208
-3479
-3309
-2530
-1450
413
3893
5949
4988
5086
2173
1757
2911
4566
4300
5228
3453
2489
1846
4053
2539
2712
1598
2577
4408
2803
240
-1601
-6443
-6773
-8262
-10249
-10994
-9408
-10764
-10445
-5820
-2820
-841
2637
6042
7702
9935
12066
10654
9137
8905
6426
6375
3718
1847
-99
-2360
-3966
-4258
-5437
-4060
-1819
-2496
-4250
-2789
-2699
-2736
-1718
-3578
-5168
-4034
-6392
-8084
-5671
-2865
-2582
1117
3801
4272
8053
9943
9468
11283
13008
10663
11876
11057
9888
10542
10676
7761
8784
8376
7057
8392
5763
2879
22
-4241
-7237
-7912
-12187
-12888
-11787
-10643
-9950
-6821
-3034
-1174
4354
9048
8397
11335
11471
9648
11051
12150
8771
9352
8357
4657
4420
6418
6335
5449
6149
7033
7106
8173
9556
11000
11060
7799
6733
8236
6211
220
-1145
539
-2491
-2073
-88
497
330
-1924
-627
1072
-2730
-3551
-1103
-1261
-2761
-2293
-789
-1469
-3060
-1690
-671
582
2117
3141
4408
3549
1865
-112
-1530
-4891
-4993
-3117
-1839
18003
18661
12656
9529
4791
-1598
-6297
-9365
-12999
-15212
-15832
-14321
-13817
-11516
-8494
-2769
845
5603
9322
9579
7657
7941
4913
903
-1468
-3190
-5291
-6376
-7718
-7743
-5532
-2996
-773
-220
17
1356
1623
1708
2616
3208
1370
-459
-3489
-6296
-8866
-11113
-11548
-12429
-13386
-12492
-9919
-8372
-7376
-6134
-5655
-5048
-4270
-2175
-370
2450
2755
2355
3770
7334
23975
18441
15860
8134
-904
-4956
-12570
-16206
-18410
-21660
-19910
-14273
-12608
-8309
-2113
808
2562
6170
5546
4449
4230
1431
-1927
-1877
-3042
-2805
-552
-1499
-74
3724
7823
9993
13260
14379
14880
16017
14546
13690
12248
8561
6908
4734
2314
1174
1302
-2506
-3583
-1851
-3016
-1178
252
-170
-106
1209
3542
5746
7159
7709
9813
14765
17476
20793
25122
29739
22553
19296
14924
6940
-2269
-7027
-12411
-14398
-14264
-13264
-8796
-2613
-1304
3549
9109
11146
12713
15377
12821
10229
6872
1645
-2389
-5230
-10226
-10933
-9844
-10033
-7465
-4049
-1827
2264
4087
4644
7738
8160
5944
5426
5042
1690
-1368
-2064
-5398
-6245
-6378
-8264
-6136
-4048
-4212
-2790
-1780
-1129
675
2930
3560
6613
8341
8779
11161
12970
14706
20217
23612
25039
2406
2177
2735
4263
5606
6517
7280
6953
6496
5200
2724
2767
1359
107
702
182
-2294
-3771
-3376
-4014
-4529
-5253
-5301
-4366
-3659
-2235
-152
480
1804
3621
2369
4059
4837
5116
6451
5468
4709
3422
3444
2221
1920
1666
1339
2026
2151
3374
3858
3874
3641
3601
2192
556
1653
1601
633
-784
1065
-2365
-3688
-621
-1876
-160
459
1043
1259
-743
371
1928
2347
1181
2977
-278
-1020
2730
1364
1673
1816
2075
816
-1232
-1558
-3674
-4381
-4112
-3125
-2800
-4375
-4066
-3727
-4360
-2741
-291
1022
4286
3753
5083
5796
3875
4583
2860
2636
3474
1559
302
544
-186
635
2006
47
2230
3703
2630
2309
2649
2558
930
-215
-2571
-3108
-3421
-3366
-4573
-4628
-4052
-4261
-3540
-2889
-3893
-3716
-2873
-3450
-3096
-2399
-1228
-249
-490
-1019
-627
-845
-431
-755
-488
-486
691
11
149
237
396
-182
762
144
-1198
-660
-964
-1579
-1785
-474
720
134
1315
2680
2377
4011
2807
1860
1183
1337
-939
-371
102
1265
1110
-1154
-1863
92
892
953
1189
2109
1984
1884
2045
1248
1968
1752
2387
1648
1645
3072
3508
1937
2549
-7636
-7762
-9325
-6455
-5552
-6363
-7740
-5467
-4769
-4185
1926
3599
6013
9575
12774
15830
21089
20357
24351
20582
13920
8434
-121
-5746
-10087
-12223
-16783
-17207
-15482
-13216
-6599
-5558
-2738
-2415
-329
305
585
-1869
-7072
-10384
-11284
-13839
-10998
-14313
-9268
-5263
-1217
3648
8587
11805
14017
14963
18164
15506
15282
11647
6990
2424
-1215
-5004
-9092
-12040
-13952
-14390
-5072
-10856
-12994
-15917
-20004
-17764
-12831
-7456
-5613
-3745
-1397
1497
-2728
1163
-3911
-7597
-12420
-16128
-13384
-14175
-16991
-12829
-12923
-4931
1390
6983
10186
14237
15087
15570
13386
8424
2494
-2956
-8583
-11122
-13182
-16280
-18413
-18007
-17112
-18344
-14096
-10956
-10622
-4324
-1040
-4139
-2196
-2588
-4973
-4855
-4847
-7197
-7816
-5616
-8320
-5309
-2100
-2063
718
7370
11978
17862
19682
20391
24292
27091
18800
18785
11369
3306
-5133
-7098
-11179
-14144
-17627
-11864
-8981
-3826
-909
3387
2567
6315
6003
6361
-489
-5629
-8727
-12239
-11969
-11666
-14562
-10970
-9350
-4971
-2530
4060
5770
10437
11219
12093
12328
10720
3246
568
-1983
-6476
-9457
-12570
-17193
-17842
-20700
-18748
-18426
-17469
-17953
-14219
-10608
-9891
-10252
-7813
-8136
-7394
-5038
-5860
-8260
-6960
6214
2421
-762
-5037
-6417
-9922
-11258
-12647
-12648
-11456
-8967
-7424
-4918
-3757
-4259
-2010
84
244
1793
441
-3120
-4002
-2820
-3847
-2071
-2889
-901
3589
7422
10976
16969
21201
24332
26944
30503
25729
21189
16141
9739
3058
-2193
-7473
-10472
-12399
-11866
-10478
-6065
-5832
-3447
-292
1412
3490
3613
-82
-2239
-3466
-6245
-7756
-7865
-9144
-7091
-4428
-3976
-808
2383
7343
11457
14575
15703
16029
15528
13422
9911
7391
2714
0
-1870
-5458
-7242
-7978
-11784
-11790
-11028
-10018
-6892
-4096
-2549
585
4713
5655
6316
6647
2201
-423
-1789
-2732
-2583
-190
426
3793
7370
10430
13069
17448
21757
25512
28961
29604
22817
20418
13399
8137
3656
-2971
-9382
-11963
-15379
-16063
-13399
-10654
-10517
-7675
-7297
-3824
-2779
-1899
-4622
-4861
-6717
-8330
-8559
-6703
-8719
-6591
-6580
-5597
-4246
-2726
302
3194
2386
3890
2947
3046
1210
1854
-1944
-4416
-6511
-9571
-13272
-11415
-13462
-14960
-14383
-14827
-14461
-11092
-10557
-8077
-5896
-5832
-3987
-1515
-2451
-3131
-4204
-6766
-7521
-4157
-4241
-2856
503
5032
7617
12727
17570
20709
26363
26802
27452
24179
20560
17330
12225
3737
-1290
-5459
-9229
-10223
-10318
-11635
-3857
-2086
-1302
-2274
-1297
-1541
-2034
546
374
2187
997
3410
156
1527
778
1147
-34
2112
36
219
-144
6
-807
285
-2238
-2527
-782
-69
-412
-490
-87
553
895
446
2774
1584
3391
2199
3009
1991
3390
3688
6766
5825
6116
5248
5521
3632
3259
2747
2713
720
2757
1156
589
924
229
298
268
1455
714
1488
2453
2548
7062
8101
5619
4382
4302
3156
4465
5500
6241
5007
4544
3516
4019
5633
7594
6453
8658
8479
6625
6428
7536
4065
4953
5088
6492
3025
3131
1443
2974
-58
2142
1643
3887
2776
3784
5067
5743
6038
8288
5569
3362
3211
1763
3181
800
2
277
-117
-386
1911
-3901
292
-499
-2347
1671
1021
871
3520
4112
4958
7083
5590
7895
8899
6374
8247
7140
7175
6826
3460
3784
4185
1939
3619
1474
1709
1651
944
2353
66
952
2096
1952
3409
4094
3060
933
2669
-99
1876
1328
1782
2870
1285
2042
2903
2712
1835
3442
2764
4679
3861
2804
3649
5313
2054
1498
1435
2230
3574
2680
3795
1266
1191
1830
2193
1186
2171
3943
1909
1083
1458
-357
1393
449
-408
-425
456
1414
616
-1600
-1033
-2560
-4039
-4520
-5292
-7432
-6098
-6157
-7735
-7744
-7286
-6722
-5739
-4418
-7875
-11635
-11666
-13353
-12591
-11316
-11257
-8929
-6765
-3493
116
2672
3647
6979
7675
9142
11116
11101
6294
7893
8254
7232
9066
8051
8380
11068
13427
8128
6339
1523
-2387
-5310
-6830
-12382
-12929
-14069
-11666
-9722
-5461
-4150
695
2967
5560
6090
6667
932
-50
-3206
-5976
-8815
-10907
-14888
-11934
-10076
-8184
-6271
-3759
-1363
1856
2890
3817
2528
3345
2469
1419
-1445
-2749
-4371
-4410
-6558
-3272
-4947
-6365
-6881
-7229
-9273
-7128
-8284
-8756
-7886
-7220
-6637
-4535
-3620
-1350
1851
3597
4718
8166
7182
6929
6444
5785
4423
3893
1405
1162
48
-428
-1635
-1415
-930
321
2402
5815
7257
8067
10539
11927
8149
7648
2948
-1538
-4330
-6554
-11063
-10369
-11964
-8549
-3531
-580
134
5518
5619
8887
11768
11493
7275
5924
1511
-898
-3547
-6395
-9333
-9460
-12248
-11205
-10235
-9352
-6752
-3741
-4338
-3374
-2912
-3771
-3412
-2673
-3370
-5029
-5722
-7596
-6735
-7713
-8203
-8319
-7593
-7512
-5481
-4580
-3879
-3719
-1806
-1841
62
2509
4532
3739
4291
5818
5546
5631
6371
5442
6327
5504
12565
12885
13165
11673
10332
8461
6265
1817
1475
1555
2317
6803
8136
9692
15014
18067
19383
14653
14880
11166
9817
4342
1322
-5559
-7567
-9420
-8358
-7521
-5623
-5555
-677
1065
5425
4565
5408
3492
5001
2412
1860
-2595
-5253
-8440
-7186
-7095
-5697
-3835
-3718
-4116
-2587
-1176
-537
-681
-357
-1323
-1640
-2415
-2897
-2879
-2667
-2331
-836
-1505
-2142
-3214
-3901
-5469
-5909
-7478
-6324
-5799
-5434
-3686
-1972
-886
712
968
832
-234
629
-733
-2120
-3191
-4401
-5960
-5164
-5705
-6654
-6219
-6542
-5857
-3391
-3669
-1944
853
542
1854
3799
4034
4032
5860
4934
5046
5057
4021
1725
1632
974
432
12
-847
-122
2973
4704
6441
8777
10709
11907
16448
13666
10699
6890
2575
-772
98
-5395
-8309
-10768
-11781
-9427
-5692
-5856
-2406
-1389
1597
3933
6500
5296
4778
2699
37
-2661
-4384
-7698
-7244
-8310
-7847
-7506
-5134
-3316
-987
744
2823
2209
3824
2913
2902
207
-885
-2036
-1907
-3403
-3057
-5485
-6650
-8274
-7914
-7124
-4659
-5083
-3080
-1721
-304
1873
3290
4223
3948
3628
3490
2091
2869
1517
161
-1599
-979
-1735
-2259
-2535
-3980
-5395
-4350
-2785
-249
6966
5069
4139
3642
2160
3001
1712
1477
1708
1232
1691
1929
1538
603
-107
-1153
-2074
-3103
-4327
-3279
-2675
-2447
-3435
-2349
-2742
-3785
-3923
-3549
-2556
-1178
-497
-1544
-831
-567
-76
490
4
-482
1113
2234
2509
4163
2985
2719
2927
2179
1066
-706
-1451
-918
-420
-843
-1107
-48
-1278
-1444
304
-239
-1409
-1743
-2183
-4251
-4129
-9615
-13941
-13320
-17548
-12576
-11668
-10187
-4232
-2104
725
4876
5015
5100
9933
8742
10839
14215
10398
10418
10740
9499
12837
13296
10569
7293
2927
-323
-3790
-6379
-10300
-7791
-8319
-6170
-2054
-138
3383
4080
2393
1309
-462
-1176
-4821
-11760
-14171
-14674
-15263
-11681
-10705
-5451
1748
6228
10222
11619
11461
12392
10201
2726
-2411
-6967
-8040
-8475
-9645
-8328
-1315
4390
9452
13149
13679
14946
15549
11909
4831
-402
-4617
-8181
-12578
-14305
-13271
-11583
-6784
-318
3767
7362
11713
11998
8756
4177
-1730
-6847
-11697
-14576
-15871
-14209
-11098
-6990
-1999
1328
4649
6728
5940
4090
780
-4901
-10243
-14620
-17008
-17083
-16195
-12774
-8156
-3610
2504
8260
9658
10467
9746
6631
4016
1425
-1525
-5040
-6139
-7165
-7538
-5277
-2821
1380
1920
3335
409
329
1375
2630
2477
4831
4927
2681
2990
1620
1464
1300
866
-380
643
828
1108
650
-91
-487
-432
-1459
-1546
119
1925
4379
4501
2786
-1199
-3966
-3511
-2874
-2362
-2046
-1964
-1264
-209
-219
339
1120
203
-377
260
22
-1499
-481
548
298
-975
-3088
-5629
-7388
-6190
-5519
-5234
-4392
-3240
-2695
-2837
-2742
-3393
-4933
-6165
-6389
-1303
-625
-1699
-4055
-6075
-6519
-5155
-2775
-1413
-14
1893
3155
3663
3846
2188
976
-114
-2222
-2726
-934
-46
1765
2670
3952
4508
6004
6297
5415
4046
1774
-1699
-4162
-5194
-5366
-5304
-4970
-3847
-1944
-1865
-1831
-2035
-1719
-2075
-2797
-2939
-3967
-3063
-4369
-4125
-3990
-3787
-2645
-2189
-2117
-2522
-2920
-2487
-1214
-576
-409
-795
-125
-1114
-1063
-709
-2315
-1296
87
1097
1789
2414
1676
749
1391
731
1941
1229
274
139
-982
-2488
-2939
-3409
-2887
-2203
-1044
-1467
-2231
-1546
-1943
-2044
-2359
-3315
-2755
-1958
-1775
-1320
-797
-1048
-854
-16
-1356
-1367
-1859
-3127
-3410
-2983
-4086
-4884
-5343
-2231
-4483
-7017
-4574
-5398
-1281
-1214
269
4008
4793
5949
7043
3503
2848
6152
8422
10306
12404
-1708
-1911
-1459
-1110
-1678
-2223
-1991
-715
-1356
-2060
-734
-829
-348
-603
-302
352
1644
1838
596
255
544
221
-155
-28
-875
-1133
-440
185
-27
236
-561
1064
2432
3028
3159
1411
-59
-696
-845
-759
-546
-597
-235
987
2078
2765
3691
5179
4475
3646
3334
2058
2259
3595
2840
1745
1766
400
576
-422
-1517
-1810
-917
164
2003
2373
1684
2244
1372
492
-168
-41
918
172
1083
793
-16
-4632
-2353
-4139
-5120
-4303
-5184
-2803
-1188
34
1301
3260
2783
3854
2764
1219
1474
1039
-209
1494
1471
1971
3261
3841
6103
8984
9076
8053
9283
7722
7239
6829
4821
-1455
-2086
-3321
-4339
-4112
-2599
2269
3319
4815
5010
3832
1353
-3685
-7116
-8159
-8795
-8499
-8010
-6118
-3835
466
2713
3663
3769
5022
4251
2319
125
-1327
-606
-805
-677
391
1261
2310
4159
3085
1790
1705
1004
1520
1545
2766
3323
1250
-731
-1968
-1885
-1837
-357
847
233
1043
1357
609
203
-827
-2812
-4785
-5053
-4817
-3513
-4057
-4529
-4959
-4538
-4275
-4566
-4344
-3828
-3715
-3597
-4609
-5555
-6478
-6086
-5124
-4200
-2485
-2796
-1970
-1875
-2105
-6781
-6253
-7352
-8520
-7503
-7892
-7840
-5978
-4061
-2473
369
581
1244
2533
3602
4338
3964
4844
4553
5303
6041
5655
5035
5019
3995
3834
5074
4529
3158
2608
999
-439
108
-534
71
-373
-836
-1292
-2562
-3715
-4421
-4128
-3610
-3480
-2185
590
489
1847
4637
6092
7798
9686
11284
12834
13086
11573
10021
9285
8680
7772
7357
6509
4467
3418
1584
3448
4590
4578
4875
4906
3856
3365
3613
3500
2839
3346
4000
5304
4979
5135
5476
6236
6314
6327
5682
5293
6748
5994
4805
5726
5421
5580
6056
6725
7402
9462
8228
8849
7211
5000
3756
2581
-344
-2637
-4088
-5348
-8644
-6912
-5773
-5627
-5325
-3987
-2642
-3058
-1018
-1144
-2237
-1073
-928
-2335
-1967
-975
606
857
1742
1746
1889
3818
3132
2684
2387
789
760
646
-222
-40
361
-686
-2116
-3566
-4858
-3686
-3242
-4088
-4594
-4053
-4213
-4911
-5138
-6970
-6987
-6500
-5782
-6953
-5461
-3557
-4720
-2353
166
1721
3813
5172
6214
6708
7732
9046
9641
11039
11391
13585
12135
11004
9644
7027
5706
3800
3454
3729
2002
1655
671
-219
-976
-586
-1413
-1043
-1970
-2022
-1992
-3765
-4665
-5222
-5045
-3967
-4822
-5394
-5207
-5364
-2434
733
1194
1401
633
1047
1390
395
466
-875
-2112
-2464
-2645
-3416
-1643
-597
-658
823
1572
2691
1890
1454
60
-1612
-480
515
-2320
-1783
-868
-1304
1667
2550
2174
2373
1521
825
1277
2062
1578
872
1147
1445
1291
935
1928
2251
1544
952
1910
2137
3050
3591
2880
2686
3275
2854
2518
2988
-1127
-7
306
866
3158
3847
4106
4382
3940
4516
3419
2839
4060
3585
3700
3933
3716
4205
4511
4925
3995
3628
2574
2877
4706
3917
2851
3743
3771
3116
3118
3659
2299
1825
2745
2117
1836
624
-439
-646
-1028
-554
-594
-318
-621
-1740
-2326
-2844
-2936
-3460
-3601
-3239
-4574
-3386
-3441
-5168
-4727
-4037
-4977
-4128
-2727
-2096
-2325
-696
-1920
-2800
-1621
-1069
-651
-429
-604
-1335
-560
-54
-870
-1816
-2445
-4043
-5270
-4533
-3841
-2588
-2667
-2179
-1464
-1545
-653
-1273
-1574
-2375
-2385
-1697
-1401
-1953
-1919
-1972
-2521
-1109
-1307
-1060
-1586
-461
-1104
-47
119
1601
2221
1382
1162
1074
1021
-439
-397
-756
-1160
-932
333
-18
1425
1187
1251
2328
2343
3870
1882
1124
1136
147
-719
-574
-954
-1739
-1774
-1470
-2608
-3118
-4361
-4797
-2968
-2592
-2253
-2957
-3933
-4621
-5295
-3895
-3733
-4429
-4207
-4083
-4450
-2889
-1787
-1743
-1097
-1445
-601
404
-429
-832
-898
-1747
-2512
-2854
-2419
-1795
-1635
-526
-1226
-1609
-1581
-991
-804
-2790
-3199
-3108
-2641
-3715
-4434
-4218
-4311
-4436
-4375
-5849
-5384
-6356
-6508
-6695
-6292
-4616
-3804
-3634
-3382
-3029
-3000
-3139
-1209
-1494
-2090
-592
202
687
1416
1367
2066
1489
1484
496
-370
-649
-1051
-443
-1410
-1289
-1802
-2373
-3631
-2807
-3223
-3876
-4091
-3961
-3463
-2747
-3248
-3922
-3485
-4563
-6045
-6059
-5810
-4308
-4115
-3519
-2512
-3181
-1762
-1310
-3113
-3445
-3161
-3776
-3124
-3127
-2710
-2327
-2509
-1198
-961
-1740
-2485
-3007
-3065
-3121
-3329
-4243
-2324
-2237
-3158
-2713
-3491
-3945
-3263
-3524
-4180
-4020
-4369
-3576
-1447
377
640
854
-95
-1931
-2003
-1542
-1904
-1529
-1260
-1206
-908
-956
-1178
103
120
-412
-490
-42
537
1553
3542
3192
490
-1077
-966
-1762
-1447
-1712
-866
442
842
925
1349
1316
973
1650
1969
886
1091
1263
743
532
1616
2393
2289
2161
2554
2882
1800
1372
-198
-224
-668
-520
737
1055
1550
3252
2050
1170
110
-93
367
183
305
1609
2421
3071
2951
2324
2367
949
174
-1291
-129
-342
-53
-281
-1540
-2019
-2484
-668
-1470
-1608
-1734
-2322
-2222
-2477
-1694
-976
-1096
-1699
-1398
-1421
-1241
-273
158
856
227
-111
-64
-326
66
-24
-1355
-3128
-2828
-2282
-3265
-1776
-1289
-1132
-1106
-784
2330
2415
2402
3510
3450
5665
6165
6027
6743
7719
7968
7163
8132
5819
5144
5808
4551
4658
5945
5851
6652
7506
6401
5665
6476
5355
5296
5212
5051
5071
2671
1510
1379
718
1028
1520
1763
1560
1066
1546
1353
1402
605
1148
1088
1539
3123
3419
2931
2634
3051
3187
3449
3654
3906
4717
4989
5517
3294
1489
2216
2009
1524
641
-198
-224
-668
-520
737
1055
1550
3252
2050
1170
110
-93
367
183
305
1609
2421
3071
2951
2324
2367
949
174
-1291
-129
-342
-53
-281
-1540
-2019
-2484
-668
-1470
-1608
-1734
-2322
-2222
-2477
-1694
-976
-1096
-1699
-1398
-1421
-1241
-273
158
856
227
-111
-64
-326
66
-24
-1355
-3128
-2828
-2282
-3265
-1776
-1289
-1132
-1106
-784
12323
9967
9800
8624
7275
6015
6205
4937
3602
3290
1640
-692
-2386
-3957
-5439
-5687
-5837
-6729
-9020
-10551
-12259
-12568
-12545
-12719
-12050
-12482
-14369
-15231
-15346
-15184
-14997
-14950
-13972
-13330
-12749
-10687
-9762
-8758
-7683
-8833
-8949
-7611
-6772
-6797
-3782
-1649
-1415
193
1520
1991
3320
4363
5092
5767
7772
8430
9501
8438
7785
7604
4979
4887
4805
3333
3530
3742
2179
165
-713
-2392
-3845
-4232
-4274
-4118
-5861
-6490
-6743
-7687
-8632
-9237
-10388
-10191
-9697
-9067
-8547
-8713
-7238
-6194
-5355
-6524
-5989
-5466
-6082
-5593
-4131
-3532
-2924
-1509
-448
1733
3723
4840
5159
5998
4456
5358
4159
1533
1663
3273
3488
3108
4102
3464
1903
856
-989
-2222
-2615
-2798
-4229
-5581
-5047
-4297
-5081
-6601
-6539
-7751
-7890
-6446
-7770
-9293
-9376
-10150
-11552
-11848
-11997
-11999
-10853
-9062
-8815
-9143
-8866
-8833
-7763
-6872
-5357
-5749
-7307
-6887
-6129
-3688
-2841
-1836
-531
1144
2180
3340
4816
4886
4647
4981
4716
6160
6844
7213
8938
8731
8054
7494
4974
4174
3319
2413
2791
1952
1036
2
441
-1796
-2072
-2064
-2810
-2627
-1614
-1544
-1754
-477
-740
-3349
-3570
-4558
326
768
774
1604
1345
469
1699
1014
1099
1611
1285
1096
925
585
560
104
-339
1106
678
276
1292
1129
656
1065
1853
2030
1264
688
-314
469
78
278
688
1388
2588
2167
2659
3449
3949
3669
3289
2477
2427
3297
3191
2875
2363
800
-1416
-1400
-245
117
1547
1327
995
291
-428
642
1719
1427
373
-890
-1341
-701
-3759
-3526
-3612
-3880
-4884
-4370
-4746
-6562
-6943
-7237
-6635
-6026
-5938
-4721
-4932
-4010
-2622
-2305
-2774
-3197
-2308
-2560
-3184
-2284
-1473
-2505
-723
-141
598
2043
2557
2566
2586
1448
825
995
2367
1006
285
901
557
35
239
905
1264
2454
1055
-535
-436
25
483
1918
1892
826
-67
-1280
-1659
-1074
805
1039
-17
-102
-731
-446
-920
-1461
-1926
-1116
269
921
1151
2740
1223
1654
2383
3727
4619
5913
4473
2655
2167
2283
1642
2262
2934
1597
1593
98
-509
-385
-990
-715
-697
-871
-403
22
-345
-77
-509
-590
-292
-249
-1602
-2199
-2434
-1806
-601
676
-928
-1339
-1871
-1437
406
-349
-188
68
-1799
-1261
-2018
-2507
-1281
-270
-117
554
729
-432
-1568
-1615
2176
1389
1212
1113
1243
1872
2045
3122
3207
4071
3378
2619
1883
921
860
1179
1117
1905
1858
1509
1572
967
1574
1342
681
-996
-1548
-843
596
1286
1221
116
694
1025
646
1612
1035
474
-1334
-2232
-1624
-1238
-229
-545
-1119
-1780
-1323
-1405
-2786
-2468
-1122
-855
286
409
-948
-1208
-2266
-1654
-1001
-681
-418
-335
14
183
606
-405
-1823
-2895
-2142
-1163
-926
55
462
-812
-412
-1560
-1682
-1250
-1664
-1120
-494
340
-318
-779
-488
362
642
2048
3478
2816
1537
1763
1796
1684
3714
4432
3579
2045
1114
-662
60
1532
2119
3211
3437
2129
1572
1338
2985
3256
3045
2246
1666
2425
2332
1442
-385
-552
45
242
1398
2073
1636
1192
1325
1935
2838
2786
3100
2053
1129
1954
1507
1400
501
655
338
543
1430
2220
2177
1700
816
-358
-194
-52
1252
2242
2394
1806
1849
1033
-190
-1325
-2250
-2810
-3092
-2741
-3006
-1680
-498
-1612
-2432
-2596
-3515
-2552
-2654
-1617
-580
-650
-1328
-2634
-1701
-2392
-2705
-3667
-4008
-3375
-3025
-2080
-1486
-1510
-432
857
1161
30
141
-468
-1546
-972
-1750
-2774
-1291
-1154
-784
-173
357
-500
547
1837
2592
2418
2143
414
-1583
-1184
-610
-1865
-1417
-1644
-2167
-1554
-1753
-1281
-2981
-3221
-4015
-4704
-3999
-4862
-4922
-3243
-2970
-2631
-3081
-4725
-4364
-3458
-4065
-3433
-3683
-3996
-4802
-2600
-2579
-1724
-2398
-2989
-2821
-3752
-2844
-2565
-1686
-1356
-1261
-481
315
-453
-1265
-2455
-3226
-2832
-4176
-2867
-3413
-4382
-1235
-1594
-332
-1030
-1444
-1691
-2571
-2223
-3424
-3466
-2816
-2648
-2241
-852
-1875
-2241
-2804
-2999
-2280
-2258
-2657
-3540
-3758
-5013
-4718
-4217
-3361
-3433
-3443
-2345
-1938
-1834
-3446
-2006
-1856
-1127
820
2342
2825
3590
2864
4095
3670
3980
4260
3345
4332
5746
5561
6196
6942
5442
4890
3649
3750
1854
1953
2237
1808
733
685
684
-1609
-1081
-1291
-1154
-784
-173
357
-500
547
1837
2592
2418
2143
414
-1583
-1184
-610
-1865
-1417
-1644
-2167
-1554
-1753
-1281
-2981
-3221
-4015
-4704
-3999
-4862
-4922
-3243
-2970
-2631
-3081
-4725
-4364
-3458
-4065
-3433
-3683
-3996
-4802
-2600
-2579
-1724
-2398
-2989
-2821
-3752
-2844
-2565
-1686
-1356
-1261
-481
315
-453
-1265
-2455
-3226
-2832
-4176
-2867
-3413
-4382
-621
708
1005
357
163
-268
-1337
-1477
-1068
-1005
-2264
-542
-565
-1635
-2210
-2866
-2187
-2875
-1624
-1525
-3272
-2805
-2731
-3411
-3825
-4964
-5260
-3852
-2730
-2322
-2086
-1799
-3137
-4150
-2767
-2693
-3547
-3685
-3849
-4630
-3922
-3871
-3451
-3149
-2303
-1624
-1841
-2201
-1619
-2842
-3009
-2007
-2353
-1977
-1188
-1655
-1512
-239
127
337
-367
232
1449
1326
2196
691
-193
-1879
-1315
549
-665
-552
-817
-2252
-2281
-1232
-163
-357
-29
-984
-1850
-1568
-566
-646
-1012
-62
-190
1028
786
84
-159
932
3565
3691
4008
4782
5178
5353
3348
3972
5200
3538
2483
3243
3880
5428
5201
4215
4863
4603
5678
6016
5510
6050
5823
5215
4619
4608
4790
5082
5674
5238
4955
5140
3660
1398
1156
1993
-28
579
1195
-76
-1272
-1117
-97
-278
-816
-862
-263
841
2035
2846
3001
2734
2369
1353
1734
1346
1366
2421
2300
2114
1366
1121
164
-1336
-2248
-2225
-1549
-1260
-597
-715
-1812
-2452
-1908
-1703
-1709
-1898
-1341
-1957
-1095
-1075
791
1049
-32
-222
-1814
-1520
-356
-211
645
397
18
147
39
307
1862
633
-491
887
1290
1086
59
-367
-1031
-3065
-436
-3090
-2682
-2658
-2366
-4990
-2147
-2621
-1833
-1514
-894
-2689
-2806
-2370
-2059
-2963
-2104
-121
-1545
1331
732
114
-3416
58
-2030
1291
-696
2652
-822
569
-2241
-1264
-896
-3714
-4343
-1432
-769
-4664
-1663
-2439
-5630
-1712
-496
-384
-412
2101
-573
-1823
-1018
467
-1916
3045
-1596
-48
1365
-215
-4674
-197
-2194
-6885
4018
7531
2656
611
9966
-128
7171
5941
5621
8065
5173
9591
3436
7662
4416
6487
7606
5349
7657
5811
2053
5318
4188
5739
2613
7619
4293
6624
-2432
1387
-911
-4571
435
-3778
4323
-1967
-2204
2986
-3299
-3599
-5437
-3393
-6295
-6999
565
-5125
-3778
-2716
2120
-7474
-2117
-368
-3215
-5640
-2836
-4977
-4351
-1911
-1188
-1489
3543
2276
2838
1808
3348
-1065
3068
5699
4178
6174
3456
7477
5038
3435
6506
5693
5324
6448
4773
5184
6104
5420
4499
5549
803
1216
2039
-3680
469
-1679
-1362
-1826
-1486
-5260
-6421
-507
-1910
-901
4683
1761
830
2360
3326
-3358
2595
1344
2511
3277
4396
5182
1578
4077
2337
209
3954
830
-210
1560
474
-632
-1130
-1688
1425
-343
1329
-1752
-2107
-470
2825
2832
2098
2457
2123
1606
2507
2408
845
210
-26
123
-300
-115
-618
-898
-742
213
-111
-935
33
2119
2567
3613
3619
3065
2440
2719
676
288
654
1189
1340
1187
148
-34
-131
-177
471
-461
2215
-667
-516
-1317
524
-722
-599
-1333
1741
1222
3923
1557
15
-83
588
437
-382
-1297
-2936
16
-308
13
912
3099
875
3912
2056
2668
2114
2364
4477
956
898
-524
943
1653
4355
5400
4602
3690
3482
2432
3237
3489
1633
3422
924
-1638
-1882
-2412
7
323
3023
902
-2433
-1151
-589
1833
2719
3541
3125
-1560
-467
-472
1461
3502
1436
1972
378
-1519
-989
2403
-1032
-1065
-3553
-3910
-4554
-2588
-979
-2675
-2916
-4988
-3713
-2563
-379
1684
1326
304
-186
397
1421
2067
513
-881
-2791
-1803
-1283
1288
2384
2555
1915
1857
-618
2033
3170
3511
2747
2341
3733
2189
3872
1818
2285
564
749
1379
2723
4120
2283
2551
422
1096
-2147
-416
-2607
-2864
319
133
675
-1107
-1528
-3150
-1963
-1926
-26
-2120
-2050
-2791
-3991
-1664
-379
-284
-1354
-2614
-2673
-2108
96
133
-805
-1557
-3289
-2851
808
-2078
-371
171
1602
2705
1363
2728
939
2418
324
619
1641
265
1115
-522
181
1625
789
2721
3988
2227
1725
1731
1291
4066
3196
3620
4180
4061
4593
4385
5366
6501
5773
3963
4978
5519
5160
6390
4884
3111
3948
1569
1682
1647
841
518
36
588
-596
297
2002
448
207
-792
801
903
115
1516
1274
1498
2111
3917
-1220
-2486
-3324
-2026
-3100
-5121
-2531
-4441
-3302
-4183
-5662
-5305
-3114
-4595
-4778
-5497
-4903
-4460
-3207
-3751
-4389
-3294
-3521
-4571
-3745
-3499
-2509
-2460
-1378
-2881
-2000
-789
-557
-647
-1547
-4842
-2112
-2724
-2160
-1812
-3607
-1275
-4563
-4144
-1428
-1908
-1212
-2834
-1194
-2309
-1589
-1178
-1545
-797
-390
-1678
-977
-288
-1965
-2882
-2613
-828
-228
-2318
808
-2078
-371
171
1602
2705
1363
2728
939
2418
324
619
1641
265
1115
-522
181
1625
789
2721
3988
2227
1725
1731
1291
4066
3196
3620
4180
4061
4593
4385
5366
6501
5773
3963
4978
5519
5160
6390
4884
3111
3948
1569
1682
1647
841
518
36
588
-596
297
2002
448
207
-792
801
903
115
1516
1274
1498
2111
3917
-508
-1317
-2315
-1719
-1290
595
2099
2853
1214
784
727
1137
1815
1560
2070
1191
823
1105
588
1310
1737
1608
1969
570
577
1461
2526
3479
2767
2353
598
1403
1729
2050
2384
2733
933
-595
-347
918
530
1646
2081
1596
867
1218
1618
815
974
1528
1863
1438
1658
1936
2680
1977
1209
279
-340
388
1578
3694
3908
4620
4520
4015
5031
5954
6924
6539
6145
6113
3719
3705
3606
2484
2211
1591
2255
2288
2192
2591
2439
2202
2061
1595
1200
527
-82
-293
-594
129
715
1891
2459
486
1247
1005
977
1082
506
-240
-2267
-2013
-3339
-2836
-2294
-841
-1084
-2731
-2097
-2082
-2362
-2417
-1952
-1655
-2373
-3209
-4445
-4578
-3186
-2989
-2906
-2349
-1601
-2290
-535
-835
-442
491
480
-43
-1107
-267
-1184
-1504
-1582
-2358
-2060
-1807
-848
-77
-164
-890
604
1104
247
1010
881
-524
-411
385
-33
-810
-1954
-886
261
-2342
-848
-2152
-2642
-1303
-1425
-446
-1245
-1505
-1050
-351
617
1547
775
-1510
-3040
-3407
-2537
-2944
-2093
-1085
-1840
-1701
-1581
-596
-903
-1870
-4354
-5633
-5803
-5450
-3259
-3479
-2727
-2182
-1509
266
-832
707
575
975
1216
1520
1613
1776
1552
308
1104
2974
4059
3442
3954
4086
5226
4308
4232
3659
2140
1926
2498
2843
2717
3319
1676
1429
40
-1181
-28
1196
1756
-286
-550
-410
63
-47
-455
265
-1944
-2350
-1346
-1185
-858
534
-123
-951
-713
-591
-352
357
-69
-271
-756
-1073
-1281
-3142
-4383
-4540
-4712
-4657
2707
2157
1856
2258
4240
3048
4948
4283
3550
4069
3461
3639
3503
4210
2778
2537
3456
2523
-27
1277
289
1048
958
1076
484
257
595
-380
911
-291
564
1324
555
166
975
1074
2388
1214
270
-544
-812
-840
-1145
-1488
-749
339
-670
-1168
-1190
-1821
-108
-1003
-1085
-2252
-2221
-3325
-2492
-1565
-433
43
136
-922
-1451
-1737
-1441
-163
-288
-1035
-1879
-2542
-3930
-2189
-566
-2677
-2773
-2064
-2183
-1757
-1835
-2521
-3054
-1980
-1744
-1298
-2643
-3064
-2721
-2621
-2862
-1292
-1604
-331
835
531
-381
-1720
-3354
-3266
-3294
-4023
-3033
-2876
-1727
-1553
424
951
788
669
-592
-483
-805
-988
-959
-1309
-2478
-2467
-1859
-76
1496
3101
1725
1685
513
1460
1324
2285
3653
2338
-1155
-545
294
687
597
202
1041
527
400
524
906
-134
-1789
-2025
-1522
-957
-909
-1886
-3175
-4027
-3793
-5709
-4815
-4008
-4530
-5007
-6404
-8099
-7572
-7188
-7133
-5613
-4345
-4146
-5698
-5510
-4841
-4267
-3567
-5573
-5788
-4676
-4857
-2242
-1933
-2014
-2118
-2694
-3608
-4205
-1936
-1883
-2821
-3238
-5044
-5050
-3499
-2134
-1360
-1012
-1150
-2419
-2107
-617
1104
1130
2001
1038
-790
-1076
-1679
-1389
-520
-392
-988
-415
365
60
-796
-1767
-1553
-1698
-851
-1676
-1576
-1638
-3566
-2492
-4107
-5311
-4956
-4720
-4853
-3181
-3784
-4675
-2806
-3037
-2911
-3841
-5018
-5025
-4344
-4633
-4742
-3444
-3037
-4500
-4145
-4950
-4226
-2859
-3044
-2407
-3349
-2942
-3498
-4201
-1567
-800
-1326
-708
-2196
-3129
-3076
-3180
-2518
-3522
-1914
-1995
-1281
-2252
-1515
-2945
-3411
-3343
-3367
-2223
-2406
-1674
-2780
-3170
-2484
-1155
-2556
-2244
-2919
-1997
-600
-563
-371
-906
313
345
-215
618
426
347
919
-445
123
-469
-208
-481
-1500
-334
17
-255
216
1771
2270
2394
3495
2394
1607
901
672
1029
2677
3465
3544
1410
1172
1798
1265
1071
2879
1823
1785
1905
2633
3699
2954
5336
4003
4414
3912
5043
4800
3654
2566
3350
2407
2770
2924
3376
2908
2801
2569
3603
3997
3278
2406
1746
1367
-76
-602
379
1460
-248
-265
590
385
1791
779
-341
-607
-242
756
626
1115
747
928
438
2379
3414
2314
1260
1667
1109
2170
2757
3202
2800
3319
2519
2186
1451
1984
1240
-476
167
24
341
1
291
1743
1316
666
346
1652
1475
1633
3248
3252
2443
2093
3572
2950
1634
2753
2691
1834
2580
2256
2866
2590
2480
1049
1460
218
1167
376
-233
-209
-1551
-3040
-2252
-1378
-934
-321
-303
604
1958
771
1231
1752
672
-178
793
348
-407
-1682
-1063
-452
-576
1538
853
839
1181
414
1282
-692
1657
3487
2586
2369
2036
1993
2086
2954
5336
4003
4414
3912
5043
4800
3654
2566
3350
2407
2770
2924
3376
2908
2801
2569
3603
3997
3278
2406
1746
1367
-76
-602
379
1460
-248
-265
590
385
1791
779
-341
-607
-242
756
626
1115
747
928
438
2379
3414
2314
1260
1667
1109
2170
2757
3202
2800
3319
2519
2186
1451
1984
1240
-476
167
24
341
1
291
3113
3518
3150
3053
4299
5334
5840
5045
4467
5137
4003
4371
3408
3037
1664
1331
1150
2700
3504
3283
2074
-1490
-767
1076
834
448
-1206
-1959
-1736
-2313
-1673
-596
-1496
-2321
-2982
-2812
-3477
-2363
-1428
-3446
-4275
-5163
-5245
-5779
-5806
-4869
-5471
-7241
-7553
-7040
-7013
-6759
-8177
-8508
-7248
-8050
-8476
-7561
-8359
-9664
-11595
-11955
-12035
-11439
-11477
-11499
-10705
-10923
-8762
-8966
-9170
-9457
-10636
-9633
-8351
-8177
-7569
-6727
-5968
-4542
-3141
-1698
-538
-375
792
144
-145
103
-1512
-1926
-1630
-1914
-1111
-1866
-1032
720
803
-958
-1452
-1524
-2833
-2985
-1679
-2621
-2384
-3080
-4181
-5233
-4242
-4834
-5591
-4333
-5723
-4618
-4105
-5307
-4791
-5274
-4550
-4859
-4737
-3557
-3999
-3134
-4862
-5447
-4807
-6009
-6434
-6764
-7214
-6262
-6357
-7095
-6852
-7347
-6808
-8226
-8395
-7530
-7295
-6430
-5882
-5977
-7405
-7693
-8331
-9601
-7828
-6983
-7435
-7740
-7403
-7655
-7246
-5744
-4864
-4881
-5949
-5930
-5830
-4533
-4622
-5958
-6075
-7301
-8740
-9696
-7748
-8111
-8872
-8944
-10239
-9889
-7692
-7425
-6946
-6932
-6447
-7481
-8238
-8585
-8517
-7641
-6351
-5657
-4492
-5684
-6744
-6496
-8302
-8591
3691
3674
3569
2326
2731
2230
2223
2317
-133
-848
-1204
-1874
-404
-163
1996
1665
1094
690
3004
4571
5499
4279
4285
3581
3450
5012
4279
4887
4595
4172
4299
4842
5210
5161
3685
3300
3296
4531
4702
4218
2993
3017
2062
2844
825
395
905
446
954
346
1432
-121
1147
600
248
239
572
476
-431
11
-1117
401
153
824
4986
3860
1953
2290
1027
3739
4311
3939
4540
1631
1195
2288
2448
5490
4348
3720
3616
973
1578
1530
1723
1145
655
110
-978
900
909
-917
-753
-1457
-2801
-801
1245
1687
1931
1544
-1307
-293
859
724
2214
1900
-301
1196
89
368
853
2237
1210
1225
-156
-32
484
-72
-1138
-604
620
463
2135
2864
2134
895
395
-1657
-2445
-1821
-1965
-2397
-1032
206
1210
1265
48
-1023
-1428
-317
1445
1586
2119
-346
-1365
-1176
-1013
-710
-1251
-3302
-3940
-4541
-3919
-4109
-6118
-6103
-4631
-5675
-4808
-5435
-6002
-6682
-6225
-6383
-6062
-5111
-6159
-6685
-5181
-5296
-6035
-5516
-7162
-7531
-7216
-7145
-7206
-6480
-5277
-3583
-2836
-1744
-2341
-450
959
1975
2602
1699
119
-1533
-2432
-4937
-7541
-7589
-6599
-6011
-4667
-4278
-5875
-7408
-6793
-5965
-7348
-6323
-6674
-6807
-4484
-3747
-3156
-2322
-2687
-2434
-3113
-3009
-2823
-1966
-1808
-1222
-950
-1523
-1024
-845
-134
600
1454
377
-12
370
266
2594
3431
2613
2594
3092
1780
2389
2348
200
777
991
818
597
246
-1073
-695
1172
2815
3854
876
1048
-237
-596
417
1044
2474
2906
1025
1575
1974
1650
-24
-1
-845
-1383
-3130
-3653
-820
1433
893
-243
146
-489
-299
-1073
966
-809
-2641
-4845
-5401
-4345
-5054
-3939
-4382
-5403
-5038
-5069
-4066
-2543
-3296
-3655
-4177
-5642
-5115
-4514
-3803
-1930
-4394
-2907
-3136
-3213
-2325
-1611
-2038
-3251
-4006
-3944
-4121
-6042
-5697
-7624
-6570
-5730
-5222
-4315
-2890
-4318
-3901
-3745
-3470
-2950
-2574
-3058
-1921
-2677
-198
1653
1829
628
-157
189
324
1759
2695
4500
3367
2552
2185
2359
4380
4464
3263
3418
3572
2789
2056
3181
5086
4255
3505
2171
2304
3469
4665
4010
2585
2240
1588
1761
1510
4711
3532
4040
2961
3543
4170
4998
5705
4752
4175
3162
4680
3372
3518
3559
3142
2322
2254
2230
2299
2711
2983
2675
1616
2191
-2559
-2909
-3898
-5035
-4596
-3867
-5973
-6043
-3982
-139
749
817
-2209
-4448
-5926
-6717
-4961
-5005
-4517
-6460
-9262
-10026
-7378
-4227
-3739
-5170
-6031
-7031
-5535
-2953
-3651
-4851
-7334
-8280
-8393
-9065
-10460
-10293
-8883
-6276
-4524
-3805
-7605
-6401
-6030
-5327
-3632
-5708
-10296
-12114
-15075
-9319
-3526
-2510
-2663
-5938
-5432
-1303
1276
1552
-261
-6280
-8768
-11652
-5620
-3676
-3583
-2039
-1237
-1331
-1256
-1783
-2361
-2893
-3329
-3021
-4004
-6180
-6693
-7024
-7902
-8188
-7628
-6786
-7743
-8106
-7590
-7673
-5534
-3053
-5879
-8481
-8570
-8157
-6634
-4618
-5201
-5540
-7877
-9077
-7801
-5426
-5349
-3953
-5901
-6656
-6118
-4888
-3485
-4151
-5580
-7931
-8559
-8002
-7503
-7313
-5077
-6792
-7531
-8370
-7774
-6394
-3092
-3634
-4294
-4163
-2536
-1742
-2559
-2909
-3898
-5035
-4596
-3867
-5973
-6043
-3982
-139
749
817
-2209
-4448
-5926
-6717
-4961
-5005
-4517
-6460
-9262
-10026
-7378
-4227
-3739
-5170
-6031
-7031
-5535
-2953
-3651
-4851
-7334
-8280
-8393
-9065
-10460
-10293
-8883
-6276
-4524
-3805
-7605
-6401
-6030
-5327
-3632
-5708
-10296
-12114
-15075
-9319
-3526
-2510
-2663
-5938
-5432
-1303
1276
1552
-261
-6280
-8768
-11652
-6849
141
-2735
1121
1821
-7663
2555
6770
13724
4270
-4584
-8564
8486
14481
835
5656
-6747
1686
7350
-2298
8873
2143
7247
9305
-2370
9143
9075
-1650
-11295
-12395
4830
19113
17988
10056
-5480
-306
18951
16577
9008
-19666
-18309
-2006
11471
25707
6071
-5545
-5227
9867
26354
17216
-9250
-19388
-18772
8683
-27974
22710
-1872
-18956
-4360
19398
27370
9377
-14725
-15517
8449
21844
18158
-7903
-18831
2680
11978
15502
8961
-2605
4105
16519
13530
6130
-5435
-6512
-6224
-3844
4401
11333
7702
1110
1592
8247
29171
14485
-15868
28019
-22668
21702
-26559
30446
-15569
32607
1395
-23887
-14483
16206
25439
24601
2792
-29931
-20377
5430
-24258
-19470
5989
-27991
25589
5889
-13956
-10804
18718
27956
20003
-11516
-15459
7384
14956
19400
2694
-57
16778
22705
20549
-1031
-19947
-13425
8435
21788
17577
4903
5386
14071
29592
24494
1253
-15994
-10871
2208
12272
7058
-13021
15200
13876
15864
18707
-5885
10108
3401
-22441
-15623
-12443
18285
25530
-5631
-25068
-23605
11651
31060
15499
-11236
22753
-32573
16918
31770
10919
-18672
28235
-15293
28098
-27350
15555
-17636
-27756
-10015
6792
7531
-21805
-26212
-20583
4744
9834
-3492
1880
-3884
1777
-4276
